solid OpenSCAD_Model
  facet normal 0 -0.917556 0.397607
    outer loop
      vertex 35 8 3
      vertex 38.4 10.6 9
      vertex 37.6 10.6 9
    endloop
  endfacet
  facet normal 0 -0.917556 0.397607
    outer loop
      vertex 38.4 10.6 9
      vertex 35 8 3
      vertex 41 8 3
    endloop
  endfacet
  facet normal 0 0.917556 0.397607
    outer loop
      vertex 41 14 3
      vertex 37.6 11.4 9
      vertex 38.4 11.4 9
    endloop
  endfacet
  facet normal 0 0.917556 0.397607
    outer loop
      vertex 37.6 11.4 9
      vertex 41 14 3
      vertex 35 14 3
    endloop
  endfacet
  facet normal -0.917556 0 0.397607
    outer loop
      vertex 35 14 3
      vertex 37.6 10.6 9
      vertex 37.6 11.4 9
    endloop
  endfacet
  facet normal -0.917556 0 0.397607
    outer loop
      vertex 37.6 10.6 9
      vertex 35 14 3
      vertex 35 8 3
    endloop
  endfacet
  facet normal -0 0 1
    outer loop
      vertex -2.5 21.5 3
      vertex 0 18 3
      vertex 0 24 3
    endloop
  endfacet
  facet normal 0 0 1
    outer loop
      vertex 0 18 3
      vertex -2.5 21.5 3
      vertex 0 4 3
    endloop
  endfacet
  facet normal 0 0 1
    outer loop
      vertex -2.5 0.5 3
      vertex 0 4 3
      vertex -2.5 21.5 3
    endloop
  endfacet
  facet normal -0 0 1
    outer loop
      vertex -5.47609 24 3
      vertex -2.5 21.5 3
      vertex 0 24 3
    endloop
  endfacet
  facet normal 0 0 1
    outer loop
      vertex -2.5 21.5 3
      vertex -5.47609 24 3
      vertex -5.47609 21.5 3
    endloop
  endfacet
  facet normal 0 0 1
    outer loop
      vertex 0 4 3
      vertex -2.5 0.5 3
      vertex 0 -2 3
    endloop
  endfacet
  facet normal 0 0 1
    outer loop
      vertex -5.47609 -2 3
      vertex -2.5 0.5 3
      vertex -5.47609 0.5 3
    endloop
  endfacet
  facet normal 0 0 1
    outer loop
      vertex -2.5 0.5 3
      vertex -5.47609 -2 3
      vertex 0 -2 3
    endloop
  endfacet
  facet normal 0 0 1
    outer loop
      vertex 48.0257 5.23158 3
      vertex 40.9743 5.23158 3
      vertex 41 4.84 3
    endloop
  endfacet
  facet normal 0 0 1
    outer loop
      vertex 48.1022 5.61646 3
      vertex 40.8978 5.61646 3
      vertex 40.9743 5.23158 3
    endloop
  endfacet
  facet normal 0 0 1
    outer loop
      vertex 41 8 3
      vertex 40.7716 5.98805 3
      vertex 40.8978 5.61646 3
    endloop
  endfacet
  facet normal 0 0 1
    outer loop
      vertex 41 8 3
      vertex 40.5981 6.34 3
      vertex 40.7716 5.98805 3
    endloop
  endfacet
  facet normal 0 0 1
    outer loop
      vertex 41 8 3
      vertex 40.3801 6.66628 3
      vertex 40.5981 6.34 3
    endloop
  endfacet
  facet normal 0 0 1
    outer loop
      vertex 41 8 3
      vertex 40.1213 6.96132 3
      vertex 40.3801 6.66628 3
    endloop
  endfacet
  facet normal 0 0 1
    outer loop
      vertex 41 8 3
      vertex 39.8263 7.22006 3
      vertex 40.1213 6.96132 3
    endloop
  endfacet
  facet normal 0 0 1
    outer loop
      vertex 41 8 3
      vertex 39.5 7.43808 3
      vertex 39.8263 7.22006 3
    endloop
  endfacet
  facet normal 0 0 1
    outer loop
      vertex 41 8 3
      vertex 39.148 7.61164 3
      vertex 39.5 7.43808 3
    endloop
  endfacet
  facet normal 0 0 1
    outer loop
      vertex 41 8 3
      vertex 38.7765 7.73778 3
      vertex 39.148 7.61164 3
    endloop
  endfacet
  facet normal 0 0 1
    outer loop
      vertex 41 8 3
      vertex 38.3916 7.81433 3
      vertex 38.7765 7.73778 3
    endloop
  endfacet
  facet normal 0 0 1
    outer loop
      vertex 41 8 3
      vertex 38 7.84 3
      vertex 38.3916 7.81433 3
    endloop
  endfacet
  facet normal -0 0 1
    outer loop
      vertex 35 8 3
      vertex 38 7.84 3
      vertex 41 8 3
    endloop
  endfacet
  facet normal 0 0 1
    outer loop
      vertex 35 8 3
      vertex 37.6084 7.81433 3
      vertex 38 7.84 3
    endloop
  endfacet
  facet normal 0 0 1
    outer loop
      vertex 35 8 3
      vertex 37.2235 7.73778 3
      vertex 37.6084 7.81433 3
    endloop
  endfacet
  facet normal 0 0 1
    outer loop
      vertex 35 8 3
      vertex 36.852 7.61164 3
      vertex 37.2235 7.73778 3
    endloop
  endfacet
  facet normal 0 0 1
    outer loop
      vertex 35 8 3
      vertex 36.5 7.43808 3
      vertex 36.852 7.61164 3
    endloop
  endfacet
  facet normal 0 0 1
    outer loop
      vertex 35 8 3
      vertex 36.1737 7.22006 3
      vertex 36.5 7.43808 3
    endloop
  endfacet
  facet normal 0 0 1
    outer loop
      vertex 35 8 3
      vertex 35.8787 6.96132 3
      vertex 36.1737 7.22006 3
    endloop
  endfacet
  facet normal 0 0 1
    outer loop
      vertex 35 8 3
      vertex 35.6199 6.66628 3
      vertex 35.8787 6.96132 3
    endloop
  endfacet
  facet normal 0 0 1
    outer loop
      vertex 35 8 3
      vertex 35.4019 6.34 3
      vertex 35.6199 6.66628 3
    endloop
  endfacet
  facet normal 0 0 1
    outer loop
      vertex 35 8 3
      vertex 35.2284 5.98805 3
      vertex 35.4019 6.34 3
    endloop
  endfacet
  facet normal 0 0 1
    outer loop
      vertex 35 8 3
      vertex 35.1022 5.61646 3
      vertex 35.2284 5.98805 3
    endloop
  endfacet
  facet normal 0 0 1
    outer loop
      vertex 35 8 3
      vertex 35.0257 5.23158 3
      vertex 35.1022 5.61646 3
    endloop
  endfacet
  facet normal 0 0 1
    outer loop
      vertex 30.3519 14.3884 3
      vertex 35.0257 5.23158 3
      vertex 35 8 3
    endloop
  endfacet
  facet normal 0 0 1
    outer loop
      vertex 61.0257 5.23158 3
      vertex 53.9743 5.23158 3
      vertex 54 4.84 3
    endloop
  endfacet
  facet normal 0 0 1
    outer loop
      vertex 61.1022 5.61646 3
      vertex 53.8978 5.61646 3
      vertex 53.9743 5.23158 3
    endloop
  endfacet
  facet normal 0 0 1
    outer loop
      vertex 54 8 3
      vertex 53.7716 5.98805 3
      vertex 53.8978 5.61646 3
    endloop
  endfacet
  facet normal 0 0 1
    outer loop
      vertex 54 8 3
      vertex 53.5981 6.34 3
      vertex 53.7716 5.98805 3
    endloop
  endfacet
  facet normal 0 0 1
    outer loop
      vertex 54 8 3
      vertex 53.3801 6.66628 3
      vertex 53.5981 6.34 3
    endloop
  endfacet
  facet normal 0 0 1
    outer loop
      vertex 54 8 3
      vertex 53.1213 6.96132 3
      vertex 53.3801 6.66628 3
    endloop
  endfacet
  facet normal 0 0 1
    outer loop
      vertex 54 8 3
      vertex 52.8263 7.22006 3
      vertex 53.1213 6.96132 3
    endloop
  endfacet
  facet normal 0 0 1
    outer loop
      vertex 54 8 3
      vertex 52.5 7.43808 3
      vertex 52.8263 7.22006 3
    endloop
  endfacet
  facet normal 0 0 1
    outer loop
      vertex 54 8 3
      vertex 52.148 7.61164 3
      vertex 52.5 7.43808 3
    endloop
  endfacet
  facet normal 0 0 1
    outer loop
      vertex 54 8 3
      vertex 51.7765 7.73778 3
      vertex 52.148 7.61164 3
    endloop
  endfacet
  facet normal 0 0 1
    outer loop
      vertex 54 8 3
      vertex 51.3916 7.81433 3
      vertex 51.7765 7.73778 3
    endloop
  endfacet
  facet normal 0 0 1
    outer loop
      vertex 54 8 3
      vertex 51 7.84 3
      vertex 51.3916 7.81433 3
    endloop
  endfacet
  facet normal -0 0 1
    outer loop
      vertex 48 8 3
      vertex 51 7.84 3
      vertex 54 8 3
    endloop
  endfacet
  facet normal 0 0 1
    outer loop
      vertex 48 8 3
      vertex 50.6084 7.81433 3
      vertex 51 7.84 3
    endloop
  endfacet
  facet normal 0 0 1
    outer loop
      vertex 48 8 3
      vertex 50.2235 7.73778 3
      vertex 50.6084 7.81433 3
    endloop
  endfacet
  facet normal 0 0 1
    outer loop
      vertex 48 8 3
      vertex 49.852 7.61164 3
      vertex 50.2235 7.73778 3
    endloop
  endfacet
  facet normal 0 0 1
    outer loop
      vertex 48 8 3
      vertex 49.5 7.43808 3
      vertex 49.852 7.61164 3
    endloop
  endfacet
  facet normal 0 0 1
    outer loop
      vertex 48 8 3
      vertex 49.1737 7.22006 3
      vertex 49.5 7.43808 3
    endloop
  endfacet
  facet normal 0 0 1
    outer loop
      vertex 48 8 3
      vertex 48.8787 6.96132 3
      vertex 49.1737 7.22006 3
    endloop
  endfacet
  facet normal 0 0 1
    outer loop
      vertex 48 8 3
      vertex 48.6199 6.66628 3
      vertex 48.8787 6.96132 3
    endloop
  endfacet
  facet normal 0 0 1
    outer loop
      vertex 48 8 3
      vertex 48.4019 6.34 3
      vertex 48.6199 6.66628 3
    endloop
  endfacet
  facet normal 0 0 1
    outer loop
      vertex 48 8 3
      vertex 48.2284 5.98805 3
      vertex 48.4019 6.34 3
    endloop
  endfacet
  facet normal 0 0 1
    outer loop
      vertex 48 8 3
      vertex 48.1022 5.61646 3
      vertex 48.2284 5.98805 3
    endloop
  endfacet
  facet normal -0 0 1
    outer loop
      vertex 41 8 3
      vertex 48.1022 5.61646 3
      vertex 48 8 3
    endloop
  endfacet
  facet normal 0 0 1
    outer loop
      vertex 40.8978 5.61646 3
      vertex 48.1022 5.61646 3
      vertex 41 8 3
    endloop
  endfacet
  facet normal 0 0 1
    outer loop
      vertex 74.0257 5.23158 3
      vertex 66.9743 5.23158 3
      vertex 67 4.84 3
    endloop
  endfacet
  facet normal 0 0 1
    outer loop
      vertex 74.1022 5.61646 3
      vertex 66.8978 5.61646 3
      vertex 66.9743 5.23158 3
    endloop
  endfacet
  facet normal 0 0 1
    outer loop
      vertex 67 8 3
      vertex 66.7716 5.98805 3
      vertex 66.8978 5.61646 3
    endloop
  endfacet
  facet normal 0 0 1
    outer loop
      vertex 67 8 3
      vertex 66.5981 6.34 3
      vertex 66.7716 5.98805 3
    endloop
  endfacet
  facet normal 0 0 1
    outer loop
      vertex 67 8 3
      vertex 66.3801 6.66628 3
      vertex 66.5981 6.34 3
    endloop
  endfacet
  facet normal 0 0 1
    outer loop
      vertex 67 8 3
      vertex 66.1213 6.96132 3
      vertex 66.3801 6.66628 3
    endloop
  endfacet
  facet normal 0 0 1
    outer loop
      vertex 67 8 3
      vertex 65.8263 7.22006 3
      vertex 66.1213 6.96132 3
    endloop
  endfacet
  facet normal 0 0 1
    outer loop
      vertex 67 8 3
      vertex 65.5 7.43808 3
      vertex 65.8263 7.22006 3
    endloop
  endfacet
  facet normal 0 0 1
    outer loop
      vertex 67 8 3
      vertex 65.148 7.61164 3
      vertex 65.5 7.43808 3
    endloop
  endfacet
  facet normal 0 0 1
    outer loop
      vertex 67 8 3
      vertex 64.7765 7.73778 3
      vertex 65.148 7.61164 3
    endloop
  endfacet
  facet normal 0 0 1
    outer loop
      vertex 67 8 3
      vertex 64.3916 7.81433 3
      vertex 64.7765 7.73778 3
    endloop
  endfacet
  facet normal 0 0 1
    outer loop
      vertex 67 8 3
      vertex 64 7.84 3
      vertex 64.3916 7.81433 3
    endloop
  endfacet
  facet normal -0 0 1
    outer loop
      vertex 61 8 3
      vertex 64 7.84 3
      vertex 67 8 3
    endloop
  endfacet
  facet normal 0 0 1
    outer loop
      vertex 61 8 3
      vertex 63.6084 7.81433 3
      vertex 64 7.84 3
    endloop
  endfacet
  facet normal 0 0 1
    outer loop
      vertex 61 8 3
      vertex 63.2235 7.73778 3
      vertex 63.6084 7.81433 3
    endloop
  endfacet
  facet normal 0 0 1
    outer loop
      vertex 61 8 3
      vertex 62.852 7.61164 3
      vertex 63.2235 7.73778 3
    endloop
  endfacet
  facet normal 0 0 1
    outer loop
      vertex 61 8 3
      vertex 62.5 7.43808 3
      vertex 62.852 7.61164 3
    endloop
  endfacet
  facet normal 0 0 1
    outer loop
      vertex 61 8 3
      vertex 62.1737 7.22006 3
      vertex 62.5 7.43808 3
    endloop
  endfacet
  facet normal 0 0 1
    outer loop
      vertex 61 8 3
      vertex 61.8787 6.96132 3
      vertex 62.1737 7.22006 3
    endloop
  endfacet
  facet normal 0 0 1
    outer loop
      vertex 61 8 3
      vertex 61.6199 6.66628 3
      vertex 61.8787 6.96132 3
    endloop
  endfacet
  facet normal 0 0 1
    outer loop
      vertex 61 8 3
      vertex 61.4019 6.34 3
      vertex 61.6199 6.66628 3
    endloop
  endfacet
  facet normal 0 0 1
    outer loop
      vertex 61 8 3
      vertex 61.2284 5.98805 3
      vertex 61.4019 6.34 3
    endloop
  endfacet
  facet normal 0 0 1
    outer loop
      vertex 61 8 3
      vertex 61.1022 5.61646 3
      vertex 61.2284 5.98805 3
    endloop
  endfacet
  facet normal -0 0 1
    outer loop
      vertex 54 8 3
      vertex 61.1022 5.61646 3
      vertex 61 8 3
    endloop
  endfacet
  facet normal 0 0 1
    outer loop
      vertex 53.8978 5.61646 3
      vertex 61.1022 5.61646 3
      vertex 54 8 3
    endloop
  endfacet
  facet normal 0 0 1
    outer loop
      vertex 87.0257 5.23158 3
      vertex 79.9743 5.23158 3
      vertex 80 4.84 3
    endloop
  endfacet
  facet normal 0 0 1
    outer loop
      vertex 87.1022 5.61646 3
      vertex 79.8978 5.61646 3
      vertex 79.9743 5.23158 3
    endloop
  endfacet
  facet normal 0 0 1
    outer loop
      vertex 80 8 3
      vertex 79.7716 5.98805 3
      vertex 79.8978 5.61646 3
    endloop
  endfacet
  facet normal 0 0 1
    outer loop
      vertex 80 8 3
      vertex 79.5981 6.34 3
      vertex 79.7716 5.98805 3
    endloop
  endfacet
  facet normal 0 0 1
    outer loop
      vertex 80 8 3
      vertex 79.3801 6.66628 3
      vertex 79.5981 6.34 3
    endloop
  endfacet
  facet normal 0 0 1
    outer loop
      vertex 80 8 3
      vertex 79.1213 6.96132 3
      vertex 79.3801 6.66628 3
    endloop
  endfacet
  facet normal 0 0 1
    outer loop
      vertex 80 8 3
      vertex 78.8263 7.22006 3
      vertex 79.1213 6.96132 3
    endloop
  endfacet
  facet normal 0 0 1
    outer loop
      vertex 80 8 3
      vertex 78.5 7.43808 3
      vertex 78.8263 7.22006 3
    endloop
  endfacet
  facet normal 0 0 1
    outer loop
      vertex 80 8 3
      vertex 78.148 7.61164 3
      vertex 78.5 7.43808 3
    endloop
  endfacet
  facet normal 0 0 1
    outer loop
      vertex 80 8 3
      vertex 77.7765 7.73778 3
      vertex 78.148 7.61164 3
    endloop
  endfacet
  facet normal 0 0 1
    outer loop
      vertex 80 8 3
      vertex 77.3916 7.81433 3
      vertex 77.7765 7.73778 3
    endloop
  endfacet
  facet normal 0 0 1
    outer loop
      vertex 80 8 3
      vertex 77 7.84 3
      vertex 77.3916 7.81433 3
    endloop
  endfacet
  facet normal -0 0 1
    outer loop
      vertex 74 8 3
      vertex 77 7.84 3
      vertex 80 8 3
    endloop
  endfacet
  facet normal 0 0 1
    outer loop
      vertex 74 8 3
      vertex 76.6084 7.81433 3
      vertex 77 7.84 3
    endloop
  endfacet
  facet normal 0 0 1
    outer loop
      vertex 74 8 3
      vertex 76.2235 7.73778 3
      vertex 76.6084 7.81433 3
    endloop
  endfacet
  facet normal 0 0 1
    outer loop
      vertex 74 8 3
      vertex 75.852 7.61164 3
      vertex 76.2235 7.73778 3
    endloop
  endfacet
  facet normal 0 0 1
    outer loop
      vertex 74 8 3
      vertex 75.5 7.43808 3
      vertex 75.852 7.61164 3
    endloop
  endfacet
  facet normal 0 0 1
    outer loop
      vertex 74 8 3
      vertex 75.1737 7.22006 3
      vertex 75.5 7.43808 3
    endloop
  endfacet
  facet normal 0 0 1
    outer loop
      vertex 74 8 3
      vertex 74.8787 6.96132 3
      vertex 75.1737 7.22006 3
    endloop
  endfacet
  facet normal 0 0 1
    outer loop
      vertex 74 8 3
      vertex 74.6199 6.66628 3
      vertex 74.8787 6.96132 3
    endloop
  endfacet
  facet normal 0 0 1
    outer loop
      vertex 74 8 3
      vertex 74.4019 6.34 3
      vertex 74.6199 6.66628 3
    endloop
  endfacet
  facet normal 0 0 1
    outer loop
      vertex 74 8 3
      vertex 74.2284 5.98805 3
      vertex 74.4019 6.34 3
    endloop
  endfacet
  facet normal 0 0 1
    outer loop
      vertex 74 8 3
      vertex 74.1022 5.61646 3
      vertex 74.2284 5.98805 3
    endloop
  endfacet
  facet normal -0 0 1
    outer loop
      vertex 67 8 3
      vertex 74.1022 5.61646 3
      vertex 74 8 3
    endloop
  endfacet
  facet normal 0 0 1
    outer loop
      vertex 66.8978 5.61646 3
      vertex 74.1022 5.61646 3
      vertex 67 8 3
    endloop
  endfacet
  facet normal 0 0 1
    outer loop
      vertex 100.026 5.23158 3
      vertex 92.9743 5.23158 3
      vertex 93 4.84 3
    endloop
  endfacet
  facet normal 0 0 1
    outer loop
      vertex 100.102 5.61646 3
      vertex 92.8978 5.61646 3
      vertex 92.9743 5.23158 3
    endloop
  endfacet
  facet normal 0 0 1
    outer loop
      vertex 93 8 3
      vertex 92.7716 5.98805 3
      vertex 92.8978 5.61646 3
    endloop
  endfacet
  facet normal 0 0 1
    outer loop
      vertex 93 8 3
      vertex 92.5981 6.34 3
      vertex 92.7716 5.98805 3
    endloop
  endfacet
  facet normal 0 0 1
    outer loop
      vertex 93 8 3
      vertex 92.3801 6.66628 3
      vertex 92.5981 6.34 3
    endloop
  endfacet
  facet normal 0 0 1
    outer loop
      vertex 93 8 3
      vertex 92.1213 6.96132 3
      vertex 92.3801 6.66628 3
    endloop
  endfacet
  facet normal 0 0 1
    outer loop
      vertex 93 8 3
      vertex 91.8263 7.22006 3
      vertex 92.1213 6.96132 3
    endloop
  endfacet
  facet normal 0 0 1
    outer loop
      vertex 93 8 3
      vertex 91.5 7.43808 3
      vertex 91.8263 7.22006 3
    endloop
  endfacet
  facet normal 0 0 1
    outer loop
      vertex 93 8 3
      vertex 91.148 7.61164 3
      vertex 91.5 7.43808 3
    endloop
  endfacet
  facet normal 0 0 1
    outer loop
      vertex 93 8 3
      vertex 90.7765 7.73778 3
      vertex 91.148 7.61164 3
    endloop
  endfacet
  facet normal 0 0 1
    outer loop
      vertex 93 8 3
      vertex 90.3916 7.81433 3
      vertex 90.7765 7.73778 3
    endloop
  endfacet
  facet normal 0 0 1
    outer loop
      vertex 93 8 3
      vertex 90 7.84 3
      vertex 90.3916 7.81433 3
    endloop
  endfacet
  facet normal -0 0 1
    outer loop
      vertex 87 8 3
      vertex 90 7.84 3
      vertex 93 8 3
    endloop
  endfacet
  facet normal 0 0 1
    outer loop
      vertex 87 8 3
      vertex 89.6084 7.81433 3
      vertex 90 7.84 3
    endloop
  endfacet
  facet normal 0 0 1
    outer loop
      vertex 87 8 3
      vertex 89.2235 7.73778 3
      vertex 89.6084 7.81433 3
    endloop
  endfacet
  facet normal 0 0 1
    outer loop
      vertex 87 8 3
      vertex 88.852 7.61164 3
      vertex 89.2235 7.73778 3
    endloop
  endfacet
  facet normal 0 0 1
    outer loop
      vertex 87 8 3
      vertex 88.5 7.43808 3
      vertex 88.852 7.61164 3
    endloop
  endfacet
  facet normal 0 0 1
    outer loop
      vertex 87 8 3
      vertex 88.1737 7.22006 3
      vertex 88.5 7.43808 3
    endloop
  endfacet
  facet normal 0 0 1
    outer loop
      vertex 87 8 3
      vertex 87.8787 6.96132 3
      vertex 88.1737 7.22006 3
    endloop
  endfacet
  facet normal 0 0 1
    outer loop
      vertex 87 8 3
      vertex 87.6199 6.66628 3
      vertex 87.8787 6.96132 3
    endloop
  endfacet
  facet normal 0 0 1
    outer loop
      vertex 87 8 3
      vertex 87.4019 6.34 3
      vertex 87.6199 6.66628 3
    endloop
  endfacet
  facet normal 0 0 1
    outer loop
      vertex 87 8 3
      vertex 87.2284 5.98805 3
      vertex 87.4019 6.34 3
    endloop
  endfacet
  facet normal 0 0 1
    outer loop
      vertex 87 8 3
      vertex 87.1022 5.61646 3
      vertex 87.2284 5.98805 3
    endloop
  endfacet
  facet normal -0 0 1
    outer loop
      vertex 80 8 3
      vertex 87.1022 5.61646 3
      vertex 87 8 3
    endloop
  endfacet
  facet normal 0 0 1
    outer loop
      vertex 79.8978 5.61646 3
      vertex 87.1022 5.61646 3
      vertex 80 8 3
    endloop
  endfacet
  facet normal 0 0 1
    outer loop
      vertex 113.026 5.23158 3
      vertex 105.974 5.23158 3
      vertex 106 4.84 3
    endloop
  endfacet
  facet normal 0 0 1
    outer loop
      vertex 113.102 5.61646 3
      vertex 105.898 5.61646 3
      vertex 105.974 5.23158 3
    endloop
  endfacet
  facet normal 0 0 1
    outer loop
      vertex 106 8 3
      vertex 105.772 5.98805 3
      vertex 105.898 5.61646 3
    endloop
  endfacet
  facet normal 0 0 1
    outer loop
      vertex 106 8 3
      vertex 105.598 6.34 3
      vertex 105.772 5.98805 3
    endloop
  endfacet
  facet normal 0 0 1
    outer loop
      vertex 106 8 3
      vertex 105.38 6.66628 3
      vertex 105.598 6.34 3
    endloop
  endfacet
  facet normal 0 0 1
    outer loop
      vertex 106 8 3
      vertex 105.121 6.96132 3
      vertex 105.38 6.66628 3
    endloop
  endfacet
  facet normal 0 0 1
    outer loop
      vertex 106 8 3
      vertex 104.826 7.22006 3
      vertex 105.121 6.96132 3
    endloop
  endfacet
  facet normal 0 0 1
    outer loop
      vertex 106 8 3
      vertex 104.5 7.43808 3
      vertex 104.826 7.22006 3
    endloop
  endfacet
  facet normal 0 0 1
    outer loop
      vertex 106 8 3
      vertex 104.148 7.61164 3
      vertex 104.5 7.43808 3
    endloop
  endfacet
  facet normal 0 0 1
    outer loop
      vertex 106 8 3
      vertex 103.776 7.73778 3
      vertex 104.148 7.61164 3
    endloop
  endfacet
  facet normal 0 0 1
    outer loop
      vertex 106 8 3
      vertex 103.392 7.81433 3
      vertex 103.776 7.73778 3
    endloop
  endfacet
  facet normal 0 0 1
    outer loop
      vertex 106 8 3
      vertex 103 7.84 3
      vertex 103.392 7.81433 3
    endloop
  endfacet
  facet normal -0 0 1
    outer loop
      vertex 100 8 3
      vertex 103 7.84 3
      vertex 106 8 3
    endloop
  endfacet
  facet normal 0 0 1
    outer loop
      vertex 100 8 3
      vertex 102.608 7.81433 3
      vertex 103 7.84 3
    endloop
  endfacet
  facet normal 0 0 1
    outer loop
      vertex 100 8 3
      vertex 102.224 7.73778 3
      vertex 102.608 7.81433 3
    endloop
  endfacet
  facet normal 0 0 1
    outer loop
      vertex 100 8 3
      vertex 101.852 7.61164 3
      vertex 102.224 7.73778 3
    endloop
  endfacet
  facet normal 0 0 1
    outer loop
      vertex 100 8 3
      vertex 101.5 7.43808 3
      vertex 101.852 7.61164 3
    endloop
  endfacet
  facet normal 0 0 1
    outer loop
      vertex 100 8 3
      vertex 101.174 7.22006 3
      vertex 101.5 7.43808 3
    endloop
  endfacet
  facet normal 0 0 1
    outer loop
      vertex 100 8 3
      vertex 100.879 6.96132 3
      vertex 101.174 7.22006 3
    endloop
  endfacet
  facet normal 0 0 1
    outer loop
      vertex 100 8 3
      vertex 100.62 6.66628 3
      vertex 100.879 6.96132 3
    endloop
  endfacet
  facet normal 0 0 1
    outer loop
      vertex 100 8 3
      vertex 100.402 6.34 3
      vertex 100.62 6.66628 3
    endloop
  endfacet
  facet normal 0 0 1
    outer loop
      vertex 100 8 3
      vertex 100.228 5.98805 3
      vertex 100.402 6.34 3
    endloop
  endfacet
  facet normal 0 0 1
    outer loop
      vertex 100 8 3
      vertex 100.102 5.61646 3
      vertex 100.228 5.98805 3
    endloop
  endfacet
  facet normal -0 0 1
    outer loop
      vertex 93 8 3
      vertex 100.102 5.61646 3
      vertex 100 8 3
    endloop
  endfacet
  facet normal 0 0 1
    outer loop
      vertex 92.8978 5.61646 3
      vertex 100.102 5.61646 3
      vertex 93 8 3
    endloop
  endfacet
  facet normal 0 0 1
    outer loop
      vertex 126.026 5.23158 3
      vertex 118.974 5.23158 3
      vertex 119 4.84 3
    endloop
  endfacet
  facet normal 0 0 1
    outer loop
      vertex 126.102 5.61646 3
      vertex 118.898 5.61646 3
      vertex 118.974 5.23158 3
    endloop
  endfacet
  facet normal 0 0 1
    outer loop
      vertex 119 8 3
      vertex 118.772 5.98805 3
      vertex 118.898 5.61646 3
    endloop
  endfacet
  facet normal 0 0 1
    outer loop
      vertex 119 8 3
      vertex 118.598 6.34 3
      vertex 118.772 5.98805 3
    endloop
  endfacet
  facet normal 0 0 1
    outer loop
      vertex 119 8 3
      vertex 118.38 6.66628 3
      vertex 118.598 6.34 3
    endloop
  endfacet
  facet normal 0 0 1
    outer loop
      vertex 119 8 3
      vertex 118.121 6.96132 3
      vertex 118.38 6.66628 3
    endloop
  endfacet
  facet normal 0 0 1
    outer loop
      vertex 119 8 3
      vertex 117.826 7.22006 3
      vertex 118.121 6.96132 3
    endloop
  endfacet
  facet normal 0 0 1
    outer loop
      vertex 119 8 3
      vertex 117.5 7.43808 3
      vertex 117.826 7.22006 3
    endloop
  endfacet
  facet normal 0 0 1
    outer loop
      vertex 119 8 3
      vertex 117.148 7.61164 3
      vertex 117.5 7.43808 3
    endloop
  endfacet
  facet normal 0 0 1
    outer loop
      vertex 119 8 3
      vertex 116.776 7.73778 3
      vertex 117.148 7.61164 3
    endloop
  endfacet
  facet normal 0 0 1
    outer loop
      vertex 119 8 3
      vertex 116.392 7.81433 3
      vertex 116.776 7.73778 3
    endloop
  endfacet
  facet normal 0 0 1
    outer loop
      vertex 119 8 3
      vertex 116 7.84 3
      vertex 116.392 7.81433 3
    endloop
  endfacet
  facet normal -0 0 1
    outer loop
      vertex 113 8 3
      vertex 116 7.84 3
      vertex 119 8 3
    endloop
  endfacet
  facet normal 0 0 1
    outer loop
      vertex 113 8 3
      vertex 115.608 7.81433 3
      vertex 116 7.84 3
    endloop
  endfacet
  facet normal 0 0 1
    outer loop
      vertex 113 8 3
      vertex 115.224 7.73778 3
      vertex 115.608 7.81433 3
    endloop
  endfacet
  facet normal 0 0 1
    outer loop
      vertex 113 8 3
      vertex 114.852 7.61164 3
      vertex 115.224 7.73778 3
    endloop
  endfacet
  facet normal 0 0 1
    outer loop
      vertex 113 8 3
      vertex 114.5 7.43808 3
      vertex 114.852 7.61164 3
    endloop
  endfacet
  facet normal 0 0 1
    outer loop
      vertex 113 8 3
      vertex 114.174 7.22006 3
      vertex 114.5 7.43808 3
    endloop
  endfacet
  facet normal 0 0 1
    outer loop
      vertex 113 8 3
      vertex 113.879 6.96132 3
      vertex 114.174 7.22006 3
    endloop
  endfacet
  facet normal 0 0 1
    outer loop
      vertex 113 8 3
      vertex 113.62 6.66628 3
      vertex 113.879 6.96132 3
    endloop
  endfacet
  facet normal 0 0 1
    outer loop
      vertex 113 8 3
      vertex 113.402 6.34 3
      vertex 113.62 6.66628 3
    endloop
  endfacet
  facet normal 0 0 1
    outer loop
      vertex 113 8 3
      vertex 113.228 5.98805 3
      vertex 113.402 6.34 3
    endloop
  endfacet
  facet normal 0 0 1
    outer loop
      vertex 113 8 3
      vertex 113.102 5.61646 3
      vertex 113.228 5.98805 3
    endloop
  endfacet
  facet normal -0 0 1
    outer loop
      vertex 106 8 3
      vertex 113.102 5.61646 3
      vertex 113 8 3
    endloop
  endfacet
  facet normal 0 0 1
    outer loop
      vertex 105.898 5.61646 3
      vertex 113.102 5.61646 3
      vertex 106 8 3
    endloop
  endfacet
  facet normal 0 0 1
    outer loop
      vertex 139.026 5.23158 3
      vertex 131.974 5.23158 3
      vertex 132 4.84 3
    endloop
  endfacet
  facet normal 0 0 1
    outer loop
      vertex 139.102 5.61646 3
      vertex 131.898 5.61646 3
      vertex 131.974 5.23158 3
    endloop
  endfacet
  facet normal 0 0 1
    outer loop
      vertex 132 8 3
      vertex 131.772 5.98805 3
      vertex 131.898 5.61646 3
    endloop
  endfacet
  facet normal 0 0 1
    outer loop
      vertex 132 8 3
      vertex 131.598 6.34 3
      vertex 131.772 5.98805 3
    endloop
  endfacet
  facet normal 0 0 1
    outer loop
      vertex 132 8 3
      vertex 131.38 6.66628 3
      vertex 131.598 6.34 3
    endloop
  endfacet
  facet normal 0 0 1
    outer loop
      vertex 132 8 3
      vertex 131.121 6.96132 3
      vertex 131.38 6.66628 3
    endloop
  endfacet
  facet normal 0 0 1
    outer loop
      vertex 132 8 3
      vertex 130.826 7.22006 3
      vertex 131.121 6.96132 3
    endloop
  endfacet
  facet normal 0 0 1
    outer loop
      vertex 132 8 3
      vertex 130.5 7.43808 3
      vertex 130.826 7.22006 3
    endloop
  endfacet
  facet normal 0 0 1
    outer loop
      vertex 132 8 3
      vertex 130.148 7.61164 3
      vertex 130.5 7.43808 3
    endloop
  endfacet
  facet normal 0 0 1
    outer loop
      vertex 132 8 3
      vertex 129.776 7.73778 3
      vertex 130.148 7.61164 3
    endloop
  endfacet
  facet normal 0 0 1
    outer loop
      vertex 132 8 3
      vertex 129.392 7.81433 3
      vertex 129.776 7.73778 3
    endloop
  endfacet
  facet normal 0 0 1
    outer loop
      vertex 132 8 3
      vertex 129 7.84 3
      vertex 129.392 7.81433 3
    endloop
  endfacet
  facet normal -0 0 1
    outer loop
      vertex 126 8 3
      vertex 129 7.84 3
      vertex 132 8 3
    endloop
  endfacet
  facet normal 0 0 1
    outer loop
      vertex 126 8 3
      vertex 128.608 7.81433 3
      vertex 129 7.84 3
    endloop
  endfacet
  facet normal 0 0 1
    outer loop
      vertex 126 8 3
      vertex 128.224 7.73778 3
      vertex 128.608 7.81433 3
    endloop
  endfacet
  facet normal 0 0 1
    outer loop
      vertex 126 8 3
      vertex 127.852 7.61164 3
      vertex 128.224 7.73778 3
    endloop
  endfacet
  facet normal 0 0 1
    outer loop
      vertex 126 8 3
      vertex 127.5 7.43808 3
      vertex 127.852 7.61164 3
    endloop
  endfacet
  facet normal 0 0 1
    outer loop
      vertex 126 8 3
      vertex 127.174 7.22006 3
      vertex 127.5 7.43808 3
    endloop
  endfacet
  facet normal 0 0 1
    outer loop
      vertex 126 8 3
      vertex 126.879 6.96132 3
      vertex 127.174 7.22006 3
    endloop
  endfacet
  facet normal 0 0 1
    outer loop
      vertex 126 8 3
      vertex 126.62 6.66628 3
      vertex 126.879 6.96132 3
    endloop
  endfacet
  facet normal 0 0 1
    outer loop
      vertex 126 8 3
      vertex 126.402 6.34 3
      vertex 126.62 6.66628 3
    endloop
  endfacet
  facet normal 0 0 1
    outer loop
      vertex 126 8 3
      vertex 126.228 5.98805 3
      vertex 126.402 6.34 3
    endloop
  endfacet
  facet normal 0 0 1
    outer loop
      vertex 126 8 3
      vertex 126.102 5.61646 3
      vertex 126.228 5.98805 3
    endloop
  endfacet
  facet normal -0 0 1
    outer loop
      vertex 119 8 3
      vertex 126.102 5.61646 3
      vertex 126 8 3
    endloop
  endfacet
  facet normal 0 0 1
    outer loop
      vertex 118.898 5.61646 3
      vertex 126.102 5.61646 3
      vertex 119 8 3
    endloop
  endfacet
  facet normal 0 0 1
    outer loop
      vertex 150 14.5619 3
      vertex 144.974 5.23158 3
      vertex 145 4.84 3
    endloop
  endfacet
  facet normal 0 0 1
    outer loop
      vertex 145 8 3
      vertex 144.898 5.61646 3
      vertex 144.974 5.23158 3
    endloop
  endfacet
  facet normal 0 0 1
    outer loop
      vertex 145 8 3
      vertex 144.772 5.98805 3
      vertex 144.898 5.61646 3
    endloop
  endfacet
  facet normal 0 0 1
    outer loop
      vertex 145 8 3
      vertex 144.598 6.34 3
      vertex 144.772 5.98805 3
    endloop
  endfacet
  facet normal 0 0 1
    outer loop
      vertex 145 8 3
      vertex 144.38 6.66628 3
      vertex 144.598 6.34 3
    endloop
  endfacet
  facet normal 0 0 1
    outer loop
      vertex 145 8 3
      vertex 144.121 6.96132 3
      vertex 144.38 6.66628 3
    endloop
  endfacet
  facet normal 0 0 1
    outer loop
      vertex 145 8 3
      vertex 143.826 7.22006 3
      vertex 144.121 6.96132 3
    endloop
  endfacet
  facet normal 0 0 1
    outer loop
      vertex 145 8 3
      vertex 143.5 7.43808 3
      vertex 143.826 7.22006 3
    endloop
  endfacet
  facet normal 0 0 1
    outer loop
      vertex 145 8 3
      vertex 143.148 7.61164 3
      vertex 143.5 7.43808 3
    endloop
  endfacet
  facet normal 0 0 1
    outer loop
      vertex 145 8 3
      vertex 142.776 7.73778 3
      vertex 143.148 7.61164 3
    endloop
  endfacet
  facet normal 0 0 1
    outer loop
      vertex 145 8 3
      vertex 142.392 7.81433 3
      vertex 142.776 7.73778 3
    endloop
  endfacet
  facet normal 0 0 1
    outer loop
      vertex 145 8 3
      vertex 142 7.84 3
      vertex 142.392 7.81433 3
    endloop
  endfacet
  facet normal -0 0 1
    outer loop
      vertex 139 8 3
      vertex 142 7.84 3
      vertex 145 8 3
    endloop
  endfacet
  facet normal 0 0 1
    outer loop
      vertex 139 8 3
      vertex 141.608 7.81433 3
      vertex 142 7.84 3
    endloop
  endfacet
  facet normal 0 0 1
    outer loop
      vertex 139 8 3
      vertex 141.224 7.73778 3
      vertex 141.608 7.81433 3
    endloop
  endfacet
  facet normal 0 0 1
    outer loop
      vertex 139 8 3
      vertex 140.852 7.61164 3
      vertex 141.224 7.73778 3
    endloop
  endfacet
  facet normal 0 0 1
    outer loop
      vertex 139 8 3
      vertex 140.5 7.43808 3
      vertex 140.852 7.61164 3
    endloop
  endfacet
  facet normal 0 0 1
    outer loop
      vertex 139 8 3
      vertex 140.174 7.22006 3
      vertex 140.5 7.43808 3
    endloop
  endfacet
  facet normal 0 0 1
    outer loop
      vertex 139 8 3
      vertex 139.879 6.96132 3
      vertex 140.174 7.22006 3
    endloop
  endfacet
  facet normal 0 0 1
    outer loop
      vertex 139 8 3
      vertex 139.62 6.66628 3
      vertex 139.879 6.96132 3
    endloop
  endfacet
  facet normal 0 0 1
    outer loop
      vertex 139 8 3
      vertex 139.402 6.34 3
      vertex 139.62 6.66628 3
    endloop
  endfacet
  facet normal 0 0 1
    outer loop
      vertex 139 8 3
      vertex 139.228 5.98805 3
      vertex 139.402 6.34 3
    endloop
  endfacet
  facet normal 0 0 1
    outer loop
      vertex 139 8 3
      vertex 139.102 5.61646 3
      vertex 139.228 5.98805 3
    endloop
  endfacet
  facet normal -0 0 1
    outer loop
      vertex 132 8 3
      vertex 139.102 5.61646 3
      vertex 139 8 3
    endloop
  endfacet
  facet normal 0 0 1
    outer loop
      vertex 131.898 5.61646 3
      vertex 139.102 5.61646 3
      vertex 132 8 3
    endloop
  endfacet
  facet normal 0 0 1
    outer loop
      vertex 176 22 3
      vertex 180 15.7 3
      vertex 180 18 3
    endloop
  endfacet
  facet normal 0 0 1
    outer loop
      vertex 180 15.7 3
      vertex 176 22 3
      vertex 180 6.3 3
    endloop
  endfacet
  facet normal 0 0 1
    outer loop
      vertex 176 22 3
      vertex 180 18 3
      vertex 179.966 18.5221 3
    endloop
  endfacet
  facet normal 0 0 1
    outer loop
      vertex 176 0 3
      vertex 180 6.3 3
      vertex 176 22 3
    endloop
  endfacet
  facet normal 0 0 1
    outer loop
      vertex 176 22 3
      vertex 179.966 18.5221 3
      vertex 179.864 19.0353 3
    endloop
  endfacet
  facet normal 0 0 1
    outer loop
      vertex 180 6.3 3
      vertex 176 0 3
      vertex 180 4 3
    endloop
  endfacet
  facet normal 0 0 1
    outer loop
      vertex 176 22 3
      vertex 179.864 19.0353 3
      vertex 179.696 19.5307 3
    endloop
  endfacet
  facet normal 0 0 1
    outer loop
      vertex 180 4 3
      vertex 176 0 3
      vertex 179.966 3.47789 3
    endloop
  endfacet
  facet normal 0 0 1
    outer loop
      vertex 176 22 3
      vertex 179.696 19.5307 3
      vertex 179.464 20 3
    endloop
  endfacet
  facet normal 0 0 1
    outer loop
      vertex 179.966 3.47789 3
      vertex 176 0 3
      vertex 179.864 2.96472 3
    endloop
  endfacet
  facet normal 0 0 1
    outer loop
      vertex 176 22 3
      vertex 179.464 20 3
      vertex 179.173 20.435 3
    endloop
  endfacet
  facet normal 0 0 1
    outer loop
      vertex 179.864 2.96472 3
      vertex 176 0 3
      vertex 179.696 2.46927 3
    endloop
  endfacet
  facet normal 0 0 1
    outer loop
      vertex 176 22 3
      vertex 179.173 20.435 3
      vertex 178.828 20.8284 3
    endloop
  endfacet
  facet normal 0 0 1
    outer loop
      vertex 179.696 2.46927 3
      vertex 176 0 3
      vertex 179.464 2 3
    endloop
  endfacet
  facet normal 0 0 1
    outer loop
      vertex 176 22 3
      vertex 178.828 20.8284 3
      vertex 178.435 21.1734 3
    endloop
  endfacet
  facet normal 0 0 1
    outer loop
      vertex 179.464 2 3
      vertex 176 0 3
      vertex 179.173 1.56496 3
    endloop
  endfacet
  facet normal 0 0 1
    outer loop
      vertex 176 22 3
      vertex 178.435 21.1734 3
      vertex 178 21.4641 3
    endloop
  endfacet
  facet normal 0 0 1
    outer loop
      vertex 179.173 1.56496 3
      vertex 176 0 3
      vertex 178.828 1.17157 3
    endloop
  endfacet
  facet normal 0 0 1
    outer loop
      vertex 176 22 3
      vertex 178 21.4641 3
      vertex 177.531 21.6955 3
    endloop
  endfacet
  facet normal 0 0 1
    outer loop
      vertex 178.828 1.17157 3
      vertex 176 0 3
      vertex 178.435 0.826584 3
    endloop
  endfacet
  facet normal 0 0 1
    outer loop
      vertex 176 22 3
      vertex 177.531 21.6955 3
      vertex 177.035 21.8637 3
    endloop
  endfacet
  facet normal 0 0 1
    outer loop
      vertex 178.435 0.826584 3
      vertex 176 0 3
      vertex 178 0.535904 3
    endloop
  endfacet
  facet normal 0 0 1
    outer loop
      vertex 176 22 3
      vertex 177.035 21.8637 3
      vertex 176.522 21.9658 3
    endloop
  endfacet
  facet normal 0 0 1
    outer loop
      vertex 178 0.535904 3
      vertex 176 0 3
      vertex 177.531 0.304489 3
    endloop
  endfacet
  facet normal 0 0 1
    outer loop
      vertex 177.531 0.304489 3
      vertex 176 0 3
      vertex 177.035 0.136292 3
    endloop
  endfacet
  facet normal 0 0 1
    outer loop
      vertex 177.035 0.136292 3
      vertex 176 0 3
      vertex 176.522 0.0342255 3
    endloop
  endfacet
  facet normal 0 0 1
    outer loop
      vertex 151.474 16.7684 3
      vertex 176 22 3
      vertex 151.5 17.16 3
    endloop
  endfacet
  facet normal 0 0 1
    outer loop
      vertex 176 22 3
      vertex 151.474 17.5516 3
      vertex 151.5 17.16 3
    endloop
  endfacet
  facet normal 0 0 1
    outer loop
      vertex 176 22 3
      vertex 151.398 17.9365 3
      vertex 151.474 17.5516 3
    endloop
  endfacet
  facet normal 0 0 1
    outer loop
      vertex 176 22 3
      vertex 151.272 18.3081 3
      vertex 151.398 17.9365 3
    endloop
  endfacet
  facet normal 0 0 1
    outer loop
      vertex 176 22 3
      vertex 151.098 18.66 3
      vertex 151.272 18.3081 3
    endloop
  endfacet
  facet normal 0 0 1
    outer loop
      vertex 176 22 3
      vertex 150.88 18.9863 3
      vertex 151.098 18.66 3
    endloop
  endfacet
  facet normal 0 0 1
    outer loop
      vertex 176 22 3
      vertex 150.621 19.2813 3
      vertex 150.88 18.9863 3
    endloop
  endfacet
  facet normal 0 0 1
    outer loop
      vertex 176 22 3
      vertex 150.326 19.5401 3
      vertex 150.621 19.2813 3
    endloop
  endfacet
  facet normal 0 0 1
    outer loop
      vertex 176 22 3
      vertex 150 19.7581 3
      vertex 150.326 19.5401 3
    endloop
  endfacet
  facet normal 0 0 1
    outer loop
      vertex 176 22 3
      vertex 149.648 19.9316 3
      vertex 150 19.7581 3
    endloop
  endfacet
  facet normal 0 0 1
    outer loop
      vertex 176 22 3
      vertex 149.276 20.0578 3
      vertex 149.648 19.9316 3
    endloop
  endfacet
  facet normal 0 0 1
    outer loop
      vertex 176 22 3
      vertex 148.892 20.1343 3
      vertex 149.276 20.0578 3
    endloop
  endfacet
  facet normal 0 0 1
    outer loop
      vertex 176 22 3
      vertex 148.5 20.16 3
      vertex 148.892 20.1343 3
    endloop
  endfacet
  facet normal 0 0 1
    outer loop
      vertex 135.5 20.16 3
      vertex 148.5 20.16 3
      vertex 176 22 3
    endloop
  endfacet
  facet normal 0 0 1
    outer loop
      vertex 138.5 17.16 3
      vertex 145.5 17.16 3
      vertex 145.526 17.5516 3
    endloop
  endfacet
  facet normal 0 0 1
    outer loop
      vertex 145.5 17.16 3
      vertex 138.474 16.7684 3
      vertex 145 14 3
    endloop
  endfacet
  facet normal 0 0 1
    outer loop
      vertex 138.474 17.5516 3
      vertex 145.526 17.5516 3
      vertex 145.602 17.9365 3
    endloop
  endfacet
  facet normal 0 0 1
    outer loop
      vertex 138.398 17.9365 3
      vertex 145.602 17.9365 3
      vertex 145.728 18.3081 3
    endloop
  endfacet
  facet normal 0 0 1
    outer loop
      vertex 138.272 18.3081 3
      vertex 145.728 18.3081 3
      vertex 145.902 18.66 3
    endloop
  endfacet
  facet normal 0 0 1
    outer loop
      vertex 138.098 18.66 3
      vertex 145.902 18.66 3
      vertex 146.12 18.9863 3
    endloop
  endfacet
  facet normal 0 0 1
    outer loop
      vertex 137.88 18.9863 3
      vertex 146.12 18.9863 3
      vertex 146.379 19.2813 3
    endloop
  endfacet
  facet normal 0 0 1
    outer loop
      vertex 137.621 19.2813 3
      vertex 146.379 19.2813 3
      vertex 146.674 19.5401 3
    endloop
  endfacet
  facet normal 0 0 1
    outer loop
      vertex 136.276 14.2622 3
      vertex 139 8 3
      vertex 139 14 3
    endloop
  endfacet
  facet normal 0 0 1
    outer loop
      vertex 145 14 3
      vertex 138.474 16.7684 3
      vertex 139 14 3
    endloop
  endfacet
  facet normal 0 0 1
    outer loop
      vertex 145.5 17.16 3
      vertex 138.5 17.16 3
      vertex 138.474 16.7684 3
    endloop
  endfacet
  facet normal 0 0 1
    outer loop
      vertex 137.326 19.5401 3
      vertex 146.674 19.5401 3
      vertex 147 19.7581 3
    endloop
  endfacet
  facet normal 0 0 1
    outer loop
      vertex 137 19.7581 3
      vertex 147 19.7581 3
      vertex 147.352 19.9316 3
    endloop
  endfacet
  facet normal 0 0 1
    outer loop
      vertex 136.648 19.9316 3
      vertex 147.352 19.9316 3
      vertex 147.724 20.0578 3
    endloop
  endfacet
  facet normal 0 0 1
    outer loop
      vertex 145.526 17.5516 3
      vertex 138.474 17.5516 3
      vertex 138.5 17.16 3
    endloop
  endfacet
  facet normal 0 0 1
    outer loop
      vertex 145.602 17.9365 3
      vertex 138.398 17.9365 3
      vertex 138.474 17.5516 3
    endloop
  endfacet
  facet normal 0 0 1
    outer loop
      vertex 145.728 18.3081 3
      vertex 138.272 18.3081 3
      vertex 138.398 17.9365 3
    endloop
  endfacet
  facet normal 0 0 1
    outer loop
      vertex 136.276 20.0578 3
      vertex 147.724 20.0578 3
      vertex 148.108 20.1343 3
    endloop
  endfacet
  facet normal 0 0 1
    outer loop
      vertex 145.902 18.66 3
      vertex 138.098 18.66 3
      vertex 138.272 18.3081 3
    endloop
  endfacet
  facet normal 0 0 1
    outer loop
      vertex 146.12 18.9863 3
      vertex 137.88 18.9863 3
      vertex 138.098 18.66 3
    endloop
  endfacet
  facet normal 0 0 1
    outer loop
      vertex 146.379 19.2813 3
      vertex 137.621 19.2813 3
      vertex 137.88 18.9863 3
    endloop
  endfacet
  facet normal 0 0 1
    outer loop
      vertex 146.674 19.5401 3
      vertex 137.326 19.5401 3
      vertex 137.621 19.2813 3
    endloop
  endfacet
  facet normal 0 0 1
    outer loop
      vertex 148.5 20.16 3
      vertex 135.5 20.16 3
      vertex 148.108 20.1343 3
    endloop
  endfacet
  facet normal 0 0 1
    outer loop
      vertex 147 19.7581 3
      vertex 137 19.7581 3
      vertex 137.326 19.5401 3
    endloop
  endfacet
  facet normal 0 0 1
    outer loop
      vertex 147.352 19.9316 3
      vertex 136.648 19.9316 3
      vertex 137 19.7581 3
    endloop
  endfacet
  facet normal 0 0 1
    outer loop
      vertex 147.724 20.0578 3
      vertex 136.276 20.0578 3
      vertex 136.648 19.9316 3
    endloop
  endfacet
  facet normal 0 0 1
    outer loop
      vertex 148.108 20.1343 3
      vertex 135.892 20.1343 3
      vertex 136.276 20.0578 3
    endloop
  endfacet
  facet normal 0 0 1
    outer loop
      vertex 148.108 20.1343 3
      vertex 135.5 20.16 3
      vertex 135.892 20.1343 3
    endloop
  endfacet
  facet normal 0 0 1
    outer loop
      vertex 125.5 17.16 3
      vertex 132.5 17.16 3
      vertex 132.526 17.5516 3
    endloop
  endfacet
  facet normal 0 0 1
    outer loop
      vertex 132.5 17.16 3
      vertex 125.474 16.7684 3
      vertex 132 14 3
    endloop
  endfacet
  facet normal 0 0 1
    outer loop
      vertex 125.474 17.5516 3
      vertex 132.526 17.5516 3
      vertex 132.602 17.9365 3
    endloop
  endfacet
  facet normal 0 0 1
    outer loop
      vertex 125.398 17.9365 3
      vertex 132.602 17.9365 3
      vertex 132.728 18.3081 3
    endloop
  endfacet
  facet normal 0 0 1
    outer loop
      vertex 125.272 18.3081 3
      vertex 132.728 18.3081 3
      vertex 132.902 18.66 3
    endloop
  endfacet
  facet normal 0 0 1
    outer loop
      vertex 125.098 18.66 3
      vertex 132.902 18.66 3
      vertex 133.12 18.9863 3
    endloop
  endfacet
  facet normal 0 0 1
    outer loop
      vertex 124.88 18.9863 3
      vertex 133.12 18.9863 3
      vertex 133.379 19.2813 3
    endloop
  endfacet
  facet normal 0 0 1
    outer loop
      vertex 124.621 19.2813 3
      vertex 133.379 19.2813 3
      vertex 133.674 19.5401 3
    endloop
  endfacet
  facet normal 0 0 1
    outer loop
      vertex 123.276 14.2622 3
      vertex 126 8 3
      vertex 126 14 3
    endloop
  endfacet
  facet normal 0 0 1
    outer loop
      vertex 132 14 3
      vertex 125.474 16.7684 3
      vertex 126 14 3
    endloop
  endfacet
  facet normal 0 0 1
    outer loop
      vertex 132.5 17.16 3
      vertex 125.5 17.16 3
      vertex 125.474 16.7684 3
    endloop
  endfacet
  facet normal 0 0 1
    outer loop
      vertex 124.326 19.5401 3
      vertex 133.674 19.5401 3
      vertex 134 19.7581 3
    endloop
  endfacet
  facet normal 0 0 1
    outer loop
      vertex 124 19.7581 3
      vertex 134 19.7581 3
      vertex 134.352 19.9316 3
    endloop
  endfacet
  facet normal 0 0 1
    outer loop
      vertex 123.648 19.9316 3
      vertex 134.352 19.9316 3
      vertex 134.724 20.0578 3
    endloop
  endfacet
  facet normal 0 0 1
    outer loop
      vertex 132.526 17.5516 3
      vertex 125.474 17.5516 3
      vertex 125.5 17.16 3
    endloop
  endfacet
  facet normal 0 0 1
    outer loop
      vertex 132.602 17.9365 3
      vertex 125.398 17.9365 3
      vertex 125.474 17.5516 3
    endloop
  endfacet
  facet normal 0 0 1
    outer loop
      vertex 132.728 18.3081 3
      vertex 125.272 18.3081 3
      vertex 125.398 17.9365 3
    endloop
  endfacet
  facet normal 0 0 1
    outer loop
      vertex 123.276 20.0578 3
      vertex 134.724 20.0578 3
      vertex 135.108 20.1343 3
    endloop
  endfacet
  facet normal 0 0 1
    outer loop
      vertex 132.902 18.66 3
      vertex 125.098 18.66 3
      vertex 125.272 18.3081 3
    endloop
  endfacet
  facet normal 0 0 1
    outer loop
      vertex 133.12 18.9863 3
      vertex 124.88 18.9863 3
      vertex 125.098 18.66 3
    endloop
  endfacet
  facet normal 0 0 1
    outer loop
      vertex 133.379 19.2813 3
      vertex 124.621 19.2813 3
      vertex 124.88 18.9863 3
    endloop
  endfacet
  facet normal 0 0 1
    outer loop
      vertex 133.674 19.5401 3
      vertex 124.326 19.5401 3
      vertex 124.621 19.2813 3
    endloop
  endfacet
  facet normal 0 0 1
    outer loop
      vertex 122.892 20.1343 3
      vertex 135.108 20.1343 3
      vertex 135.5 20.16 3
    endloop
  endfacet
  facet normal 0 0 1
    outer loop
      vertex 134 19.7581 3
      vertex 124 19.7581 3
      vertex 124.326 19.5401 3
    endloop
  endfacet
  facet normal 0 0 1
    outer loop
      vertex 122.5 20.16 3
      vertex 135.5 20.16 3
      vertex 176 22 3
    endloop
  endfacet
  facet normal 0 0 1
    outer loop
      vertex 134.352 19.9316 3
      vertex 123.648 19.9316 3
      vertex 124 19.7581 3
    endloop
  endfacet
  facet normal 0 0 1
    outer loop
      vertex 134.724 20.0578 3
      vertex 123.276 20.0578 3
      vertex 123.648 19.9316 3
    endloop
  endfacet
  facet normal 0 0 1
    outer loop
      vertex 135.108 20.1343 3
      vertex 122.892 20.1343 3
      vertex 123.276 20.0578 3
    endloop
  endfacet
  facet normal 0 0 1
    outer loop
      vertex 135.5 20.16 3
      vertex 122.5 20.16 3
      vertex 122.892 20.1343 3
    endloop
  endfacet
  facet normal 0 0 1
    outer loop
      vertex 112.5 17.16 3
      vertex 119.5 17.16 3
      vertex 119.526 17.5516 3
    endloop
  endfacet
  facet normal 0 0 1
    outer loop
      vertex 119.5 17.16 3
      vertex 112.474 16.7684 3
      vertex 119 14 3
    endloop
  endfacet
  facet normal 0 0 1
    outer loop
      vertex 112.474 17.5516 3
      vertex 119.526 17.5516 3
      vertex 119.602 17.9365 3
    endloop
  endfacet
  facet normal 0 0 1
    outer loop
      vertex 112.398 17.9365 3
      vertex 119.602 17.9365 3
      vertex 119.728 18.3081 3
    endloop
  endfacet
  facet normal 0 0 1
    outer loop
      vertex 112.272 18.3081 3
      vertex 119.728 18.3081 3
      vertex 119.902 18.66 3
    endloop
  endfacet
  facet normal 0 0 1
    outer loop
      vertex 112.098 18.66 3
      vertex 119.902 18.66 3
      vertex 120.12 18.9863 3
    endloop
  endfacet
  facet normal 0 0 1
    outer loop
      vertex 111.88 18.9863 3
      vertex 120.12 18.9863 3
      vertex 120.379 19.2813 3
    endloop
  endfacet
  facet normal 0 0 1
    outer loop
      vertex 111.621 19.2813 3
      vertex 120.379 19.2813 3
      vertex 120.674 19.5401 3
    endloop
  endfacet
  facet normal 0 0 1
    outer loop
      vertex 110.276 14.2622 3
      vertex 113 8 3
      vertex 113 14 3
    endloop
  endfacet
  facet normal 0 0 1
    outer loop
      vertex 119 14 3
      vertex 112.474 16.7684 3
      vertex 113 14 3
    endloop
  endfacet
  facet normal 0 0 1
    outer loop
      vertex 119.5 17.16 3
      vertex 112.5 17.16 3
      vertex 112.474 16.7684 3
    endloop
  endfacet
  facet normal 0 0 1
    outer loop
      vertex 111.326 19.5401 3
      vertex 120.674 19.5401 3
      vertex 121 19.7581 3
    endloop
  endfacet
  facet normal 0 0 1
    outer loop
      vertex 111 19.7581 3
      vertex 121 19.7581 3
      vertex 121.352 19.9316 3
    endloop
  endfacet
  facet normal 0 0 1
    outer loop
      vertex 110.648 19.9316 3
      vertex 121.352 19.9316 3
      vertex 121.724 20.0578 3
    endloop
  endfacet
  facet normal 0 0 1
    outer loop
      vertex 119.526 17.5516 3
      vertex 112.474 17.5516 3
      vertex 112.5 17.16 3
    endloop
  endfacet
  facet normal 0 0 1
    outer loop
      vertex 119.602 17.9365 3
      vertex 112.398 17.9365 3
      vertex 112.474 17.5516 3
    endloop
  endfacet
  facet normal 0 0 1
    outer loop
      vertex 119.728 18.3081 3
      vertex 112.272 18.3081 3
      vertex 112.398 17.9365 3
    endloop
  endfacet
  facet normal 0 0 1
    outer loop
      vertex 110.276 20.0578 3
      vertex 121.724 20.0578 3
      vertex 122.108 20.1343 3
    endloop
  endfacet
  facet normal 0 0 1
    outer loop
      vertex 119.902 18.66 3
      vertex 112.098 18.66 3
      vertex 112.272 18.3081 3
    endloop
  endfacet
  facet normal 0 0 1
    outer loop
      vertex 120.12 18.9863 3
      vertex 111.88 18.9863 3
      vertex 112.098 18.66 3
    endloop
  endfacet
  facet normal 0 0 1
    outer loop
      vertex 120.379 19.2813 3
      vertex 111.621 19.2813 3
      vertex 111.88 18.9863 3
    endloop
  endfacet
  facet normal 0 0 1
    outer loop
      vertex 120.674 19.5401 3
      vertex 111.326 19.5401 3
      vertex 111.621 19.2813 3
    endloop
  endfacet
  facet normal 0 0 1
    outer loop
      vertex 109.892 20.1343 3
      vertex 122.108 20.1343 3
      vertex 122.5 20.16 3
    endloop
  endfacet
  facet normal 0 0 1
    outer loop
      vertex 121 19.7581 3
      vertex 111 19.7581 3
      vertex 111.326 19.5401 3
    endloop
  endfacet
  facet normal 0 0 1
    outer loop
      vertex 121.352 19.9316 3
      vertex 110.648 19.9316 3
      vertex 111 19.7581 3
    endloop
  endfacet
  facet normal 0 0 1
    outer loop
      vertex 109.5 20.16 3
      vertex 122.5 20.16 3
      vertex 176 22 3
    endloop
  endfacet
  facet normal 0 0 1
    outer loop
      vertex 121.724 20.0578 3
      vertex 110.276 20.0578 3
      vertex 110.648 19.9316 3
    endloop
  endfacet
  facet normal 0 0 1
    outer loop
      vertex 122.108 20.1343 3
      vertex 109.892 20.1343 3
      vertex 110.276 20.0578 3
    endloop
  endfacet
  facet normal 0 0 1
    outer loop
      vertex 122.5 20.16 3
      vertex 109.5 20.16 3
      vertex 109.892 20.1343 3
    endloop
  endfacet
  facet normal 0 0 1
    outer loop
      vertex 99.5 17.16 3
      vertex 106.5 17.16 3
      vertex 106.526 17.5516 3
    endloop
  endfacet
  facet normal 0 0 1
    outer loop
      vertex 106.5 17.16 3
      vertex 99.4743 16.7684 3
      vertex 106 14 3
    endloop
  endfacet
  facet normal 0 0 1
    outer loop
      vertex 99.4743 17.5516 3
      vertex 106.526 17.5516 3
      vertex 106.602 17.9365 3
    endloop
  endfacet
  facet normal 0 0 1
    outer loop
      vertex 99.3978 17.9365 3
      vertex 106.602 17.9365 3
      vertex 106.728 18.3081 3
    endloop
  endfacet
  facet normal 0 0 1
    outer loop
      vertex 99.2716 18.3081 3
      vertex 106.728 18.3081 3
      vertex 106.902 18.66 3
    endloop
  endfacet
  facet normal 0 0 1
    outer loop
      vertex 99.0981 18.66 3
      vertex 106.902 18.66 3
      vertex 107.12 18.9863 3
    endloop
  endfacet
  facet normal 0 0 1
    outer loop
      vertex 98.8801 18.9863 3
      vertex 107.12 18.9863 3
      vertex 107.379 19.2813 3
    endloop
  endfacet
  facet normal 0 0 1
    outer loop
      vertex 98.6213 19.2813 3
      vertex 107.379 19.2813 3
      vertex 107.674 19.5401 3
    endloop
  endfacet
  facet normal 0 0 1
    outer loop
      vertex 97.2765 14.2622 3
      vertex 100 8 3
      vertex 100 14 3
    endloop
  endfacet
  facet normal 0 0 1
    outer loop
      vertex 106 14 3
      vertex 99.4743 16.7684 3
      vertex 100 14 3
    endloop
  endfacet
  facet normal 0 0 1
    outer loop
      vertex 106.5 17.16 3
      vertex 99.5 17.16 3
      vertex 99.4743 16.7684 3
    endloop
  endfacet
  facet normal 0 0 1
    outer loop
      vertex 98.3263 19.5401 3
      vertex 107.674 19.5401 3
      vertex 108 19.7581 3
    endloop
  endfacet
  facet normal 0 0 1
    outer loop
      vertex 98 19.7581 3
      vertex 108 19.7581 3
      vertex 108.352 19.9316 3
    endloop
  endfacet
  facet normal 0 0 1
    outer loop
      vertex 97.648 19.9316 3
      vertex 108.352 19.9316 3
      vertex 108.724 20.0578 3
    endloop
  endfacet
  facet normal 0 0 1
    outer loop
      vertex 106.526 17.5516 3
      vertex 99.4743 17.5516 3
      vertex 99.5 17.16 3
    endloop
  endfacet
  facet normal 0 0 1
    outer loop
      vertex 106.602 17.9365 3
      vertex 99.3978 17.9365 3
      vertex 99.4743 17.5516 3
    endloop
  endfacet
  facet normal 0 0 1
    outer loop
      vertex 106.728 18.3081 3
      vertex 99.2716 18.3081 3
      vertex 99.3978 17.9365 3
    endloop
  endfacet
  facet normal 0 0 1
    outer loop
      vertex 97.2765 20.0578 3
      vertex 108.724 20.0578 3
      vertex 109.108 20.1343 3
    endloop
  endfacet
  facet normal 0 0 1
    outer loop
      vertex 106.902 18.66 3
      vertex 99.0981 18.66 3
      vertex 99.2716 18.3081 3
    endloop
  endfacet
  facet normal 0 0 1
    outer loop
      vertex 107.12 18.9863 3
      vertex 98.8801 18.9863 3
      vertex 99.0981 18.66 3
    endloop
  endfacet
  facet normal 0 0 1
    outer loop
      vertex 107.379 19.2813 3
      vertex 98.6213 19.2813 3
      vertex 98.8801 18.9863 3
    endloop
  endfacet
  facet normal 0 0 1
    outer loop
      vertex 107.674 19.5401 3
      vertex 98.3263 19.5401 3
      vertex 98.6213 19.2813 3
    endloop
  endfacet
  facet normal 0 0 1
    outer loop
      vertex 96.8916 20.1343 3
      vertex 109.108 20.1343 3
      vertex 109.5 20.16 3
    endloop
  endfacet
  facet normal 0 0 1
    outer loop
      vertex 108 19.7581 3
      vertex 98 19.7581 3
      vertex 98.3263 19.5401 3
    endloop
  endfacet
  facet normal 0 0 1
    outer loop
      vertex 108.352 19.9316 3
      vertex 97.648 19.9316 3
      vertex 98 19.7581 3
    endloop
  endfacet
  facet normal 0 0 1
    outer loop
      vertex 96.5 20.16 3
      vertex 109.5 20.16 3
      vertex 176 22 3
    endloop
  endfacet
  facet normal 0 0 1
    outer loop
      vertex 108.724 20.0578 3
      vertex 97.2765 20.0578 3
      vertex 97.648 19.9316 3
    endloop
  endfacet
  facet normal 0 0 1
    outer loop
      vertex 109.108 20.1343 3
      vertex 96.8916 20.1343 3
      vertex 97.2765 20.0578 3
    endloop
  endfacet
  facet normal 0 0 1
    outer loop
      vertex 109.5 20.16 3
      vertex 96.5 20.16 3
      vertex 96.8916 20.1343 3
    endloop
  endfacet
  facet normal 0 0 1
    outer loop
      vertex 86.5 17.16 3
      vertex 93.5 17.16 3
      vertex 93.5257 17.5516 3
    endloop
  endfacet
  facet normal 0 0 1
    outer loop
      vertex 93.5 17.16 3
      vertex 86.4743 16.7684 3
      vertex 93 14 3
    endloop
  endfacet
  facet normal 0 0 1
    outer loop
      vertex 86.4743 17.5516 3
      vertex 93.5257 17.5516 3
      vertex 93.6022 17.9365 3
    endloop
  endfacet
  facet normal 0 0 1
    outer loop
      vertex 86.3978 17.9365 3
      vertex 93.6022 17.9365 3
      vertex 93.7284 18.3081 3
    endloop
  endfacet
  facet normal 0 0 1
    outer loop
      vertex 86.2716 18.3081 3
      vertex 93.7284 18.3081 3
      vertex 93.9019 18.66 3
    endloop
  endfacet
  facet normal 0 0 1
    outer loop
      vertex 86.0981 18.66 3
      vertex 93.9019 18.66 3
      vertex 94.1199 18.9863 3
    endloop
  endfacet
  facet normal 0 0 1
    outer loop
      vertex 85.8801 18.9863 3
      vertex 94.1199 18.9863 3
      vertex 94.3787 19.2813 3
    endloop
  endfacet
  facet normal 0 0 1
    outer loop
      vertex 85.6213 19.2813 3
      vertex 94.3787 19.2813 3
      vertex 94.6737 19.5401 3
    endloop
  endfacet
  facet normal 0 0 1
    outer loop
      vertex 84.2765 14.2622 3
      vertex 87 8 3
      vertex 87 14 3
    endloop
  endfacet
  facet normal 0 0 1
    outer loop
      vertex 93 14 3
      vertex 86.4743 16.7684 3
      vertex 87 14 3
    endloop
  endfacet
  facet normal 0 0 1
    outer loop
      vertex 93.5 17.16 3
      vertex 86.5 17.16 3
      vertex 86.4743 16.7684 3
    endloop
  endfacet
  facet normal 0 0 1
    outer loop
      vertex 85.3263 19.5401 3
      vertex 94.6737 19.5401 3
      vertex 95 19.7581 3
    endloop
  endfacet
  facet normal 0 0 1
    outer loop
      vertex 85 19.7581 3
      vertex 95 19.7581 3
      vertex 95.352 19.9316 3
    endloop
  endfacet
  facet normal 0 0 1
    outer loop
      vertex 84.648 19.9316 3
      vertex 95.352 19.9316 3
      vertex 95.7235 20.0578 3
    endloop
  endfacet
  facet normal 0 0 1
    outer loop
      vertex 93.5257 17.5516 3
      vertex 86.4743 17.5516 3
      vertex 86.5 17.16 3
    endloop
  endfacet
  facet normal 0 0 1
    outer loop
      vertex 93.6022 17.9365 3
      vertex 86.3978 17.9365 3
      vertex 86.4743 17.5516 3
    endloop
  endfacet
  facet normal 0 0 1
    outer loop
      vertex 93.7284 18.3081 3
      vertex 86.2716 18.3081 3
      vertex 86.3978 17.9365 3
    endloop
  endfacet
  facet normal 0 0 1
    outer loop
      vertex 84.2765 20.0578 3
      vertex 95.7235 20.0578 3
      vertex 96.1084 20.1343 3
    endloop
  endfacet
  facet normal 0 0 1
    outer loop
      vertex 93.9019 18.66 3
      vertex 86.0981 18.66 3
      vertex 86.2716 18.3081 3
    endloop
  endfacet
  facet normal 0 0 1
    outer loop
      vertex 94.1199 18.9863 3
      vertex 85.8801 18.9863 3
      vertex 86.0981 18.66 3
    endloop
  endfacet
  facet normal 0 0 1
    outer loop
      vertex 94.3787 19.2813 3
      vertex 85.6213 19.2813 3
      vertex 85.8801 18.9863 3
    endloop
  endfacet
  facet normal 0 0 1
    outer loop
      vertex 94.6737 19.5401 3
      vertex 85.3263 19.5401 3
      vertex 85.6213 19.2813 3
    endloop
  endfacet
  facet normal 0 0 1
    outer loop
      vertex 83.8916 20.1343 3
      vertex 96.1084 20.1343 3
      vertex 96.5 20.16 3
    endloop
  endfacet
  facet normal 0 0 1
    outer loop
      vertex 95 19.7581 3
      vertex 85 19.7581 3
      vertex 85.3263 19.5401 3
    endloop
  endfacet
  facet normal 0 0 1
    outer loop
      vertex 95.352 19.9316 3
      vertex 84.648 19.9316 3
      vertex 85 19.7581 3
    endloop
  endfacet
  facet normal 0 0 1
    outer loop
      vertex 83.5 20.16 3
      vertex 96.5 20.16 3
      vertex 176 22 3
    endloop
  endfacet
  facet normal 0 0 1
    outer loop
      vertex 95.7235 20.0578 3
      vertex 84.2765 20.0578 3
      vertex 84.648 19.9316 3
    endloop
  endfacet
  facet normal 0 0 1
    outer loop
      vertex 96.1084 20.1343 3
      vertex 83.8916 20.1343 3
      vertex 84.2765 20.0578 3
    endloop
  endfacet
  facet normal 0 0 1
    outer loop
      vertex 96.5 20.16 3
      vertex 83.5 20.16 3
      vertex 83.8916 20.1343 3
    endloop
  endfacet
  facet normal 0 0 1
    outer loop
      vertex 73.5 17.16 3
      vertex 80.5 17.16 3
      vertex 80.5257 17.5516 3
    endloop
  endfacet
  facet normal 0 0 1
    outer loop
      vertex 80.5 17.16 3
      vertex 73.4743 16.7684 3
      vertex 80 14 3
    endloop
  endfacet
  facet normal 0 0 1
    outer loop
      vertex 73.4743 17.5516 3
      vertex 80.5257 17.5516 3
      vertex 80.6022 17.9365 3
    endloop
  endfacet
  facet normal 0 0 1
    outer loop
      vertex 73.3978 17.9365 3
      vertex 80.6022 17.9365 3
      vertex 80.7284 18.3081 3
    endloop
  endfacet
  facet normal 0 0 1
    outer loop
      vertex 73.2716 18.3081 3
      vertex 80.7284 18.3081 3
      vertex 80.9019 18.66 3
    endloop
  endfacet
  facet normal 0 0 1
    outer loop
      vertex 73.0981 18.66 3
      vertex 80.9019 18.66 3
      vertex 81.1199 18.9863 3
    endloop
  endfacet
  facet normal 0 0 1
    outer loop
      vertex 72.8801 18.9863 3
      vertex 81.1199 18.9863 3
      vertex 81.3787 19.2813 3
    endloop
  endfacet
  facet normal 0 0 1
    outer loop
      vertex 72.6213 19.2813 3
      vertex 81.3787 19.2813 3
      vertex 81.6737 19.5401 3
    endloop
  endfacet
  facet normal 0 0 1
    outer loop
      vertex 71.2765 14.2622 3
      vertex 74 8 3
      vertex 74 14 3
    endloop
  endfacet
  facet normal 0 0 1
    outer loop
      vertex 80 14 3
      vertex 73.4743 16.7684 3
      vertex 74 14 3
    endloop
  endfacet
  facet normal 0 0 1
    outer loop
      vertex 80.5 17.16 3
      vertex 73.5 17.16 3
      vertex 73.4743 16.7684 3
    endloop
  endfacet
  facet normal 0 0 1
    outer loop
      vertex 72.3263 19.5401 3
      vertex 81.6737 19.5401 3
      vertex 82 19.7581 3
    endloop
  endfacet
  facet normal 0 0 1
    outer loop
      vertex 72 19.7581 3
      vertex 82 19.7581 3
      vertex 82.352 19.9316 3
    endloop
  endfacet
  facet normal 0 0 1
    outer loop
      vertex 71.648 19.9316 3
      vertex 82.352 19.9316 3
      vertex 82.7235 20.0578 3
    endloop
  endfacet
  facet normal 0 0 1
    outer loop
      vertex 80.5257 17.5516 3
      vertex 73.4743 17.5516 3
      vertex 73.5 17.16 3
    endloop
  endfacet
  facet normal 0 0 1
    outer loop
      vertex 80.6022 17.9365 3
      vertex 73.3978 17.9365 3
      vertex 73.4743 17.5516 3
    endloop
  endfacet
  facet normal 0 0 1
    outer loop
      vertex 80.7284 18.3081 3
      vertex 73.2716 18.3081 3
      vertex 73.3978 17.9365 3
    endloop
  endfacet
  facet normal 0 0 1
    outer loop
      vertex 71.2765 20.0578 3
      vertex 82.7235 20.0578 3
      vertex 83.1084 20.1343 3
    endloop
  endfacet
  facet normal 0 0 1
    outer loop
      vertex 80.9019 18.66 3
      vertex 73.0981 18.66 3
      vertex 73.2716 18.3081 3
    endloop
  endfacet
  facet normal 0 0 1
    outer loop
      vertex 81.1199 18.9863 3
      vertex 72.8801 18.9863 3
      vertex 73.0981 18.66 3
    endloop
  endfacet
  facet normal 0 0 1
    outer loop
      vertex 81.3787 19.2813 3
      vertex 72.6213 19.2813 3
      vertex 72.8801 18.9863 3
    endloop
  endfacet
  facet normal 0 0 1
    outer loop
      vertex 81.6737 19.5401 3
      vertex 72.3263 19.5401 3
      vertex 72.6213 19.2813 3
    endloop
  endfacet
  facet normal 0 0 1
    outer loop
      vertex 70.8916 20.1343 3
      vertex 83.1084 20.1343 3
      vertex 83.5 20.16 3
    endloop
  endfacet
  facet normal 0 0 1
    outer loop
      vertex 82 19.7581 3
      vertex 72 19.7581 3
      vertex 72.3263 19.5401 3
    endloop
  endfacet
  facet normal 0 0 1
    outer loop
      vertex 82.352 19.9316 3
      vertex 71.648 19.9316 3
      vertex 72 19.7581 3
    endloop
  endfacet
  facet normal 0 0 1
    outer loop
      vertex 70.5 20.16 3
      vertex 83.5 20.16 3
      vertex 176 22 3
    endloop
  endfacet
  facet normal 0 0 1
    outer loop
      vertex 82.7235 20.0578 3
      vertex 71.2765 20.0578 3
      vertex 71.648 19.9316 3
    endloop
  endfacet
  facet normal 0 0 1
    outer loop
      vertex 83.1084 20.1343 3
      vertex 70.8916 20.1343 3
      vertex 71.2765 20.0578 3
    endloop
  endfacet
  facet normal 0 0 1
    outer loop
      vertex 83.5 20.16 3
      vertex 70.5 20.16 3
      vertex 70.8916 20.1343 3
    endloop
  endfacet
  facet normal 0 0 1
    outer loop
      vertex 60.5 17.16 3
      vertex 67.5 17.16 3
      vertex 67.5257 17.5516 3
    endloop
  endfacet
  facet normal 0 0 1
    outer loop
      vertex 67.5 17.16 3
      vertex 60.4743 16.7684 3
      vertex 67 14 3
    endloop
  endfacet
  facet normal 0 0 1
    outer loop
      vertex 60.4743 17.5516 3
      vertex 67.5257 17.5516 3
      vertex 67.6022 17.9365 3
    endloop
  endfacet
  facet normal 0 0 1
    outer loop
      vertex 60.3978 17.9365 3
      vertex 67.6022 17.9365 3
      vertex 67.7284 18.3081 3
    endloop
  endfacet
  facet normal 0 0 1
    outer loop
      vertex 60.2716 18.3081 3
      vertex 67.7284 18.3081 3
      vertex 67.9019 18.66 3
    endloop
  endfacet
  facet normal 0 0 1
    outer loop
      vertex 60.0981 18.66 3
      vertex 67.9019 18.66 3
      vertex 68.1199 18.9863 3
    endloop
  endfacet
  facet normal 0 0 1
    outer loop
      vertex 59.8801 18.9863 3
      vertex 68.1199 18.9863 3
      vertex 68.3787 19.2813 3
    endloop
  endfacet
  facet normal 0 0 1
    outer loop
      vertex 59.6213 19.2813 3
      vertex 68.3787 19.2813 3
      vertex 68.6737 19.5401 3
    endloop
  endfacet
  facet normal 0 0 1
    outer loop
      vertex 58.2765 14.2622 3
      vertex 61 8 3
      vertex 61 14 3
    endloop
  endfacet
  facet normal 0 0 1
    outer loop
      vertex 67 14 3
      vertex 60.4743 16.7684 3
      vertex 61 14 3
    endloop
  endfacet
  facet normal 0 0 1
    outer loop
      vertex 67.5 17.16 3
      vertex 60.5 17.16 3
      vertex 60.4743 16.7684 3
    endloop
  endfacet
  facet normal 0 0 1
    outer loop
      vertex 59.3263 19.5401 3
      vertex 68.6737 19.5401 3
      vertex 69 19.7581 3
    endloop
  endfacet
  facet normal 0 0 1
    outer loop
      vertex 59 19.7581 3
      vertex 69 19.7581 3
      vertex 69.352 19.9316 3
    endloop
  endfacet
  facet normal 0 0 1
    outer loop
      vertex 58.648 19.9316 3
      vertex 69.352 19.9316 3
      vertex 69.7235 20.0578 3
    endloop
  endfacet
  facet normal 0 0 1
    outer loop
      vertex 67.5257 17.5516 3
      vertex 60.4743 17.5516 3
      vertex 60.5 17.16 3
    endloop
  endfacet
  facet normal 0 0 1
    outer loop
      vertex 67.6022 17.9365 3
      vertex 60.3978 17.9365 3
      vertex 60.4743 17.5516 3
    endloop
  endfacet
  facet normal 0 0 1
    outer loop
      vertex 67.7284 18.3081 3
      vertex 60.2716 18.3081 3
      vertex 60.3978 17.9365 3
    endloop
  endfacet
  facet normal 0 0 1
    outer loop
      vertex 58.2765 20.0578 3
      vertex 69.7235 20.0578 3
      vertex 70.1084 20.1343 3
    endloop
  endfacet
  facet normal 0 0 1
    outer loop
      vertex 67.9019 18.66 3
      vertex 60.0981 18.66 3
      vertex 60.2716 18.3081 3
    endloop
  endfacet
  facet normal 0 0 1
    outer loop
      vertex 68.1199 18.9863 3
      vertex 59.8801 18.9863 3
      vertex 60.0981 18.66 3
    endloop
  endfacet
  facet normal 0 0 1
    outer loop
      vertex 68.3787 19.2813 3
      vertex 59.6213 19.2813 3
      vertex 59.8801 18.9863 3
    endloop
  endfacet
  facet normal 0 0 1
    outer loop
      vertex 68.6737 19.5401 3
      vertex 59.3263 19.5401 3
      vertex 59.6213 19.2813 3
    endloop
  endfacet
  facet normal 0 0 1
    outer loop
      vertex 57.8916 20.1343 3
      vertex 70.1084 20.1343 3
      vertex 70.5 20.16 3
    endloop
  endfacet
  facet normal 0 0 1
    outer loop
      vertex 69 19.7581 3
      vertex 59 19.7581 3
      vertex 59.3263 19.5401 3
    endloop
  endfacet
  facet normal 0 0 1
    outer loop
      vertex 69.352 19.9316 3
      vertex 58.648 19.9316 3
      vertex 59 19.7581 3
    endloop
  endfacet
  facet normal 0 0 1
    outer loop
      vertex 69.7235 20.0578 3
      vertex 58.2765 20.0578 3
      vertex 58.648 19.9316 3
    endloop
  endfacet
  facet normal -0 0 1
    outer loop
      vertex 4 22 3
      vertex 70.5 20.16 3
      vertex 176 22 3
    endloop
  endfacet
  facet normal 0 0 1
    outer loop
      vertex 70.1084 20.1343 3
      vertex 57.8916 20.1343 3
      vertex 58.2765 20.0578 3
    endloop
  endfacet
  facet normal 0 0 1
    outer loop
      vertex 70.5 20.16 3
      vertex 57.5 20.16 3
      vertex 57.8916 20.1343 3
    endloop
  endfacet
  facet normal 0 0 1
    outer loop
      vertex 47.5 17.16 3
      vertex 54.5 17.16 3
      vertex 54.5257 17.5516 3
    endloop
  endfacet
  facet normal 0 0 1
    outer loop
      vertex 54.5 17.16 3
      vertex 47.4743 16.7684 3
      vertex 54 14 3
    endloop
  endfacet
  facet normal 0 0 1
    outer loop
      vertex 47.4743 17.5516 3
      vertex 54.5257 17.5516 3
      vertex 54.6022 17.9365 3
    endloop
  endfacet
  facet normal 0 0 1
    outer loop
      vertex 47.3978 17.9365 3
      vertex 54.6022 17.9365 3
      vertex 54.7284 18.3081 3
    endloop
  endfacet
  facet normal 0 0 1
    outer loop
      vertex 47.2716 18.3081 3
      vertex 54.7284 18.3081 3
      vertex 54.9019 18.66 3
    endloop
  endfacet
  facet normal 0 0 1
    outer loop
      vertex 47.0981 18.66 3
      vertex 54.9019 18.66 3
      vertex 55.1199 18.9863 3
    endloop
  endfacet
  facet normal 0 0 1
    outer loop
      vertex 46.8801 18.9863 3
      vertex 55.1199 18.9863 3
      vertex 55.3787 19.2813 3
    endloop
  endfacet
  facet normal 0 0 1
    outer loop
      vertex 46.6213 19.2813 3
      vertex 55.3787 19.2813 3
      vertex 55.6737 19.5401 3
    endloop
  endfacet
  facet normal 0 0 1
    outer loop
      vertex 45.2765 14.2622 3
      vertex 48 8 3
      vertex 48 14 3
    endloop
  endfacet
  facet normal 0 0 1
    outer loop
      vertex 54 14 3
      vertex 47.4743 16.7684 3
      vertex 48 14 3
    endloop
  endfacet
  facet normal 0 0 1
    outer loop
      vertex 54.5 17.16 3
      vertex 47.5 17.16 3
      vertex 47.4743 16.7684 3
    endloop
  endfacet
  facet normal 0 0 1
    outer loop
      vertex 46.3263 19.5401 3
      vertex 55.6737 19.5401 3
      vertex 56 19.7581 3
    endloop
  endfacet
  facet normal 0 0 1
    outer loop
      vertex 46 19.7581 3
      vertex 56 19.7581 3
      vertex 56.352 19.9316 3
    endloop
  endfacet
  facet normal 0 0 1
    outer loop
      vertex 45.648 19.9316 3
      vertex 56.352 19.9316 3
      vertex 56.7235 20.0578 3
    endloop
  endfacet
  facet normal 0 0 1
    outer loop
      vertex 54.5257 17.5516 3
      vertex 47.4743 17.5516 3
      vertex 47.5 17.16 3
    endloop
  endfacet
  facet normal 0 0 1
    outer loop
      vertex 54.6022 17.9365 3
      vertex 47.3978 17.9365 3
      vertex 47.4743 17.5516 3
    endloop
  endfacet
  facet normal 0 0 1
    outer loop
      vertex 54.7284 18.3081 3
      vertex 47.2716 18.3081 3
      vertex 47.3978 17.9365 3
    endloop
  endfacet
  facet normal 0 0 1
    outer loop
      vertex 45.2765 20.0578 3
      vertex 56.7235 20.0578 3
      vertex 57.1084 20.1343 3
    endloop
  endfacet
  facet normal 0 0 1
    outer loop
      vertex 54.9019 18.66 3
      vertex 47.0981 18.66 3
      vertex 47.2716 18.3081 3
    endloop
  endfacet
  facet normal 0 0 1
    outer loop
      vertex 55.1199 18.9863 3
      vertex 46.8801 18.9863 3
      vertex 47.0981 18.66 3
    endloop
  endfacet
  facet normal 0 0 1
    outer loop
      vertex 55.3787 19.2813 3
      vertex 46.6213 19.2813 3
      vertex 46.8801 18.9863 3
    endloop
  endfacet
  facet normal 0 0 1
    outer loop
      vertex 55.6737 19.5401 3
      vertex 46.3263 19.5401 3
      vertex 46.6213 19.2813 3
    endloop
  endfacet
  facet normal 0 0 1
    outer loop
      vertex 44.8916 20.1343 3
      vertex 57.1084 20.1343 3
      vertex 57.5 20.16 3
    endloop
  endfacet
  facet normal 0 0 1
    outer loop
      vertex 56 19.7581 3
      vertex 46 19.7581 3
      vertex 46.3263 19.5401 3
    endloop
  endfacet
  facet normal 0 0 1
    outer loop
      vertex 56.352 19.9316 3
      vertex 45.648 19.9316 3
      vertex 46 19.7581 3
    endloop
  endfacet
  facet normal 0 0 1
    outer loop
      vertex 56.7235 20.0578 3
      vertex 45.2765 20.0578 3
      vertex 45.648 19.9316 3
    endloop
  endfacet
  facet normal 0 0 1
    outer loop
      vertex 70.5 20.16 3
      vertex 4 22 3
      vertex 57.5 20.16 3
    endloop
  endfacet
  facet normal 0 0 1
    outer loop
      vertex 57.1084 20.1343 3
      vertex 44.8916 20.1343 3
      vertex 45.2765 20.0578 3
    endloop
  endfacet
  facet normal 0 0 1
    outer loop
      vertex 57.5 20.16 3
      vertex 44.5 20.16 3
      vertex 44.8916 20.1343 3
    endloop
  endfacet
  facet normal 0 0 1
    outer loop
      vertex 34.5 17.16 3
      vertex 41.5 17.16 3
      vertex 41.5257 17.5516 3
    endloop
  endfacet
  facet normal 0 0 1
    outer loop
      vertex 41.5 17.16 3
      vertex 34.4743 16.7684 3
      vertex 41 14 3
    endloop
  endfacet
  facet normal 0 0 1
    outer loop
      vertex 34.4743 17.5516 3
      vertex 41.5257 17.5516 3
      vertex 41.6022 17.9365 3
    endloop
  endfacet
  facet normal 0 0 1
    outer loop
      vertex 34.3978 17.9365 3
      vertex 41.6022 17.9365 3
      vertex 41.7284 18.3081 3
    endloop
  endfacet
  facet normal 0 0 1
    outer loop
      vertex 34.2716 18.3081 3
      vertex 41.7284 18.3081 3
      vertex 41.9019 18.66 3
    endloop
  endfacet
  facet normal 0 0 1
    outer loop
      vertex 34.0981 18.66 3
      vertex 41.9019 18.66 3
      vertex 42.1199 18.9863 3
    endloop
  endfacet
  facet normal 0 0 1
    outer loop
      vertex 33.8801 18.9863 3
      vertex 42.1199 18.9863 3
      vertex 42.3787 19.2813 3
    endloop
  endfacet
  facet normal 0 0 1
    outer loop
      vertex 33.6213 19.2813 3
      vertex 42.3787 19.2813 3
      vertex 42.6737 19.5401 3
    endloop
  endfacet
  facet normal 0 0 1
    outer loop
      vertex 32.2765 14.2622 3
      vertex 35 8 3
      vertex 35 14 3
    endloop
  endfacet
  facet normal 0 0 1
    outer loop
      vertex 41 14 3
      vertex 34.4743 16.7684 3
      vertex 35 14 3
    endloop
  endfacet
  facet normal 0 0 1
    outer loop
      vertex 41.5 17.16 3
      vertex 34.5 17.16 3
      vertex 34.4743 16.7684 3
    endloop
  endfacet
  facet normal 0 0 1
    outer loop
      vertex 33.3263 19.5401 3
      vertex 42.6737 19.5401 3
      vertex 43 19.7581 3
    endloop
  endfacet
  facet normal 0 0 1
    outer loop
      vertex 33 19.7581 3
      vertex 43 19.7581 3
      vertex 43.352 19.9316 3
    endloop
  endfacet
  facet normal 0 0 1
    outer loop
      vertex 32.648 19.9316 3
      vertex 43.352 19.9316 3
      vertex 43.7235 20.0578 3
    endloop
  endfacet
  facet normal 0 0 1
    outer loop
      vertex 41.5257 17.5516 3
      vertex 34.4743 17.5516 3
      vertex 34.5 17.16 3
    endloop
  endfacet
  facet normal 0 0 1
    outer loop
      vertex 41.6022 17.9365 3
      vertex 34.3978 17.9365 3
      vertex 34.4743 17.5516 3
    endloop
  endfacet
  facet normal 0 0 1
    outer loop
      vertex 41.7284 18.3081 3
      vertex 34.2716 18.3081 3
      vertex 34.3978 17.9365 3
    endloop
  endfacet
  facet normal 0 0 1
    outer loop
      vertex 32.2765 20.0578 3
      vertex 43.7235 20.0578 3
      vertex 44.1084 20.1343 3
    endloop
  endfacet
  facet normal 0 0 1
    outer loop
      vertex 41.9019 18.66 3
      vertex 34.0981 18.66 3
      vertex 34.2716 18.3081 3
    endloop
  endfacet
  facet normal 0 0 1
    outer loop
      vertex 42.1199 18.9863 3
      vertex 33.8801 18.9863 3
      vertex 34.0981 18.66 3
    endloop
  endfacet
  facet normal 0 0 1
    outer loop
      vertex 42.3787 19.2813 3
      vertex 33.6213 19.2813 3
      vertex 33.8801 18.9863 3
    endloop
  endfacet
  facet normal 0 0 1
    outer loop
      vertex 42.6737 19.5401 3
      vertex 33.3263 19.5401 3
      vertex 33.6213 19.2813 3
    endloop
  endfacet
  facet normal 0 0 1
    outer loop
      vertex 31.8916 20.1343 3
      vertex 44.1084 20.1343 3
      vertex 44.5 20.16 3
    endloop
  endfacet
  facet normal 0 0 1
    outer loop
      vertex 43 19.7581 3
      vertex 33 19.7581 3
      vertex 33.3263 19.5401 3
    endloop
  endfacet
  facet normal 0 0 1
    outer loop
      vertex 43.352 19.9316 3
      vertex 32.648 19.9316 3
      vertex 33 19.7581 3
    endloop
  endfacet
  facet normal 0 0 1
    outer loop
      vertex 43.7235 20.0578 3
      vertex 32.2765 20.0578 3
      vertex 32.648 19.9316 3
    endloop
  endfacet
  facet normal 0 0 1
    outer loop
      vertex 57.5 20.16 3
      vertex 4 22 3
      vertex 44.5 20.16 3
    endloop
  endfacet
  facet normal 0 0 1
    outer loop
      vertex 44.1084 20.1343 3
      vertex 31.8916 20.1343 3
      vertex 32.2765 20.0578 3
    endloop
  endfacet
  facet normal 0 0 1
    outer loop
      vertex 44.5 20.16 3
      vertex 31.5 20.16 3
      vertex 31.8916 20.1343 3
    endloop
  endfacet
  facet normal 0 0 1
    outer loop
      vertex 28.5257 17.5516 3
      vertex 4 22 3
      vertex 28.5 17.16 3
    endloop
  endfacet
  facet normal 0 0 1
    outer loop
      vertex 28.6022 17.9365 3
      vertex 4 22 3
      vertex 28.5257 17.5516 3
    endloop
  endfacet
  facet normal 0 0 1
    outer loop
      vertex 28.7284 18.3081 3
      vertex 4 22 3
      vertex 28.6022 17.9365 3
    endloop
  endfacet
  facet normal 0 0 1
    outer loop
      vertex 28.9019 18.66 3
      vertex 4 22 3
      vertex 28.7284 18.3081 3
    endloop
  endfacet
  facet normal 0 0 1
    outer loop
      vertex 29.1199 18.9863 3
      vertex 4 22 3
      vertex 28.9019 18.66 3
    endloop
  endfacet
  facet normal 0 0 1
    outer loop
      vertex 29.3787 19.2813 3
      vertex 4 22 3
      vertex 29.1199 18.9863 3
    endloop
  endfacet
  facet normal 0 0 1
    outer loop
      vertex 29.6737 19.5401 3
      vertex 4 22 3
      vertex 29.3787 19.2813 3
    endloop
  endfacet
  facet normal 0 0 1
    outer loop
      vertex 30 19.7581 3
      vertex 4 22 3
      vertex 29.6737 19.5401 3
    endloop
  endfacet
  facet normal 0 0 1
    outer loop
      vertex 30.3519 19.9316 3
      vertex 4 22 3
      vertex 30 19.7581 3
    endloop
  endfacet
  facet normal 0 0 1
    outer loop
      vertex 30.7235 20.0578 3
      vertex 4 22 3
      vertex 30.3519 19.9316 3
    endloop
  endfacet
  facet normal 0 0 1
    outer loop
      vertex 31.1084 20.1343 3
      vertex 4 22 3
      vertex 30.7235 20.0578 3
    endloop
  endfacet
  facet normal 0 0 1
    outer loop
      vertex 31.5 20.16 3
      vertex 4 22 3
      vertex 31.1084 20.1343 3
    endloop
  endfacet
  facet normal 0 0 1
    outer loop
      vertex 44.5 20.16 3
      vertex 4 22 3
      vertex 31.5 20.16 3
    endloop
  endfacet
  facet normal 0 0 1
    outer loop
      vertex 151.398 16.3835 3
      vertex 176 22 3
      vertex 151.474 16.7684 3
    endloop
  endfacet
  facet normal 0 0 1
    outer loop
      vertex 151.272 16.0119 3
      vertex 176 22 3
      vertex 151.398 16.3835 3
    endloop
  endfacet
  facet normal 0 0 1
    outer loop
      vertex 176 22 3
      vertex 151.272 16.0119 3
      vertex 176 0 3
    endloop
  endfacet
  facet normal -0 0 1
    outer loop
      vertex 151.098 15.66 3
      vertex 176 0 3
      vertex 151.272 16.0119 3
    endloop
  endfacet
  facet normal -0 0 1
    outer loop
      vertex 150.88 15.3337 3
      vertex 176 0 3
      vertex 151.098 15.66 3
    endloop
  endfacet
  facet normal -0 0 1
    outer loop
      vertex 150.621 15.0387 3
      vertex 176 0 3
      vertex 150.88 15.3337 3
    endloop
  endfacet
  facet normal -0 0 1
    outer loop
      vertex 150.326 14.7799 3
      vertex 176 0 3
      vertex 150.621 15.0387 3
    endloop
  endfacet
  facet normal 0 0 1
    outer loop
      vertex 145 4.84 3
      vertex 150.326 14.7799 3
      vertex 150 14.5619 3
    endloop
  endfacet
  facet normal 0 0 1
    outer loop
      vertex 144.974 5.23158 3
      vertex 150 14.5619 3
      vertex 149.648 14.3884 3
    endloop
  endfacet
  facet normal 0 0 1
    outer loop
      vertex 145 8 3
      vertex 149.648 14.3884 3
      vertex 149.276 14.2622 3
    endloop
  endfacet
  facet normal 0 0 1
    outer loop
      vertex 145 8 3
      vertex 149.276 14.2622 3
      vertex 148.892 14.1857 3
    endloop
  endfacet
  facet normal 0 0 1
    outer loop
      vertex 145 8 3
      vertex 148.892 14.1857 3
      vertex 148.5 14.16 3
    endloop
  endfacet
  facet normal 0 0 1
    outer loop
      vertex 145 8 3
      vertex 148.5 14.16 3
      vertex 148.108 14.1857 3
    endloop
  endfacet
  facet normal 0 0 1
    outer loop
      vertex 145 8 3
      vertex 148.108 14.1857 3
      vertex 147.724 14.2622 3
    endloop
  endfacet
  facet normal 0 0 1
    outer loop
      vertex 145 14 3
      vertex 147.724 14.2622 3
      vertex 147.352 14.3884 3
    endloop
  endfacet
  facet normal 0 0 1
    outer loop
      vertex 145 14 3
      vertex 147.352 14.3884 3
      vertex 147 14.5619 3
    endloop
  endfacet
  facet normal 0 0 1
    outer loop
      vertex 145 14 3
      vertex 145.526 16.7684 3
      vertex 145.5 17.16 3
    endloop
  endfacet
  facet normal 0 0 1
    outer loop
      vertex 145 14 3
      vertex 145.602 16.3835 3
      vertex 145.526 16.7684 3
    endloop
  endfacet
  facet normal 0 0 1
    outer loop
      vertex 145 14 3
      vertex 145.728 16.0119 3
      vertex 145.602 16.3835 3
    endloop
  endfacet
  facet normal 0 0 1
    outer loop
      vertex 145 14 3
      vertex 145.902 15.66 3
      vertex 145.728 16.0119 3
    endloop
  endfacet
  facet normal 0 0 1
    outer loop
      vertex 145 14 3
      vertex 146.12 15.3337 3
      vertex 145.902 15.66 3
    endloop
  endfacet
  facet normal 0 0 1
    outer loop
      vertex 145 14 3
      vertex 146.379 15.0387 3
      vertex 146.12 15.3337 3
    endloop
  endfacet
  facet normal 0 0 1
    outer loop
      vertex 145 14 3
      vertex 146.674 14.7799 3
      vertex 146.379 15.0387 3
    endloop
  endfacet
  facet normal 0 0 1
    outer loop
      vertex 145 14 3
      vertex 147 14.5619 3
      vertex 146.674 14.7799 3
    endloop
  endfacet
  facet normal 0 0 1
    outer loop
      vertex 147.724 14.2622 3
      vertex 145 14 3
      vertex 145 8 3
    endloop
  endfacet
  facet normal 0 0 1
    outer loop
      vertex 144.974 5.23158 3
      vertex 149.648 14.3884 3
      vertex 145 8 3
    endloop
  endfacet
  facet normal 0 0 1
    outer loop
      vertex 150.326 14.7799 3
      vertex 145 4.84 3
      vertex 144.974 4.44842 3
    endloop
  endfacet
  facet normal 0 0 1
    outer loop
      vertex 150.326 14.7799 3
      vertex 144.974 4.44842 3
      vertex 176 0 3
    endloop
  endfacet
  facet normal -0 0 1
    outer loop
      vertex 144.898 4.06354 3
      vertex 176 0 3
      vertex 144.974 4.44842 3
    endloop
  endfacet
  facet normal -0 0 1
    outer loop
      vertex 144.772 3.69195 3
      vertex 176 0 3
      vertex 144.898 4.06354 3
    endloop
  endfacet
  facet normal -0 0 1
    outer loop
      vertex 144.598 3.34 3
      vertex 176 0 3
      vertex 144.772 3.69195 3
    endloop
  endfacet
  facet normal -0 0 1
    outer loop
      vertex 144.38 3.01371 3
      vertex 176 0 3
      vertex 144.598 3.34 3
    endloop
  endfacet
  facet normal -0 0 1
    outer loop
      vertex 144.121 2.71868 3
      vertex 176 0 3
      vertex 144.38 3.01371 3
    endloop
  endfacet
  facet normal -0 0 1
    outer loop
      vertex 143.826 2.45994 3
      vertex 176 0 3
      vertex 144.121 2.71868 3
    endloop
  endfacet
  facet normal -0 0 1
    outer loop
      vertex 143.5 2.24192 3
      vertex 176 0 3
      vertex 143.826 2.45994 3
    endloop
  endfacet
  facet normal -0 0 1
    outer loop
      vertex 143.148 2.06836 3
      vertex 176 0 3
      vertex 143.5 2.24192 3
    endloop
  endfacet
  facet normal -0 0 1
    outer loop
      vertex 142.776 1.94222 3
      vertex 176 0 3
      vertex 143.148 2.06836 3
    endloop
  endfacet
  facet normal -0 0 1
    outer loop
      vertex 142.392 1.86566 3
      vertex 176 0 3
      vertex 142.776 1.94222 3
    endloop
  endfacet
  facet normal -0 0 1
    outer loop
      vertex 142 1.84 3
      vertex 176 0 3
      vertex 142.392 1.86566 3
    endloop
  endfacet
  facet normal -0 0 1
    outer loop
      vertex 138.398 16.3835 3
      vertex 139 14 3
      vertex 138.474 16.7684 3
    endloop
  endfacet
  facet normal -0 0 1
    outer loop
      vertex 138.272 16.0119 3
      vertex 139 14 3
      vertex 138.398 16.3835 3
    endloop
  endfacet
  facet normal -0 0 1
    outer loop
      vertex 138.098 15.66 3
      vertex 139 14 3
      vertex 138.272 16.0119 3
    endloop
  endfacet
  facet normal -0 0 1
    outer loop
      vertex 137.88 15.3337 3
      vertex 139 14 3
      vertex 138.098 15.66 3
    endloop
  endfacet
  facet normal -0 0 1
    outer loop
      vertex 137.621 15.0387 3
      vertex 139 14 3
      vertex 137.88 15.3337 3
    endloop
  endfacet
  facet normal -0 0 1
    outer loop
      vertex 137.326 14.7799 3
      vertex 139 14 3
      vertex 137.621 15.0387 3
    endloop
  endfacet
  facet normal -0 0 1
    outer loop
      vertex 137 14.5619 3
      vertex 139 14 3
      vertex 137.326 14.7799 3
    endloop
  endfacet
  facet normal -0 0 1
    outer loop
      vertex 136.648 14.3884 3
      vertex 139 14 3
      vertex 137 14.5619 3
    endloop
  endfacet
  facet normal -0 0 1
    outer loop
      vertex 136.276 14.2622 3
      vertex 139 14 3
      vertex 136.648 14.3884 3
    endloop
  endfacet
  facet normal -0 0 1
    outer loop
      vertex 135.892 14.1857 3
      vertex 139 8 3
      vertex 136.276 14.2622 3
    endloop
  endfacet
  facet normal -0 0 1
    outer loop
      vertex 135.5 14.16 3
      vertex 139 8 3
      vertex 135.892 14.1857 3
    endloop
  endfacet
  facet normal 0 0 1
    outer loop
      vertex 131.974 5.23158 3
      vertex 139.026 5.23158 3
      vertex 139.102 5.61646 3
    endloop
  endfacet
  facet normal 0 0 1
    outer loop
      vertex 139.026 5.23158 3
      vertex 132 4.84 3
      vertex 139 4.84 3
    endloop
  endfacet
  facet normal 0 0 1
    outer loop
      vertex 139 8 3
      vertex 135.5 14.16 3
      vertex 132 8 3
    endloop
  endfacet
  facet normal 0 0 1
    outer loop
      vertex 139 4.84 3
      vertex 132 4.84 3
      vertex 139.026 4.44842 3
    endloop
  endfacet
  facet normal 0 0 1
    outer loop
      vertex 132 8 3
      vertex 135.5 14.16 3
      vertex 135.108 14.1857 3
    endloop
  endfacet
  facet normal 0 0 1
    outer loop
      vertex 132 8 3
      vertex 135.108 14.1857 3
      vertex 134.724 14.2622 3
    endloop
  endfacet
  facet normal 0 0 1
    outer loop
      vertex 132 14 3
      vertex 134.724 14.2622 3
      vertex 134.352 14.3884 3
    endloop
  endfacet
  facet normal 0 0 1
    outer loop
      vertex 132 14 3
      vertex 134.352 14.3884 3
      vertex 134 14.5619 3
    endloop
  endfacet
  facet normal 0 0 1
    outer loop
      vertex 132 14 3
      vertex 134 14.5619 3
      vertex 133.674 14.7799 3
    endloop
  endfacet
  facet normal 0 0 1
    outer loop
      vertex 131.974 4.44842 3
      vertex 139.026 4.44842 3
      vertex 132 4.84 3
    endloop
  endfacet
  facet normal 0 0 1
    outer loop
      vertex 132 14 3
      vertex 133.674 14.7799 3
      vertex 133.379 15.0387 3
    endloop
  endfacet
  facet normal 0 0 1
    outer loop
      vertex 132 14 3
      vertex 133.379 15.0387 3
      vertex 133.12 15.3337 3
    endloop
  endfacet
  facet normal 0 0 1
    outer loop
      vertex 132 14 3
      vertex 133.12 15.3337 3
      vertex 132.902 15.66 3
    endloop
  endfacet
  facet normal 0 0 1
    outer loop
      vertex 132 14 3
      vertex 132.526 16.7684 3
      vertex 132.5 17.16 3
    endloop
  endfacet
  facet normal 0 0 1
    outer loop
      vertex 132 14 3
      vertex 132.602 16.3835 3
      vertex 132.526 16.7684 3
    endloop
  endfacet
  facet normal 0 0 1
    outer loop
      vertex 132 14 3
      vertex 132.728 16.0119 3
      vertex 132.602 16.3835 3
    endloop
  endfacet
  facet normal 0 0 1
    outer loop
      vertex 132 14 3
      vertex 132.902 15.66 3
      vertex 132.728 16.0119 3
    endloop
  endfacet
  facet normal 0 0 1
    outer loop
      vertex 134.724 14.2622 3
      vertex 132 14 3
      vertex 132 8 3
    endloop
  endfacet
  facet normal 0 0 1
    outer loop
      vertex 139.026 4.44842 3
      vertex 131.974 4.44842 3
      vertex 139.102 4.06354 3
    endloop
  endfacet
  facet normal 0 0 1
    outer loop
      vertex 131.898 4.06354 3
      vertex 139.102 4.06354 3
      vertex 131.974 4.44842 3
    endloop
  endfacet
  facet normal 0 0 1
    outer loop
      vertex 139.102 4.06354 3
      vertex 131.898 4.06354 3
      vertex 139.228 3.69195 3
    endloop
  endfacet
  facet normal 0 0 1
    outer loop
      vertex 131.772 3.69195 3
      vertex 139.228 3.69195 3
      vertex 131.898 4.06354 3
    endloop
  endfacet
  facet normal 0 0 1
    outer loop
      vertex 139.228 3.69195 3
      vertex 131.772 3.69195 3
      vertex 139.402 3.34 3
    endloop
  endfacet
  facet normal 0 0 1
    outer loop
      vertex 131.598 3.34 3
      vertex 139.402 3.34 3
      vertex 131.772 3.69195 3
    endloop
  endfacet
  facet normal 0 0 1
    outer loop
      vertex 139.402 3.34 3
      vertex 131.598 3.34 3
      vertex 139.62 3.01371 3
    endloop
  endfacet
  facet normal 0 0 1
    outer loop
      vertex 131.38 3.01371 3
      vertex 139.62 3.01371 3
      vertex 131.598 3.34 3
    endloop
  endfacet
  facet normal 0 0 1
    outer loop
      vertex 139.62 3.01371 3
      vertex 131.38 3.01371 3
      vertex 139.879 2.71868 3
    endloop
  endfacet
  facet normal 0 0 1
    outer loop
      vertex 131.121 2.71868 3
      vertex 139.879 2.71868 3
      vertex 131.38 3.01371 3
    endloop
  endfacet
  facet normal 0 0 1
    outer loop
      vertex 139.879 2.71868 3
      vertex 131.121 2.71868 3
      vertex 140.174 2.45994 3
    endloop
  endfacet
  facet normal 0 0 1
    outer loop
      vertex 130.826 2.45994 3
      vertex 140.174 2.45994 3
      vertex 131.121 2.71868 3
    endloop
  endfacet
  facet normal 0 0 1
    outer loop
      vertex 140.174 2.45994 3
      vertex 130.826 2.45994 3
      vertex 140.5 2.24192 3
    endloop
  endfacet
  facet normal 0 0 1
    outer loop
      vertex 130.5 2.24192 3
      vertex 140.5 2.24192 3
      vertex 130.826 2.45994 3
    endloop
  endfacet
  facet normal 0 0 1
    outer loop
      vertex 140.5 2.24192 3
      vertex 130.5 2.24192 3
      vertex 140.852 2.06836 3
    endloop
  endfacet
  facet normal 0 0 1
    outer loop
      vertex 130.148 2.06836 3
      vertex 140.852 2.06836 3
      vertex 130.5 2.24192 3
    endloop
  endfacet
  facet normal 0 0 1
    outer loop
      vertex 140.852 2.06836 3
      vertex 130.148 2.06836 3
      vertex 141.224 1.94222 3
    endloop
  endfacet
  facet normal 0 0 1
    outer loop
      vertex 129.776 1.94222 3
      vertex 141.224 1.94222 3
      vertex 130.148 2.06836 3
    endloop
  endfacet
  facet normal 0 0 1
    outer loop
      vertex 141.224 1.94222 3
      vertex 129.776 1.94222 3
      vertex 141.608 1.86566 3
    endloop
  endfacet
  facet normal 0 0 1
    outer loop
      vertex 129.392 1.86566 3
      vertex 141.608 1.86566 3
      vertex 129.776 1.94222 3
    endloop
  endfacet
  facet normal 0 0 1
    outer loop
      vertex 141.608 1.86566 3
      vertex 129.392 1.86566 3
      vertex 142 1.84 3
    endloop
  endfacet
  facet normal 0 0 1
    outer loop
      vertex 129 1.84 3
      vertex 142 1.84 3
      vertex 129.392 1.86566 3
    endloop
  endfacet
  facet normal 0 0 1
    outer loop
      vertex 142 1.84 3
      vertex 129 1.84 3
      vertex 176 0 3
    endloop
  endfacet
  facet normal -0 0 1
    outer loop
      vertex 125.398 16.3835 3
      vertex 126 14 3
      vertex 125.474 16.7684 3
    endloop
  endfacet
  facet normal -0 0 1
    outer loop
      vertex 125.272 16.0119 3
      vertex 126 14 3
      vertex 125.398 16.3835 3
    endloop
  endfacet
  facet normal -0 0 1
    outer loop
      vertex 125.098 15.66 3
      vertex 126 14 3
      vertex 125.272 16.0119 3
    endloop
  endfacet
  facet normal -0 0 1
    outer loop
      vertex 124.88 15.3337 3
      vertex 126 14 3
      vertex 125.098 15.66 3
    endloop
  endfacet
  facet normal -0 0 1
    outer loop
      vertex 124.621 15.0387 3
      vertex 126 14 3
      vertex 124.88 15.3337 3
    endloop
  endfacet
  facet normal -0 0 1
    outer loop
      vertex 124.326 14.7799 3
      vertex 126 14 3
      vertex 124.621 15.0387 3
    endloop
  endfacet
  facet normal -0 0 1
    outer loop
      vertex 124 14.5619 3
      vertex 126 14 3
      vertex 124.326 14.7799 3
    endloop
  endfacet
  facet normal -0 0 1
    outer loop
      vertex 123.648 14.3884 3
      vertex 126 14 3
      vertex 124 14.5619 3
    endloop
  endfacet
  facet normal -0 0 1
    outer loop
      vertex 123.276 14.2622 3
      vertex 126 14 3
      vertex 123.648 14.3884 3
    endloop
  endfacet
  facet normal -0 0 1
    outer loop
      vertex 122.892 14.1857 3
      vertex 126 8 3
      vertex 123.276 14.2622 3
    endloop
  endfacet
  facet normal -0 0 1
    outer loop
      vertex 122.5 14.16 3
      vertex 126 8 3
      vertex 122.892 14.1857 3
    endloop
  endfacet
  facet normal 0 0 1
    outer loop
      vertex 118.974 5.23158 3
      vertex 126.026 5.23158 3
      vertex 126.102 5.61646 3
    endloop
  endfacet
  facet normal 0 0 1
    outer loop
      vertex 126.026 5.23158 3
      vertex 119 4.84 3
      vertex 126 4.84 3
    endloop
  endfacet
  facet normal 0 0 1
    outer loop
      vertex 126 8 3
      vertex 122.5 14.16 3
      vertex 119 8 3
    endloop
  endfacet
  facet normal 0 0 1
    outer loop
      vertex 126 4.84 3
      vertex 119 4.84 3
      vertex 126.026 4.44842 3
    endloop
  endfacet
  facet normal 0 0 1
    outer loop
      vertex 119 8 3
      vertex 122.5 14.16 3
      vertex 122.108 14.1857 3
    endloop
  endfacet
  facet normal 0 0 1
    outer loop
      vertex 119 8 3
      vertex 122.108 14.1857 3
      vertex 121.724 14.2622 3
    endloop
  endfacet
  facet normal 0 0 1
    outer loop
      vertex 119 14 3
      vertex 121.724 14.2622 3
      vertex 121.352 14.3884 3
    endloop
  endfacet
  facet normal 0 0 1
    outer loop
      vertex 119 14 3
      vertex 121.352 14.3884 3
      vertex 121 14.5619 3
    endloop
  endfacet
  facet normal 0 0 1
    outer loop
      vertex 119 14 3
      vertex 121 14.5619 3
      vertex 120.674 14.7799 3
    endloop
  endfacet
  facet normal 0 0 1
    outer loop
      vertex 118.974 4.44842 3
      vertex 126.026 4.44842 3
      vertex 119 4.84 3
    endloop
  endfacet
  facet normal 0 0 1
    outer loop
      vertex 119 14 3
      vertex 120.674 14.7799 3
      vertex 120.379 15.0387 3
    endloop
  endfacet
  facet normal 0 0 1
    outer loop
      vertex 119 14 3
      vertex 120.379 15.0387 3
      vertex 120.12 15.3337 3
    endloop
  endfacet
  facet normal 0 0 1
    outer loop
      vertex 119 14 3
      vertex 120.12 15.3337 3
      vertex 119.902 15.66 3
    endloop
  endfacet
  facet normal 0 0 1
    outer loop
      vertex 119 14 3
      vertex 119.526 16.7684 3
      vertex 119.5 17.16 3
    endloop
  endfacet
  facet normal 0 0 1
    outer loop
      vertex 119 14 3
      vertex 119.602 16.3835 3
      vertex 119.526 16.7684 3
    endloop
  endfacet
  facet normal 0 0 1
    outer loop
      vertex 119 14 3
      vertex 119.728 16.0119 3
      vertex 119.602 16.3835 3
    endloop
  endfacet
  facet normal 0 0 1
    outer loop
      vertex 119 14 3
      vertex 119.902 15.66 3
      vertex 119.728 16.0119 3
    endloop
  endfacet
  facet normal 0 0 1
    outer loop
      vertex 121.724 14.2622 3
      vertex 119 14 3
      vertex 119 8 3
    endloop
  endfacet
  facet normal 0 0 1
    outer loop
      vertex 126.026 4.44842 3
      vertex 118.974 4.44842 3
      vertex 126.102 4.06354 3
    endloop
  endfacet
  facet normal 0 0 1
    outer loop
      vertex 118.898 4.06354 3
      vertex 126.102 4.06354 3
      vertex 118.974 4.44842 3
    endloop
  endfacet
  facet normal 0 0 1
    outer loop
      vertex 126.102 4.06354 3
      vertex 118.898 4.06354 3
      vertex 126.228 3.69195 3
    endloop
  endfacet
  facet normal 0 0 1
    outer loop
      vertex 118.772 3.69195 3
      vertex 126.228 3.69195 3
      vertex 118.898 4.06354 3
    endloop
  endfacet
  facet normal 0 0 1
    outer loop
      vertex 126.228 3.69195 3
      vertex 118.772 3.69195 3
      vertex 126.402 3.34 3
    endloop
  endfacet
  facet normal 0 0 1
    outer loop
      vertex 118.598 3.34 3
      vertex 126.402 3.34 3
      vertex 118.772 3.69195 3
    endloop
  endfacet
  facet normal 0 0 1
    outer loop
      vertex 126.402 3.34 3
      vertex 118.598 3.34 3
      vertex 126.62 3.01371 3
    endloop
  endfacet
  facet normal 0 0 1
    outer loop
      vertex 118.38 3.01371 3
      vertex 126.62 3.01371 3
      vertex 118.598 3.34 3
    endloop
  endfacet
  facet normal 0 0 1
    outer loop
      vertex 126.62 3.01371 3
      vertex 118.38 3.01371 3
      vertex 126.879 2.71868 3
    endloop
  endfacet
  facet normal 0 0 1
    outer loop
      vertex 118.121 2.71868 3
      vertex 126.879 2.71868 3
      vertex 118.38 3.01371 3
    endloop
  endfacet
  facet normal 0 0 1
    outer loop
      vertex 126.879 2.71868 3
      vertex 118.121 2.71868 3
      vertex 127.174 2.45994 3
    endloop
  endfacet
  facet normal 0 0 1
    outer loop
      vertex 117.826 2.45994 3
      vertex 127.174 2.45994 3
      vertex 118.121 2.71868 3
    endloop
  endfacet
  facet normal 0 0 1
    outer loop
      vertex 127.174 2.45994 3
      vertex 117.826 2.45994 3
      vertex 127.5 2.24192 3
    endloop
  endfacet
  facet normal 0 0 1
    outer loop
      vertex 117.5 2.24192 3
      vertex 127.5 2.24192 3
      vertex 117.826 2.45994 3
    endloop
  endfacet
  facet normal 0 0 1
    outer loop
      vertex 127.5 2.24192 3
      vertex 117.5 2.24192 3
      vertex 127.852 2.06836 3
    endloop
  endfacet
  facet normal 0 0 1
    outer loop
      vertex 117.148 2.06836 3
      vertex 127.852 2.06836 3
      vertex 117.5 2.24192 3
    endloop
  endfacet
  facet normal 0 0 1
    outer loop
      vertex 127.852 2.06836 3
      vertex 117.148 2.06836 3
      vertex 128.224 1.94222 3
    endloop
  endfacet
  facet normal 0 0 1
    outer loop
      vertex 116.776 1.94222 3
      vertex 128.224 1.94222 3
      vertex 117.148 2.06836 3
    endloop
  endfacet
  facet normal 0 0 1
    outer loop
      vertex 128.224 1.94222 3
      vertex 116.776 1.94222 3
      vertex 128.608 1.86566 3
    endloop
  endfacet
  facet normal 0 0 1
    outer loop
      vertex 116.392 1.86566 3
      vertex 128.608 1.86566 3
      vertex 116.776 1.94222 3
    endloop
  endfacet
  facet normal 0 0 1
    outer loop
      vertex 128.608 1.86566 3
      vertex 116.392 1.86566 3
      vertex 129 1.84 3
    endloop
  endfacet
  facet normal 0 0 1
    outer loop
      vertex 116 1.84 3
      vertex 129 1.84 3
      vertex 116.392 1.86566 3
    endloop
  endfacet
  facet normal 0 0 1
    outer loop
      vertex 129 1.84 3
      vertex 116 1.84 3
      vertex 176 0 3
    endloop
  endfacet
  facet normal -0 0 1
    outer loop
      vertex 112.398 16.3835 3
      vertex 113 14 3
      vertex 112.474 16.7684 3
    endloop
  endfacet
  facet normal -0 0 1
    outer loop
      vertex 112.272 16.0119 3
      vertex 113 14 3
      vertex 112.398 16.3835 3
    endloop
  endfacet
  facet normal -0 0 1
    outer loop
      vertex 112.098 15.66 3
      vertex 113 14 3
      vertex 112.272 16.0119 3
    endloop
  endfacet
  facet normal -0 0 1
    outer loop
      vertex 111.88 15.3337 3
      vertex 113 14 3
      vertex 112.098 15.66 3
    endloop
  endfacet
  facet normal -0 0 1
    outer loop
      vertex 111.621 15.0387 3
      vertex 113 14 3
      vertex 111.88 15.3337 3
    endloop
  endfacet
  facet normal -0 0 1
    outer loop
      vertex 111.326 14.7799 3
      vertex 113 14 3
      vertex 111.621 15.0387 3
    endloop
  endfacet
  facet normal -0 0 1
    outer loop
      vertex 111 14.5619 3
      vertex 113 14 3
      vertex 111.326 14.7799 3
    endloop
  endfacet
  facet normal -0 0 1
    outer loop
      vertex 110.648 14.3884 3
      vertex 113 14 3
      vertex 111 14.5619 3
    endloop
  endfacet
  facet normal -0 0 1
    outer loop
      vertex 110.276 14.2622 3
      vertex 113 14 3
      vertex 110.648 14.3884 3
    endloop
  endfacet
  facet normal -0 0 1
    outer loop
      vertex 109.892 14.1857 3
      vertex 113 8 3
      vertex 110.276 14.2622 3
    endloop
  endfacet
  facet normal -0 0 1
    outer loop
      vertex 109.5 14.16 3
      vertex 113 8 3
      vertex 109.892 14.1857 3
    endloop
  endfacet
  facet normal 0 0 1
    outer loop
      vertex 105.974 5.23158 3
      vertex 113.026 5.23158 3
      vertex 113.102 5.61646 3
    endloop
  endfacet
  facet normal 0 0 1
    outer loop
      vertex 113.026 5.23158 3
      vertex 106 4.84 3
      vertex 113 4.84 3
    endloop
  endfacet
  facet normal 0 0 1
    outer loop
      vertex 113 8 3
      vertex 109.5 14.16 3
      vertex 106 8 3
    endloop
  endfacet
  facet normal 0 0 1
    outer loop
      vertex 113 4.84 3
      vertex 106 4.84 3
      vertex 113.026 4.44842 3
    endloop
  endfacet
  facet normal 0 0 1
    outer loop
      vertex 106 8 3
      vertex 109.5 14.16 3
      vertex 109.108 14.1857 3
    endloop
  endfacet
  facet normal 0 0 1
    outer loop
      vertex 106 8 3
      vertex 109.108 14.1857 3
      vertex 108.724 14.2622 3
    endloop
  endfacet
  facet normal 0 0 1
    outer loop
      vertex 106 14 3
      vertex 108.724 14.2622 3
      vertex 108.352 14.3884 3
    endloop
  endfacet
  facet normal 0 0 1
    outer loop
      vertex 106 14 3
      vertex 108.352 14.3884 3
      vertex 108 14.5619 3
    endloop
  endfacet
  facet normal 0 0 1
    outer loop
      vertex 106 14 3
      vertex 108 14.5619 3
      vertex 107.674 14.7799 3
    endloop
  endfacet
  facet normal 0 0 1
    outer loop
      vertex 105.974 4.44842 3
      vertex 113.026 4.44842 3
      vertex 106 4.84 3
    endloop
  endfacet
  facet normal 0 0 1
    outer loop
      vertex 106 14 3
      vertex 107.674 14.7799 3
      vertex 107.379 15.0387 3
    endloop
  endfacet
  facet normal 0 0 1
    outer loop
      vertex 106 14 3
      vertex 107.379 15.0387 3
      vertex 107.12 15.3337 3
    endloop
  endfacet
  facet normal 0 0 1
    outer loop
      vertex 106 14 3
      vertex 107.12 15.3337 3
      vertex 106.902 15.66 3
    endloop
  endfacet
  facet normal 0 0 1
    outer loop
      vertex 106 14 3
      vertex 106.526 16.7684 3
      vertex 106.5 17.16 3
    endloop
  endfacet
  facet normal 0 0 1
    outer loop
      vertex 106 14 3
      vertex 106.602 16.3835 3
      vertex 106.526 16.7684 3
    endloop
  endfacet
  facet normal 0 0 1
    outer loop
      vertex 106 14 3
      vertex 106.728 16.0119 3
      vertex 106.602 16.3835 3
    endloop
  endfacet
  facet normal 0 0 1
    outer loop
      vertex 106 14 3
      vertex 106.902 15.66 3
      vertex 106.728 16.0119 3
    endloop
  endfacet
  facet normal 0 0 1
    outer loop
      vertex 108.724 14.2622 3
      vertex 106 14 3
      vertex 106 8 3
    endloop
  endfacet
  facet normal 0 0 1
    outer loop
      vertex 113.026 4.44842 3
      vertex 105.974 4.44842 3
      vertex 113.102 4.06354 3
    endloop
  endfacet
  facet normal 0 0 1
    outer loop
      vertex 105.898 4.06354 3
      vertex 113.102 4.06354 3
      vertex 105.974 4.44842 3
    endloop
  endfacet
  facet normal 0 0 1
    outer loop
      vertex 113.102 4.06354 3
      vertex 105.898 4.06354 3
      vertex 113.228 3.69195 3
    endloop
  endfacet
  facet normal 0 0 1
    outer loop
      vertex 105.772 3.69195 3
      vertex 113.228 3.69195 3
      vertex 105.898 4.06354 3
    endloop
  endfacet
  facet normal 0 0 1
    outer loop
      vertex 113.228 3.69195 3
      vertex 105.772 3.69195 3
      vertex 113.402 3.34 3
    endloop
  endfacet
  facet normal 0 0 1
    outer loop
      vertex 105.598 3.34 3
      vertex 113.402 3.34 3
      vertex 105.772 3.69195 3
    endloop
  endfacet
  facet normal 0 0 1
    outer loop
      vertex 113.402 3.34 3
      vertex 105.598 3.34 3
      vertex 113.62 3.01371 3
    endloop
  endfacet
  facet normal 0 0 1
    outer loop
      vertex 105.38 3.01371 3
      vertex 113.62 3.01371 3
      vertex 105.598 3.34 3
    endloop
  endfacet
  facet normal 0 0 1
    outer loop
      vertex 113.62 3.01371 3
      vertex 105.38 3.01371 3
      vertex 113.879 2.71868 3
    endloop
  endfacet
  facet normal 0 0 1
    outer loop
      vertex 105.121 2.71868 3
      vertex 113.879 2.71868 3
      vertex 105.38 3.01371 3
    endloop
  endfacet
  facet normal 0 0 1
    outer loop
      vertex 113.879 2.71868 3
      vertex 105.121 2.71868 3
      vertex 114.174 2.45994 3
    endloop
  endfacet
  facet normal 0 0 1
    outer loop
      vertex 104.826 2.45994 3
      vertex 114.174 2.45994 3
      vertex 105.121 2.71868 3
    endloop
  endfacet
  facet normal 0 0 1
    outer loop
      vertex 114.174 2.45994 3
      vertex 104.826 2.45994 3
      vertex 114.5 2.24192 3
    endloop
  endfacet
  facet normal 0 0 1
    outer loop
      vertex 104.5 2.24192 3
      vertex 114.5 2.24192 3
      vertex 104.826 2.45994 3
    endloop
  endfacet
  facet normal 0 0 1
    outer loop
      vertex 114.5 2.24192 3
      vertex 104.5 2.24192 3
      vertex 114.852 2.06836 3
    endloop
  endfacet
  facet normal 0 0 1
    outer loop
      vertex 104.148 2.06836 3
      vertex 114.852 2.06836 3
      vertex 104.5 2.24192 3
    endloop
  endfacet
  facet normal 0 0 1
    outer loop
      vertex 114.852 2.06836 3
      vertex 104.148 2.06836 3
      vertex 115.224 1.94222 3
    endloop
  endfacet
  facet normal 0 0 1
    outer loop
      vertex 103.776 1.94222 3
      vertex 115.224 1.94222 3
      vertex 104.148 2.06836 3
    endloop
  endfacet
  facet normal 0 0 1
    outer loop
      vertex 115.224 1.94222 3
      vertex 103.776 1.94222 3
      vertex 115.608 1.86566 3
    endloop
  endfacet
  facet normal 0 0 1
    outer loop
      vertex 103.392 1.86566 3
      vertex 115.608 1.86566 3
      vertex 103.776 1.94222 3
    endloop
  endfacet
  facet normal 0 0 1
    outer loop
      vertex 115.608 1.86566 3
      vertex 103.392 1.86566 3
      vertex 116 1.84 3
    endloop
  endfacet
  facet normal 0 0 1
    outer loop
      vertex 103 1.84 3
      vertex 116 1.84 3
      vertex 103.392 1.86566 3
    endloop
  endfacet
  facet normal 0 0 1
    outer loop
      vertex 116 1.84 3
      vertex 103 1.84 3
      vertex 176 0 3
    endloop
  endfacet
  facet normal -0 0 1
    outer loop
      vertex 99.3978 16.3835 3
      vertex 100 14 3
      vertex 99.4743 16.7684 3
    endloop
  endfacet
  facet normal -0 0 1
    outer loop
      vertex 99.2716 16.0119 3
      vertex 100 14 3
      vertex 99.3978 16.3835 3
    endloop
  endfacet
  facet normal -0 0 1
    outer loop
      vertex 99.0981 15.66 3
      vertex 100 14 3
      vertex 99.2716 16.0119 3
    endloop
  endfacet
  facet normal -0 0 1
    outer loop
      vertex 98.8801 15.3337 3
      vertex 100 14 3
      vertex 99.0981 15.66 3
    endloop
  endfacet
  facet normal -0 0 1
    outer loop
      vertex 98.6213 15.0387 3
      vertex 100 14 3
      vertex 98.8801 15.3337 3
    endloop
  endfacet
  facet normal -0 0 1
    outer loop
      vertex 98.3263 14.7799 3
      vertex 100 14 3
      vertex 98.6213 15.0387 3
    endloop
  endfacet
  facet normal -0 0 1
    outer loop
      vertex 98 14.5619 3
      vertex 100 14 3
      vertex 98.3263 14.7799 3
    endloop
  endfacet
  facet normal -0 0 1
    outer loop
      vertex 97.648 14.3884 3
      vertex 100 14 3
      vertex 98 14.5619 3
    endloop
  endfacet
  facet normal -0 0 1
    outer loop
      vertex 97.2765 14.2622 3
      vertex 100 14 3
      vertex 97.648 14.3884 3
    endloop
  endfacet
  facet normal -0 0 1
    outer loop
      vertex 96.8916 14.1857 3
      vertex 100 8 3
      vertex 97.2765 14.2622 3
    endloop
  endfacet
  facet normal -0 0 1
    outer loop
      vertex 96.5 14.16 3
      vertex 100 8 3
      vertex 96.8916 14.1857 3
    endloop
  endfacet
  facet normal 0 0 1
    outer loop
      vertex 92.9743 5.23158 3
      vertex 100.026 5.23158 3
      vertex 100.102 5.61646 3
    endloop
  endfacet
  facet normal 0 0 1
    outer loop
      vertex 100.026 5.23158 3
      vertex 93 4.84 3
      vertex 100 4.84 3
    endloop
  endfacet
  facet normal 0 0 1
    outer loop
      vertex 100 8 3
      vertex 96.5 14.16 3
      vertex 93 8 3
    endloop
  endfacet
  facet normal 0 0 1
    outer loop
      vertex 100 4.84 3
      vertex 93 4.84 3
      vertex 100.026 4.44842 3
    endloop
  endfacet
  facet normal 0 0 1
    outer loop
      vertex 93 8 3
      vertex 96.5 14.16 3
      vertex 96.1084 14.1857 3
    endloop
  endfacet
  facet normal 0 0 1
    outer loop
      vertex 93 8 3
      vertex 96.1084 14.1857 3
      vertex 95.7235 14.2622 3
    endloop
  endfacet
  facet normal 0 0 1
    outer loop
      vertex 93 14 3
      vertex 95.7235 14.2622 3
      vertex 95.352 14.3884 3
    endloop
  endfacet
  facet normal 0 0 1
    outer loop
      vertex 93 14 3
      vertex 95.352 14.3884 3
      vertex 95 14.5619 3
    endloop
  endfacet
  facet normal 0 0 1
    outer loop
      vertex 93 14 3
      vertex 95 14.5619 3
      vertex 94.6737 14.7799 3
    endloop
  endfacet
  facet normal 0 0 1
    outer loop
      vertex 92.9743 4.44842 3
      vertex 100.026 4.44842 3
      vertex 93 4.84 3
    endloop
  endfacet
  facet normal 0 0 1
    outer loop
      vertex 93 14 3
      vertex 94.6737 14.7799 3
      vertex 94.3787 15.0387 3
    endloop
  endfacet
  facet normal 0 0 1
    outer loop
      vertex 93 14 3
      vertex 94.3787 15.0387 3
      vertex 94.1199 15.3337 3
    endloop
  endfacet
  facet normal 0 0 1
    outer loop
      vertex 93 14 3
      vertex 94.1199 15.3337 3
      vertex 93.9019 15.66 3
    endloop
  endfacet
  facet normal 0 0 1
    outer loop
      vertex 93 14 3
      vertex 93.5257 16.7684 3
      vertex 93.5 17.16 3
    endloop
  endfacet
  facet normal 0 0 1
    outer loop
      vertex 93 14 3
      vertex 93.6022 16.3835 3
      vertex 93.5257 16.7684 3
    endloop
  endfacet
  facet normal 0 0 1
    outer loop
      vertex 93 14 3
      vertex 93.7284 16.0119 3
      vertex 93.6022 16.3835 3
    endloop
  endfacet
  facet normal 0 0 1
    outer loop
      vertex 93 14 3
      vertex 93.9019 15.66 3
      vertex 93.7284 16.0119 3
    endloop
  endfacet
  facet normal 0 0 1
    outer loop
      vertex 95.7235 14.2622 3
      vertex 93 14 3
      vertex 93 8 3
    endloop
  endfacet
  facet normal 0 0 1
    outer loop
      vertex 100.026 4.44842 3
      vertex 92.9743 4.44842 3
      vertex 100.102 4.06354 3
    endloop
  endfacet
  facet normal 0 0 1
    outer loop
      vertex 92.8978 4.06354 3
      vertex 100.102 4.06354 3
      vertex 92.9743 4.44842 3
    endloop
  endfacet
  facet normal 0 0 1
    outer loop
      vertex 100.102 4.06354 3
      vertex 92.8978 4.06354 3
      vertex 100.228 3.69195 3
    endloop
  endfacet
  facet normal 0 0 1
    outer loop
      vertex 92.7716 3.69195 3
      vertex 100.228 3.69195 3
      vertex 92.8978 4.06354 3
    endloop
  endfacet
  facet normal 0 0 1
    outer loop
      vertex 100.228 3.69195 3
      vertex 92.7716 3.69195 3
      vertex 100.402 3.34 3
    endloop
  endfacet
  facet normal 0 0 1
    outer loop
      vertex 92.5981 3.34 3
      vertex 100.402 3.34 3
      vertex 92.7716 3.69195 3
    endloop
  endfacet
  facet normal 0 0 1
    outer loop
      vertex 100.402 3.34 3
      vertex 92.5981 3.34 3
      vertex 100.62 3.01371 3
    endloop
  endfacet
  facet normal 0 0 1
    outer loop
      vertex 92.3801 3.01371 3
      vertex 100.62 3.01371 3
      vertex 92.5981 3.34 3
    endloop
  endfacet
  facet normal 0 0 1
    outer loop
      vertex 100.62 3.01371 3
      vertex 92.3801 3.01371 3
      vertex 100.879 2.71868 3
    endloop
  endfacet
  facet normal 0 0 1
    outer loop
      vertex 92.1213 2.71868 3
      vertex 100.879 2.71868 3
      vertex 92.3801 3.01371 3
    endloop
  endfacet
  facet normal 0 0 1
    outer loop
      vertex 100.879 2.71868 3
      vertex 92.1213 2.71868 3
      vertex 101.174 2.45994 3
    endloop
  endfacet
  facet normal 0 0 1
    outer loop
      vertex 91.8263 2.45994 3
      vertex 101.174 2.45994 3
      vertex 92.1213 2.71868 3
    endloop
  endfacet
  facet normal 0 0 1
    outer loop
      vertex 101.174 2.45994 3
      vertex 91.8263 2.45994 3
      vertex 101.5 2.24192 3
    endloop
  endfacet
  facet normal 0 0 1
    outer loop
      vertex 91.5 2.24192 3
      vertex 101.5 2.24192 3
      vertex 91.8263 2.45994 3
    endloop
  endfacet
  facet normal 0 0 1
    outer loop
      vertex 101.5 2.24192 3
      vertex 91.5 2.24192 3
      vertex 101.852 2.06836 3
    endloop
  endfacet
  facet normal 0 0 1
    outer loop
      vertex 91.148 2.06836 3
      vertex 101.852 2.06836 3
      vertex 91.5 2.24192 3
    endloop
  endfacet
  facet normal 0 0 1
    outer loop
      vertex 101.852 2.06836 3
      vertex 91.148 2.06836 3
      vertex 102.224 1.94222 3
    endloop
  endfacet
  facet normal 0 0 1
    outer loop
      vertex 90.7765 1.94222 3
      vertex 102.224 1.94222 3
      vertex 91.148 2.06836 3
    endloop
  endfacet
  facet normal 0 0 1
    outer loop
      vertex 102.224 1.94222 3
      vertex 90.7765 1.94222 3
      vertex 102.608 1.86566 3
    endloop
  endfacet
  facet normal 0 0 1
    outer loop
      vertex 90.3916 1.86566 3
      vertex 102.608 1.86566 3
      vertex 90.7765 1.94222 3
    endloop
  endfacet
  facet normal 0 0 1
    outer loop
      vertex 102.608 1.86566 3
      vertex 90.3916 1.86566 3
      vertex 103 1.84 3
    endloop
  endfacet
  facet normal 0 0 1
    outer loop
      vertex 90 1.84 3
      vertex 103 1.84 3
      vertex 90.3916 1.86566 3
    endloop
  endfacet
  facet normal 0 0 1
    outer loop
      vertex 103 1.84 3
      vertex 90 1.84 3
      vertex 176 0 3
    endloop
  endfacet
  facet normal -0 0 1
    outer loop
      vertex 86.3978 16.3835 3
      vertex 87 14 3
      vertex 86.4743 16.7684 3
    endloop
  endfacet
  facet normal -0 0 1
    outer loop
      vertex 86.2716 16.0119 3
      vertex 87 14 3
      vertex 86.3978 16.3835 3
    endloop
  endfacet
  facet normal -0 0 1
    outer loop
      vertex 86.0981 15.66 3
      vertex 87 14 3
      vertex 86.2716 16.0119 3
    endloop
  endfacet
  facet normal -0 0 1
    outer loop
      vertex 85.8801 15.3337 3
      vertex 87 14 3
      vertex 86.0981 15.66 3
    endloop
  endfacet
  facet normal -0 0 1
    outer loop
      vertex 85.6213 15.0387 3
      vertex 87 14 3
      vertex 85.8801 15.3337 3
    endloop
  endfacet
  facet normal -0 0 1
    outer loop
      vertex 85.3263 14.7799 3
      vertex 87 14 3
      vertex 85.6213 15.0387 3
    endloop
  endfacet
  facet normal -0 0 1
    outer loop
      vertex 85 14.5619 3
      vertex 87 14 3
      vertex 85.3263 14.7799 3
    endloop
  endfacet
  facet normal -0 0 1
    outer loop
      vertex 84.648 14.3884 3
      vertex 87 14 3
      vertex 85 14.5619 3
    endloop
  endfacet
  facet normal -0 0 1
    outer loop
      vertex 84.2765 14.2622 3
      vertex 87 14 3
      vertex 84.648 14.3884 3
    endloop
  endfacet
  facet normal -0 0 1
    outer loop
      vertex 83.8916 14.1857 3
      vertex 87 8 3
      vertex 84.2765 14.2622 3
    endloop
  endfacet
  facet normal -0 0 1
    outer loop
      vertex 83.5 14.16 3
      vertex 87 8 3
      vertex 83.8916 14.1857 3
    endloop
  endfacet
  facet normal 0 0 1
    outer loop
      vertex 79.9743 5.23158 3
      vertex 87.0257 5.23158 3
      vertex 87.1022 5.61646 3
    endloop
  endfacet
  facet normal 0 0 1
    outer loop
      vertex 87.0257 5.23158 3
      vertex 80 4.84 3
      vertex 87 4.84 3
    endloop
  endfacet
  facet normal 0 0 1
    outer loop
      vertex 87 8 3
      vertex 83.5 14.16 3
      vertex 80 8 3
    endloop
  endfacet
  facet normal 0 0 1
    outer loop
      vertex 87 4.84 3
      vertex 80 4.84 3
      vertex 87.0257 4.44842 3
    endloop
  endfacet
  facet normal 0 0 1
    outer loop
      vertex 80 8 3
      vertex 83.5 14.16 3
      vertex 83.1084 14.1857 3
    endloop
  endfacet
  facet normal 0 0 1
    outer loop
      vertex 80 8 3
      vertex 83.1084 14.1857 3
      vertex 82.7235 14.2622 3
    endloop
  endfacet
  facet normal 0 0 1
    outer loop
      vertex 80 14 3
      vertex 82.7235 14.2622 3
      vertex 82.352 14.3884 3
    endloop
  endfacet
  facet normal 0 0 1
    outer loop
      vertex 80 14 3
      vertex 82.352 14.3884 3
      vertex 82 14.5619 3
    endloop
  endfacet
  facet normal 0 0 1
    outer loop
      vertex 80 14 3
      vertex 82 14.5619 3
      vertex 81.6737 14.7799 3
    endloop
  endfacet
  facet normal 0 0 1
    outer loop
      vertex 79.9743 4.44842 3
      vertex 87.0257 4.44842 3
      vertex 80 4.84 3
    endloop
  endfacet
  facet normal 0 0 1
    outer loop
      vertex 80 14 3
      vertex 81.6737 14.7799 3
      vertex 81.3787 15.0387 3
    endloop
  endfacet
  facet normal 0 0 1
    outer loop
      vertex 80 14 3
      vertex 81.3787 15.0387 3
      vertex 81.1199 15.3337 3
    endloop
  endfacet
  facet normal 0 0 1
    outer loop
      vertex 80 14 3
      vertex 81.1199 15.3337 3
      vertex 80.9019 15.66 3
    endloop
  endfacet
  facet normal 0 0 1
    outer loop
      vertex 80 14 3
      vertex 80.5257 16.7684 3
      vertex 80.5 17.16 3
    endloop
  endfacet
  facet normal 0 0 1
    outer loop
      vertex 80 14 3
      vertex 80.6022 16.3835 3
      vertex 80.5257 16.7684 3
    endloop
  endfacet
  facet normal 0 0 1
    outer loop
      vertex 80 14 3
      vertex 80.7284 16.0119 3
      vertex 80.6022 16.3835 3
    endloop
  endfacet
  facet normal 0 0 1
    outer loop
      vertex 80 14 3
      vertex 80.9019 15.66 3
      vertex 80.7284 16.0119 3
    endloop
  endfacet
  facet normal 0 0 1
    outer loop
      vertex 82.7235 14.2622 3
      vertex 80 14 3
      vertex 80 8 3
    endloop
  endfacet
  facet normal 0 0 1
    outer loop
      vertex 87.0257 4.44842 3
      vertex 79.9743 4.44842 3
      vertex 87.1022 4.06354 3
    endloop
  endfacet
  facet normal 0 0 1
    outer loop
      vertex 79.8978 4.06354 3
      vertex 87.1022 4.06354 3
      vertex 79.9743 4.44842 3
    endloop
  endfacet
  facet normal 0 0 1
    outer loop
      vertex 87.1022 4.06354 3
      vertex 79.8978 4.06354 3
      vertex 87.2284 3.69195 3
    endloop
  endfacet
  facet normal 0 0 1
    outer loop
      vertex 79.7716 3.69195 3
      vertex 87.2284 3.69195 3
      vertex 79.8978 4.06354 3
    endloop
  endfacet
  facet normal 0 0 1
    outer loop
      vertex 87.2284 3.69195 3
      vertex 79.7716 3.69195 3
      vertex 87.4019 3.34 3
    endloop
  endfacet
  facet normal 0 0 1
    outer loop
      vertex 79.5981 3.34 3
      vertex 87.4019 3.34 3
      vertex 79.7716 3.69195 3
    endloop
  endfacet
  facet normal 0 0 1
    outer loop
      vertex 87.4019 3.34 3
      vertex 79.5981 3.34 3
      vertex 87.6199 3.01371 3
    endloop
  endfacet
  facet normal 0 0 1
    outer loop
      vertex 79.3801 3.01371 3
      vertex 87.6199 3.01371 3
      vertex 79.5981 3.34 3
    endloop
  endfacet
  facet normal 0 0 1
    outer loop
      vertex 87.6199 3.01371 3
      vertex 79.3801 3.01371 3
      vertex 87.8787 2.71868 3
    endloop
  endfacet
  facet normal 0 0 1
    outer loop
      vertex 79.1213 2.71868 3
      vertex 87.8787 2.71868 3
      vertex 79.3801 3.01371 3
    endloop
  endfacet
  facet normal 0 0 1
    outer loop
      vertex 87.8787 2.71868 3
      vertex 79.1213 2.71868 3
      vertex 88.1737 2.45994 3
    endloop
  endfacet
  facet normal 0 0 1
    outer loop
      vertex 78.8263 2.45994 3
      vertex 88.1737 2.45994 3
      vertex 79.1213 2.71868 3
    endloop
  endfacet
  facet normal 0 0 1
    outer loop
      vertex 88.1737 2.45994 3
      vertex 78.8263 2.45994 3
      vertex 88.5 2.24192 3
    endloop
  endfacet
  facet normal 0 0 1
    outer loop
      vertex 78.5 2.24192 3
      vertex 88.5 2.24192 3
      vertex 78.8263 2.45994 3
    endloop
  endfacet
  facet normal 0 0 1
    outer loop
      vertex 88.5 2.24192 3
      vertex 78.5 2.24192 3
      vertex 88.852 2.06836 3
    endloop
  endfacet
  facet normal 0 0 1
    outer loop
      vertex 78.148 2.06836 3
      vertex 88.852 2.06836 3
      vertex 78.5 2.24192 3
    endloop
  endfacet
  facet normal 0 0 1
    outer loop
      vertex 88.852 2.06836 3
      vertex 78.148 2.06836 3
      vertex 89.2235 1.94222 3
    endloop
  endfacet
  facet normal 0 0 1
    outer loop
      vertex 77.7765 1.94222 3
      vertex 89.2235 1.94222 3
      vertex 78.148 2.06836 3
    endloop
  endfacet
  facet normal 0 0 1
    outer loop
      vertex 89.2235 1.94222 3
      vertex 77.7765 1.94222 3
      vertex 89.6084 1.86566 3
    endloop
  endfacet
  facet normal 0 0 1
    outer loop
      vertex 77.3916 1.86566 3
      vertex 89.6084 1.86566 3
      vertex 77.7765 1.94222 3
    endloop
  endfacet
  facet normal 0 0 1
    outer loop
      vertex 89.6084 1.86566 3
      vertex 77.3916 1.86566 3
      vertex 90 1.84 3
    endloop
  endfacet
  facet normal 0 0 1
    outer loop
      vertex 77 1.84 3
      vertex 90 1.84 3
      vertex 77.3916 1.86566 3
    endloop
  endfacet
  facet normal 0 0 1
    outer loop
      vertex 90 1.84 3
      vertex 77 1.84 3
      vertex 176 0 3
    endloop
  endfacet
  facet normal -0 0 1
    outer loop
      vertex 73.3978 16.3835 3
      vertex 74 14 3
      vertex 73.4743 16.7684 3
    endloop
  endfacet
  facet normal -0 0 1
    outer loop
      vertex 73.2716 16.0119 3
      vertex 74 14 3
      vertex 73.3978 16.3835 3
    endloop
  endfacet
  facet normal -0 0 1
    outer loop
      vertex 73.0981 15.66 3
      vertex 74 14 3
      vertex 73.2716 16.0119 3
    endloop
  endfacet
  facet normal -0 0 1
    outer loop
      vertex 72.8801 15.3337 3
      vertex 74 14 3
      vertex 73.0981 15.66 3
    endloop
  endfacet
  facet normal -0 0 1
    outer loop
      vertex 72.6213 15.0387 3
      vertex 74 14 3
      vertex 72.8801 15.3337 3
    endloop
  endfacet
  facet normal -0 0 1
    outer loop
      vertex 72.3263 14.7799 3
      vertex 74 14 3
      vertex 72.6213 15.0387 3
    endloop
  endfacet
  facet normal -0 0 1
    outer loop
      vertex 72 14.5619 3
      vertex 74 14 3
      vertex 72.3263 14.7799 3
    endloop
  endfacet
  facet normal -0 0 1
    outer loop
      vertex 71.648 14.3884 3
      vertex 74 14 3
      vertex 72 14.5619 3
    endloop
  endfacet
  facet normal -0 0 1
    outer loop
      vertex 71.2765 14.2622 3
      vertex 74 14 3
      vertex 71.648 14.3884 3
    endloop
  endfacet
  facet normal -0 0 1
    outer loop
      vertex 70.8916 14.1857 3
      vertex 74 8 3
      vertex 71.2765 14.2622 3
    endloop
  endfacet
  facet normal -0 0 1
    outer loop
      vertex 70.5 14.16 3
      vertex 74 8 3
      vertex 70.8916 14.1857 3
    endloop
  endfacet
  facet normal 0 0 1
    outer loop
      vertex 66.9743 5.23158 3
      vertex 74.0257 5.23158 3
      vertex 74.1022 5.61646 3
    endloop
  endfacet
  facet normal 0 0 1
    outer loop
      vertex 74.0257 5.23158 3
      vertex 67 4.84 3
      vertex 74 4.84 3
    endloop
  endfacet
  facet normal 0 0 1
    outer loop
      vertex 74 8 3
      vertex 70.5 14.16 3
      vertex 67 8 3
    endloop
  endfacet
  facet normal 0 0 1
    outer loop
      vertex 74 4.84 3
      vertex 67 4.84 3
      vertex 74.0257 4.44842 3
    endloop
  endfacet
  facet normal 0 0 1
    outer loop
      vertex 67 8 3
      vertex 70.5 14.16 3
      vertex 70.1084 14.1857 3
    endloop
  endfacet
  facet normal 0 0 1
    outer loop
      vertex 67 8 3
      vertex 70.1084 14.1857 3
      vertex 69.7235 14.2622 3
    endloop
  endfacet
  facet normal 0 0 1
    outer loop
      vertex 67 14 3
      vertex 69.7235 14.2622 3
      vertex 69.352 14.3884 3
    endloop
  endfacet
  facet normal 0 0 1
    outer loop
      vertex 67 14 3
      vertex 69.352 14.3884 3
      vertex 69 14.5619 3
    endloop
  endfacet
  facet normal 0 0 1
    outer loop
      vertex 67 14 3
      vertex 69 14.5619 3
      vertex 68.6737 14.7799 3
    endloop
  endfacet
  facet normal 0 0 1
    outer loop
      vertex 66.9743 4.44842 3
      vertex 74.0257 4.44842 3
      vertex 67 4.84 3
    endloop
  endfacet
  facet normal 0 0 1
    outer loop
      vertex 67 14 3
      vertex 68.6737 14.7799 3
      vertex 68.3787 15.0387 3
    endloop
  endfacet
  facet normal 0 0 1
    outer loop
      vertex 67 14 3
      vertex 68.3787 15.0387 3
      vertex 68.1199 15.3337 3
    endloop
  endfacet
  facet normal 0 0 1
    outer loop
      vertex 67 14 3
      vertex 68.1199 15.3337 3
      vertex 67.9019 15.66 3
    endloop
  endfacet
  facet normal 0 0 1
    outer loop
      vertex 67 14 3
      vertex 67.5257 16.7684 3
      vertex 67.5 17.16 3
    endloop
  endfacet
  facet normal 0 0 1
    outer loop
      vertex 67 14 3
      vertex 67.6022 16.3835 3
      vertex 67.5257 16.7684 3
    endloop
  endfacet
  facet normal 0 0 1
    outer loop
      vertex 67 14 3
      vertex 67.7284 16.0119 3
      vertex 67.6022 16.3835 3
    endloop
  endfacet
  facet normal 0 0 1
    outer loop
      vertex 67 14 3
      vertex 67.9019 15.66 3
      vertex 67.7284 16.0119 3
    endloop
  endfacet
  facet normal 0 0 1
    outer loop
      vertex 69.7235 14.2622 3
      vertex 67 14 3
      vertex 67 8 3
    endloop
  endfacet
  facet normal 0 0 1
    outer loop
      vertex 74.0257 4.44842 3
      vertex 66.9743 4.44842 3
      vertex 74.1022 4.06354 3
    endloop
  endfacet
  facet normal 0 0 1
    outer loop
      vertex 66.8978 4.06354 3
      vertex 74.1022 4.06354 3
      vertex 66.9743 4.44842 3
    endloop
  endfacet
  facet normal 0 0 1
    outer loop
      vertex 74.1022 4.06354 3
      vertex 66.8978 4.06354 3
      vertex 74.2284 3.69195 3
    endloop
  endfacet
  facet normal 0 0 1
    outer loop
      vertex 66.7716 3.69195 3
      vertex 74.2284 3.69195 3
      vertex 66.8978 4.06354 3
    endloop
  endfacet
  facet normal 0 0 1
    outer loop
      vertex 74.2284 3.69195 3
      vertex 66.7716 3.69195 3
      vertex 74.4019 3.34 3
    endloop
  endfacet
  facet normal 0 0 1
    outer loop
      vertex 66.5981 3.34 3
      vertex 74.4019 3.34 3
      vertex 66.7716 3.69195 3
    endloop
  endfacet
  facet normal 0 0 1
    outer loop
      vertex 74.4019 3.34 3
      vertex 66.5981 3.34 3
      vertex 74.6199 3.01371 3
    endloop
  endfacet
  facet normal 0 0 1
    outer loop
      vertex 66.3801 3.01371 3
      vertex 74.6199 3.01371 3
      vertex 66.5981 3.34 3
    endloop
  endfacet
  facet normal 0 0 1
    outer loop
      vertex 74.6199 3.01371 3
      vertex 66.3801 3.01371 3
      vertex 74.8787 2.71868 3
    endloop
  endfacet
  facet normal 0 0 1
    outer loop
      vertex 66.1213 2.71868 3
      vertex 74.8787 2.71868 3
      vertex 66.3801 3.01371 3
    endloop
  endfacet
  facet normal 0 0 1
    outer loop
      vertex 74.8787 2.71868 3
      vertex 66.1213 2.71868 3
      vertex 75.1737 2.45994 3
    endloop
  endfacet
  facet normal 0 0 1
    outer loop
      vertex 65.8263 2.45994 3
      vertex 75.1737 2.45994 3
      vertex 66.1213 2.71868 3
    endloop
  endfacet
  facet normal 0 0 1
    outer loop
      vertex 75.1737 2.45994 3
      vertex 65.8263 2.45994 3
      vertex 75.5 2.24192 3
    endloop
  endfacet
  facet normal 0 0 1
    outer loop
      vertex 65.5 2.24192 3
      vertex 75.5 2.24192 3
      vertex 65.8263 2.45994 3
    endloop
  endfacet
  facet normal 0 0 1
    outer loop
      vertex 75.5 2.24192 3
      vertex 65.5 2.24192 3
      vertex 75.852 2.06836 3
    endloop
  endfacet
  facet normal 0 0 1
    outer loop
      vertex 65.148 2.06836 3
      vertex 75.852 2.06836 3
      vertex 65.5 2.24192 3
    endloop
  endfacet
  facet normal 0 0 1
    outer loop
      vertex 75.852 2.06836 3
      vertex 65.148 2.06836 3
      vertex 76.2235 1.94222 3
    endloop
  endfacet
  facet normal 0 0 1
    outer loop
      vertex 64.7765 1.94222 3
      vertex 76.2235 1.94222 3
      vertex 65.148 2.06836 3
    endloop
  endfacet
  facet normal 0 0 1
    outer loop
      vertex 76.2235 1.94222 3
      vertex 64.7765 1.94222 3
      vertex 76.6084 1.86566 3
    endloop
  endfacet
  facet normal 0 0 1
    outer loop
      vertex 64.3916 1.86566 3
      vertex 76.6084 1.86566 3
      vertex 64.7765 1.94222 3
    endloop
  endfacet
  facet normal 0 0 1
    outer loop
      vertex 76.6084 1.86566 3
      vertex 64.3916 1.86566 3
      vertex 77 1.84 3
    endloop
  endfacet
  facet normal 0 0 1
    outer loop
      vertex 64 1.84 3
      vertex 77 1.84 3
      vertex 64.3916 1.86566 3
    endloop
  endfacet
  facet normal 0 0 1
    outer loop
      vertex 4 0 3
      vertex 77 1.84 3
      vertex 64 1.84 3
    endloop
  endfacet
  facet normal -0 0 1
    outer loop
      vertex 60.3978 16.3835 3
      vertex 61 14 3
      vertex 60.4743 16.7684 3
    endloop
  endfacet
  facet normal -0 0 1
    outer loop
      vertex 60.2716 16.0119 3
      vertex 61 14 3
      vertex 60.3978 16.3835 3
    endloop
  endfacet
  facet normal -0 0 1
    outer loop
      vertex 60.0981 15.66 3
      vertex 61 14 3
      vertex 60.2716 16.0119 3
    endloop
  endfacet
  facet normal -0 0 1
    outer loop
      vertex 59.8801 15.3337 3
      vertex 61 14 3
      vertex 60.0981 15.66 3
    endloop
  endfacet
  facet normal -0 0 1
    outer loop
      vertex 59.6213 15.0387 3
      vertex 61 14 3
      vertex 59.8801 15.3337 3
    endloop
  endfacet
  facet normal -0 0 1
    outer loop
      vertex 59.3263 14.7799 3
      vertex 61 14 3
      vertex 59.6213 15.0387 3
    endloop
  endfacet
  facet normal -0 0 1
    outer loop
      vertex 59 14.5619 3
      vertex 61 14 3
      vertex 59.3263 14.7799 3
    endloop
  endfacet
  facet normal -0 0 1
    outer loop
      vertex 58.648 14.3884 3
      vertex 61 14 3
      vertex 59 14.5619 3
    endloop
  endfacet
  facet normal -0 0 1
    outer loop
      vertex 58.2765 14.2622 3
      vertex 61 14 3
      vertex 58.648 14.3884 3
    endloop
  endfacet
  facet normal -0 0 1
    outer loop
      vertex 57.8916 14.1857 3
      vertex 61 8 3
      vertex 58.2765 14.2622 3
    endloop
  endfacet
  facet normal -0 0 1
    outer loop
      vertex 57.5 14.16 3
      vertex 61 8 3
      vertex 57.8916 14.1857 3
    endloop
  endfacet
  facet normal 0 0 1
    outer loop
      vertex 53.9743 5.23158 3
      vertex 61.0257 5.23158 3
      vertex 61.1022 5.61646 3
    endloop
  endfacet
  facet normal 0 0 1
    outer loop
      vertex 61.0257 5.23158 3
      vertex 54 4.84 3
      vertex 61 4.84 3
    endloop
  endfacet
  facet normal 0 0 1
    outer loop
      vertex 61 8 3
      vertex 57.5 14.16 3
      vertex 54 8 3
    endloop
  endfacet
  facet normal 0 0 1
    outer loop
      vertex 61 4.84 3
      vertex 54 4.84 3
      vertex 61.0257 4.44842 3
    endloop
  endfacet
  facet normal 0 0 1
    outer loop
      vertex 54 8 3
      vertex 57.5 14.16 3
      vertex 57.1084 14.1857 3
    endloop
  endfacet
  facet normal 0 0 1
    outer loop
      vertex 54 8 3
      vertex 57.1084 14.1857 3
      vertex 56.7235 14.2622 3
    endloop
  endfacet
  facet normal 0 0 1
    outer loop
      vertex 54 14 3
      vertex 56.7235 14.2622 3
      vertex 56.352 14.3884 3
    endloop
  endfacet
  facet normal 0 0 1
    outer loop
      vertex 54 14 3
      vertex 56.352 14.3884 3
      vertex 56 14.5619 3
    endloop
  endfacet
  facet normal 0 0 1
    outer loop
      vertex 54 14 3
      vertex 56 14.5619 3
      vertex 55.6737 14.7799 3
    endloop
  endfacet
  facet normal 0 0 1
    outer loop
      vertex 53.9743 4.44842 3
      vertex 61.0257 4.44842 3
      vertex 54 4.84 3
    endloop
  endfacet
  facet normal 0 0 1
    outer loop
      vertex 54 14 3
      vertex 55.6737 14.7799 3
      vertex 55.3787 15.0387 3
    endloop
  endfacet
  facet normal 0 0 1
    outer loop
      vertex 54 14 3
      vertex 55.3787 15.0387 3
      vertex 55.1199 15.3337 3
    endloop
  endfacet
  facet normal 0 0 1
    outer loop
      vertex 54 14 3
      vertex 55.1199 15.3337 3
      vertex 54.9019 15.66 3
    endloop
  endfacet
  facet normal 0 0 1
    outer loop
      vertex 54 14 3
      vertex 54.5257 16.7684 3
      vertex 54.5 17.16 3
    endloop
  endfacet
  facet normal 0 0 1
    outer loop
      vertex 54 14 3
      vertex 54.6022 16.3835 3
      vertex 54.5257 16.7684 3
    endloop
  endfacet
  facet normal 0 0 1
    outer loop
      vertex 54 14 3
      vertex 54.7284 16.0119 3
      vertex 54.6022 16.3835 3
    endloop
  endfacet
  facet normal 0 0 1
    outer loop
      vertex 54 14 3
      vertex 54.9019 15.66 3
      vertex 54.7284 16.0119 3
    endloop
  endfacet
  facet normal 0 0 1
    outer loop
      vertex 56.7235 14.2622 3
      vertex 54 14 3
      vertex 54 8 3
    endloop
  endfacet
  facet normal 0 0 1
    outer loop
      vertex 61.0257 4.44842 3
      vertex 53.9743 4.44842 3
      vertex 61.1022 4.06354 3
    endloop
  endfacet
  facet normal 0 0 1
    outer loop
      vertex 53.8978 4.06354 3
      vertex 61.1022 4.06354 3
      vertex 53.9743 4.44842 3
    endloop
  endfacet
  facet normal 0 0 1
    outer loop
      vertex 61.1022 4.06354 3
      vertex 53.8978 4.06354 3
      vertex 61.2284 3.69195 3
    endloop
  endfacet
  facet normal 0 0 1
    outer loop
      vertex 53.7716 3.69195 3
      vertex 61.2284 3.69195 3
      vertex 53.8978 4.06354 3
    endloop
  endfacet
  facet normal 0 0 1
    outer loop
      vertex 61.2284 3.69195 3
      vertex 53.7716 3.69195 3
      vertex 61.4019 3.34 3
    endloop
  endfacet
  facet normal 0 0 1
    outer loop
      vertex 53.5981 3.34 3
      vertex 61.4019 3.34 3
      vertex 53.7716 3.69195 3
    endloop
  endfacet
  facet normal 0 0 1
    outer loop
      vertex 61.4019 3.34 3
      vertex 53.5981 3.34 3
      vertex 61.6199 3.01371 3
    endloop
  endfacet
  facet normal 0 0 1
    outer loop
      vertex 53.3801 3.01371 3
      vertex 61.6199 3.01371 3
      vertex 53.5981 3.34 3
    endloop
  endfacet
  facet normal 0 0 1
    outer loop
      vertex 61.6199 3.01371 3
      vertex 53.3801 3.01371 3
      vertex 61.8787 2.71868 3
    endloop
  endfacet
  facet normal 0 0 1
    outer loop
      vertex 53.1213 2.71868 3
      vertex 61.8787 2.71868 3
      vertex 53.3801 3.01371 3
    endloop
  endfacet
  facet normal 0 0 1
    outer loop
      vertex 61.8787 2.71868 3
      vertex 53.1213 2.71868 3
      vertex 62.1737 2.45994 3
    endloop
  endfacet
  facet normal 0 0 1
    outer loop
      vertex 52.8263 2.45994 3
      vertex 62.1737 2.45994 3
      vertex 53.1213 2.71868 3
    endloop
  endfacet
  facet normal 0 0 1
    outer loop
      vertex 62.1737 2.45994 3
      vertex 52.8263 2.45994 3
      vertex 62.5 2.24192 3
    endloop
  endfacet
  facet normal 0 0 1
    outer loop
      vertex 52.5 2.24192 3
      vertex 62.5 2.24192 3
      vertex 52.8263 2.45994 3
    endloop
  endfacet
  facet normal 0 0 1
    outer loop
      vertex 62.5 2.24192 3
      vertex 52.5 2.24192 3
      vertex 62.852 2.06836 3
    endloop
  endfacet
  facet normal 0 0 1
    outer loop
      vertex 52.148 2.06836 3
      vertex 62.852 2.06836 3
      vertex 52.5 2.24192 3
    endloop
  endfacet
  facet normal 0 0 1
    outer loop
      vertex 62.852 2.06836 3
      vertex 52.148 2.06836 3
      vertex 63.2235 1.94222 3
    endloop
  endfacet
  facet normal 0 0 1
    outer loop
      vertex 51.7765 1.94222 3
      vertex 63.2235 1.94222 3
      vertex 52.148 2.06836 3
    endloop
  endfacet
  facet normal 0 0 1
    outer loop
      vertex 63.2235 1.94222 3
      vertex 51.7765 1.94222 3
      vertex 63.6084 1.86566 3
    endloop
  endfacet
  facet normal 0 0 1
    outer loop
      vertex 51.3916 1.86566 3
      vertex 63.6084 1.86566 3
      vertex 51.7765 1.94222 3
    endloop
  endfacet
  facet normal 0 0 1
    outer loop
      vertex 63.6084 1.86566 3
      vertex 51.3916 1.86566 3
      vertex 64 1.84 3
    endloop
  endfacet
  facet normal 0 0 1
    outer loop
      vertex 51 1.84 3
      vertex 64 1.84 3
      vertex 51.3916 1.86566 3
    endloop
  endfacet
  facet normal 0 0 1
    outer loop
      vertex 4 0 3
      vertex 64 1.84 3
      vertex 51 1.84 3
    endloop
  endfacet
  facet normal -0 0 1
    outer loop
      vertex 47.3978 16.3835 3
      vertex 48 14 3
      vertex 47.4743 16.7684 3
    endloop
  endfacet
  facet normal -0 0 1
    outer loop
      vertex 47.2716 16.0119 3
      vertex 48 14 3
      vertex 47.3978 16.3835 3
    endloop
  endfacet
  facet normal -0 0 1
    outer loop
      vertex 47.0981 15.66 3
      vertex 48 14 3
      vertex 47.2716 16.0119 3
    endloop
  endfacet
  facet normal -0 0 1
    outer loop
      vertex 46.8801 15.3337 3
      vertex 48 14 3
      vertex 47.0981 15.66 3
    endloop
  endfacet
  facet normal -0 0 1
    outer loop
      vertex 46.6213 15.0387 3
      vertex 48 14 3
      vertex 46.8801 15.3337 3
    endloop
  endfacet
  facet normal -0 0 1
    outer loop
      vertex 46.3263 14.7799 3
      vertex 48 14 3
      vertex 46.6213 15.0387 3
    endloop
  endfacet
  facet normal -0 0 1
    outer loop
      vertex 46 14.5619 3
      vertex 48 14 3
      vertex 46.3263 14.7799 3
    endloop
  endfacet
  facet normal -0 0 1
    outer loop
      vertex 45.648 14.3884 3
      vertex 48 14 3
      vertex 46 14.5619 3
    endloop
  endfacet
  facet normal -0 0 1
    outer loop
      vertex 45.2765 14.2622 3
      vertex 48 14 3
      vertex 45.648 14.3884 3
    endloop
  endfacet
  facet normal -0 0 1
    outer loop
      vertex 44.8916 14.1857 3
      vertex 48 8 3
      vertex 45.2765 14.2622 3
    endloop
  endfacet
  facet normal -0 0 1
    outer loop
      vertex 44.5 14.16 3
      vertex 48 8 3
      vertex 44.8916 14.1857 3
    endloop
  endfacet
  facet normal 0 0 1
    outer loop
      vertex 40.9743 5.23158 3
      vertex 48.0257 5.23158 3
      vertex 48.1022 5.61646 3
    endloop
  endfacet
  facet normal 0 0 1
    outer loop
      vertex 48.0257 5.23158 3
      vertex 41 4.84 3
      vertex 48 4.84 3
    endloop
  endfacet
  facet normal 0 0 1
    outer loop
      vertex 48 8 3
      vertex 44.5 14.16 3
      vertex 41 8 3
    endloop
  endfacet
  facet normal 0 0 1
    outer loop
      vertex 48 4.84 3
      vertex 41 4.84 3
      vertex 48.0257 4.44842 3
    endloop
  endfacet
  facet normal 0 0 1
    outer loop
      vertex 41 8 3
      vertex 44.5 14.16 3
      vertex 44.1084 14.1857 3
    endloop
  endfacet
  facet normal 0 0 1
    outer loop
      vertex 41 8 3
      vertex 44.1084 14.1857 3
      vertex 43.7235 14.2622 3
    endloop
  endfacet
  facet normal 0 0 1
    outer loop
      vertex 41 14 3
      vertex 43.7235 14.2622 3
      vertex 43.352 14.3884 3
    endloop
  endfacet
  facet normal 0 0 1
    outer loop
      vertex 41 14 3
      vertex 43.352 14.3884 3
      vertex 43 14.5619 3
    endloop
  endfacet
  facet normal 0 0 1
    outer loop
      vertex 41 14 3
      vertex 43 14.5619 3
      vertex 42.6737 14.7799 3
    endloop
  endfacet
  facet normal 0 0 1
    outer loop
      vertex 40.9743 4.44842 3
      vertex 48.0257 4.44842 3
      vertex 41 4.84 3
    endloop
  endfacet
  facet normal 0 0 1
    outer loop
      vertex 41 14 3
      vertex 42.6737 14.7799 3
      vertex 42.3787 15.0387 3
    endloop
  endfacet
  facet normal 0 0 1
    outer loop
      vertex 41 14 3
      vertex 42.3787 15.0387 3
      vertex 42.1199 15.3337 3
    endloop
  endfacet
  facet normal 0 0 1
    outer loop
      vertex 41 14 3
      vertex 42.1199 15.3337 3
      vertex 41.9019 15.66 3
    endloop
  endfacet
  facet normal 0 0 1
    outer loop
      vertex 41 14 3
      vertex 41.5257 16.7684 3
      vertex 41.5 17.16 3
    endloop
  endfacet
  facet normal 0 0 1
    outer loop
      vertex 41 14 3
      vertex 41.6022 16.3835 3
      vertex 41.5257 16.7684 3
    endloop
  endfacet
  facet normal 0 0 1
    outer loop
      vertex 41 14 3
      vertex 41.7284 16.0119 3
      vertex 41.6022 16.3835 3
    endloop
  endfacet
  facet normal 0 0 1
    outer loop
      vertex 41 14 3
      vertex 41.9019 15.66 3
      vertex 41.7284 16.0119 3
    endloop
  endfacet
  facet normal 0 0 1
    outer loop
      vertex 43.7235 14.2622 3
      vertex 41 14 3
      vertex 41 8 3
    endloop
  endfacet
  facet normal 0 0 1
    outer loop
      vertex 48.0257 4.44842 3
      vertex 40.9743 4.44842 3
      vertex 48.1022 4.06354 3
    endloop
  endfacet
  facet normal 0 0 1
    outer loop
      vertex 40.8978 4.06354 3
      vertex 48.1022 4.06354 3
      vertex 40.9743 4.44842 3
    endloop
  endfacet
  facet normal 0 0 1
    outer loop
      vertex 48.1022 4.06354 3
      vertex 40.8978 4.06354 3
      vertex 48.2284 3.69195 3
    endloop
  endfacet
  facet normal 0 0 1
    outer loop
      vertex 40.7716 3.69195 3
      vertex 48.2284 3.69195 3
      vertex 40.8978 4.06354 3
    endloop
  endfacet
  facet normal 0 0 1
    outer loop
      vertex 48.2284 3.69195 3
      vertex 40.7716 3.69195 3
      vertex 48.4019 3.34 3
    endloop
  endfacet
  facet normal 0 0 1
    outer loop
      vertex 40.5981 3.34 3
      vertex 48.4019 3.34 3
      vertex 40.7716 3.69195 3
    endloop
  endfacet
  facet normal 0 0 1
    outer loop
      vertex 48.4019 3.34 3
      vertex 40.5981 3.34 3
      vertex 48.6199 3.01371 3
    endloop
  endfacet
  facet normal 0 0 1
    outer loop
      vertex 40.3801 3.01371 3
      vertex 48.6199 3.01371 3
      vertex 40.5981 3.34 3
    endloop
  endfacet
  facet normal 0 0 1
    outer loop
      vertex 48.6199 3.01371 3
      vertex 40.3801 3.01371 3
      vertex 48.8787 2.71868 3
    endloop
  endfacet
  facet normal 0 0 1
    outer loop
      vertex 40.1213 2.71868 3
      vertex 48.8787 2.71868 3
      vertex 40.3801 3.01371 3
    endloop
  endfacet
  facet normal 0 0 1
    outer loop
      vertex 48.8787 2.71868 3
      vertex 40.1213 2.71868 3
      vertex 49.1737 2.45994 3
    endloop
  endfacet
  facet normal 0 0 1
    outer loop
      vertex 39.8263 2.45994 3
      vertex 49.1737 2.45994 3
      vertex 40.1213 2.71868 3
    endloop
  endfacet
  facet normal 0 0 1
    outer loop
      vertex 49.1737 2.45994 3
      vertex 39.8263 2.45994 3
      vertex 49.5 2.24192 3
    endloop
  endfacet
  facet normal 0 0 1
    outer loop
      vertex 39.5 2.24192 3
      vertex 49.5 2.24192 3
      vertex 39.8263 2.45994 3
    endloop
  endfacet
  facet normal 0 0 1
    outer loop
      vertex 49.5 2.24192 3
      vertex 39.5 2.24192 3
      vertex 49.852 2.06836 3
    endloop
  endfacet
  facet normal 0 0 1
    outer loop
      vertex 39.148 2.06836 3
      vertex 49.852 2.06836 3
      vertex 39.5 2.24192 3
    endloop
  endfacet
  facet normal 0 0 1
    outer loop
      vertex 49.852 2.06836 3
      vertex 39.148 2.06836 3
      vertex 50.2235 1.94222 3
    endloop
  endfacet
  facet normal 0 0 1
    outer loop
      vertex 38.7765 1.94222 3
      vertex 50.2235 1.94222 3
      vertex 39.148 2.06836 3
    endloop
  endfacet
  facet normal 0 0 1
    outer loop
      vertex 50.2235 1.94222 3
      vertex 38.7765 1.94222 3
      vertex 50.6084 1.86566 3
    endloop
  endfacet
  facet normal 0 0 1
    outer loop
      vertex 38.3916 1.86566 3
      vertex 50.6084 1.86566 3
      vertex 38.7765 1.94222 3
    endloop
  endfacet
  facet normal 0 0 1
    outer loop
      vertex 50.6084 1.86566 3
      vertex 38.3916 1.86566 3
      vertex 51 1.84 3
    endloop
  endfacet
  facet normal 0 0 1
    outer loop
      vertex 38 1.84 3
      vertex 51 1.84 3
      vertex 38.3916 1.86566 3
    endloop
  endfacet
  facet normal 0 0 1
    outer loop
      vertex 4 0 3
      vertex 51 1.84 3
      vertex 38 1.84 3
    endloop
  endfacet
  facet normal -0 0 1
    outer loop
      vertex 34.3978 16.3835 3
      vertex 35 14 3
      vertex 34.4743 16.7684 3
    endloop
  endfacet
  facet normal -0 0 1
    outer loop
      vertex 34.2716 16.0119 3
      vertex 35 14 3
      vertex 34.3978 16.3835 3
    endloop
  endfacet
  facet normal -0 0 1
    outer loop
      vertex 34.0981 15.66 3
      vertex 35 14 3
      vertex 34.2716 16.0119 3
    endloop
  endfacet
  facet normal -0 0 1
    outer loop
      vertex 33.8801 15.3337 3
      vertex 35 14 3
      vertex 34.0981 15.66 3
    endloop
  endfacet
  facet normal -0 0 1
    outer loop
      vertex 33.6213 15.0387 3
      vertex 35 14 3
      vertex 33.8801 15.3337 3
    endloop
  endfacet
  facet normal -0 0 1
    outer loop
      vertex 33.3263 14.7799 3
      vertex 35 14 3
      vertex 33.6213 15.0387 3
    endloop
  endfacet
  facet normal -0 0 1
    outer loop
      vertex 33 14.5619 3
      vertex 35 14 3
      vertex 33.3263 14.7799 3
    endloop
  endfacet
  facet normal -0 0 1
    outer loop
      vertex 32.648 14.3884 3
      vertex 35 14 3
      vertex 33 14.5619 3
    endloop
  endfacet
  facet normal -0 0 1
    outer loop
      vertex 32.2765 14.2622 3
      vertex 35 14 3
      vertex 32.648 14.3884 3
    endloop
  endfacet
  facet normal -0 0 1
    outer loop
      vertex 31.8916 14.1857 3
      vertex 35 8 3
      vertex 32.2765 14.2622 3
    endloop
  endfacet
  facet normal -0 0 1
    outer loop
      vertex 31.5 14.16 3
      vertex 35 8 3
      vertex 31.8916 14.1857 3
    endloop
  endfacet
  facet normal 0 0 1
    outer loop
      vertex 31.1084 14.1857 3
      vertex 35 8 3
      vertex 31.5 14.16 3
    endloop
  endfacet
  facet normal 0 0 1
    outer loop
      vertex 30.7235 14.2622 3
      vertex 35 8 3
      vertex 31.1084 14.1857 3
    endloop
  endfacet
  facet normal 0 0 1
    outer loop
      vertex 30.3519 14.3884 3
      vertex 35 8 3
      vertex 30.7235 14.2622 3
    endloop
  endfacet
  facet normal 0 0 1
    outer loop
      vertex 30 14.5619 3
      vertex 35.0257 5.23158 3
      vertex 30.3519 14.3884 3
    endloop
  endfacet
  facet normal 0 0 1
    outer loop
      vertex 35.0257 5.23158 3
      vertex 30 14.5619 3
      vertex 35 4.84 3
    endloop
  endfacet
  facet normal 0 0 1
    outer loop
      vertex 29.6737 14.7799 3
      vertex 35 4.84 3
      vertex 30 14.5619 3
    endloop
  endfacet
  facet normal 0 0 1
    outer loop
      vertex 35 4.84 3
      vertex 29.6737 14.7799 3
      vertex 35.0257 4.44842 3
    endloop
  endfacet
  facet normal 0 0 1
    outer loop
      vertex 4 0 3
      vertex 35.0257 4.44842 3
      vertex 29.6737 14.7799 3
    endloop
  endfacet
  facet normal 0 0 1
    outer loop
      vertex 35.0257 4.44842 3
      vertex 4 0 3
      vertex 35.1022 4.06354 3
    endloop
  endfacet
  facet normal 0 0 1
    outer loop
      vertex 35.1022 4.06354 3
      vertex 4 0 3
      vertex 35.2284 3.69195 3
    endloop
  endfacet
  facet normal 0 0 1
    outer loop
      vertex 4 0 3
      vertex 29.6737 14.7799 3
      vertex 29.3787 15.0387 3
    endloop
  endfacet
  facet normal 0 0 1
    outer loop
      vertex 4 0 3
      vertex 29.3787 15.0387 3
      vertex 29.1199 15.3337 3
    endloop
  endfacet
  facet normal 0 0 1
    outer loop
      vertex 4 0 3
      vertex 29.1199 15.3337 3
      vertex 28.9019 15.66 3
    endloop
  endfacet
  facet normal 0 0 1
    outer loop
      vertex 4 22 3
      vertex 28.5257 16.7684 3
      vertex 28.5 17.16 3
    endloop
  endfacet
  facet normal 0 0 1
    outer loop
      vertex 4 22 3
      vertex 28.6022 16.3835 3
      vertex 28.5257 16.7684 3
    endloop
  endfacet
  facet normal 0 0 1
    outer loop
      vertex 4 22 3
      vertex 28.7284 16.0119 3
      vertex 28.6022 16.3835 3
    endloop
  endfacet
  facet normal 0 0 1
    outer loop
      vertex 4 0 3
      vertex 28.7284 16.0119 3
      vertex 4 22 3
    endloop
  endfacet
  facet normal 0 0 1
    outer loop
      vertex 28.7284 16.0119 3
      vertex 4 0 3
      vertex 28.9019 15.66 3
    endloop
  endfacet
  facet normal 0 0 1
    outer loop
      vertex 35.2284 3.69195 3
      vertex 4 0 3
      vertex 35.4019 3.34 3
    endloop
  endfacet
  facet normal 0 0 1
    outer loop
      vertex 35.4019 3.34 3
      vertex 4 0 3
      vertex 35.6199 3.01371 3
    endloop
  endfacet
  facet normal 0 0 1
    outer loop
      vertex 35.6199 3.01371 3
      vertex 4 0 3
      vertex 35.8787 2.71868 3
    endloop
  endfacet
  facet normal 0 0 1
    outer loop
      vertex 35.8787 2.71868 3
      vertex 4 0 3
      vertex 36.1737 2.45994 3
    endloop
  endfacet
  facet normal 0 0 1
    outer loop
      vertex 77 1.84 3
      vertex 4 0 3
      vertex 176 0 3
    endloop
  endfacet
  facet normal 0 0 1
    outer loop
      vertex 37.6084 1.86566 3
      vertex 4 0 3
      vertex 38 1.84 3
    endloop
  endfacet
  facet normal 0 0 1
    outer loop
      vertex 37.2235 1.94222 3
      vertex 4 0 3
      vertex 37.6084 1.86566 3
    endloop
  endfacet
  facet normal 0 0 1
    outer loop
      vertex 36.852 2.06836 3
      vertex 4 0 3
      vertex 37.2235 1.94222 3
    endloop
  endfacet
  facet normal 0 0 1
    outer loop
      vertex 36.5 2.24192 3
      vertex 4 0 3
      vertex 36.852 2.06836 3
    endloop
  endfacet
  facet normal 0 0 1
    outer loop
      vertex 36.1737 2.45994 3
      vertex 4 0 3
      vertex 36.5 2.24192 3
    endloop
  endfacet
  facet normal 0 0 1
    outer loop
      vertex 0 18 3
      vertex 4 22 3
      vertex 3.47789 21.9658 3
    endloop
  endfacet
  facet normal 0 0 1
    outer loop
      vertex 4 22 3
      vertex 0 18 3
      vertex 4 0 3
    endloop
  endfacet
  facet normal 0 0 1
    outer loop
      vertex 0 18 3
      vertex 3.47789 21.9658 3
      vertex 2.96472 21.8637 3
    endloop
  endfacet
  facet normal -0 0 1
    outer loop
      vertex 0 4 3
      vertex 4 0 3
      vertex 0 18 3
    endloop
  endfacet
  facet normal 0 0 1
    outer loop
      vertex 0 18 3
      vertex 2.96472 21.8637 3
      vertex 2.46927 21.6955 3
    endloop
  endfacet
  facet normal 0 0 1
    outer loop
      vertex 4 0 3
      vertex 0 4 3
      vertex 3.47789 0.0342255 3
    endloop
  endfacet
  facet normal 0 0 1
    outer loop
      vertex 0 18 3
      vertex 2.46927 21.6955 3
      vertex 2 21.4641 3
    endloop
  endfacet
  facet normal 0 0 1
    outer loop
      vertex 3.47789 0.0342255 3
      vertex 0 4 3
      vertex 2.96472 0.136292 3
    endloop
  endfacet
  facet normal 0 0 1
    outer loop
      vertex 0 18 3
      vertex 2 21.4641 3
      vertex 1.56496 21.1734 3
    endloop
  endfacet
  facet normal 0 0 1
    outer loop
      vertex 2.96472 0.136292 3
      vertex 0 4 3
      vertex 2.46927 0.304489 3
    endloop
  endfacet
  facet normal 0 0 1
    outer loop
      vertex 0 18 3
      vertex 1.56496 21.1734 3
      vertex 1.17157 20.8284 3
    endloop
  endfacet
  facet normal 0 0 1
    outer loop
      vertex 2.46927 0.304489 3
      vertex 0 4 3
      vertex 2 0.535904 3
    endloop
  endfacet
  facet normal 0 0 1
    outer loop
      vertex 0 18 3
      vertex 1.17157 20.8284 3
      vertex 0.826584 20.435 3
    endloop
  endfacet
  facet normal 0 0 1
    outer loop
      vertex 2 0.535904 3
      vertex 0 4 3
      vertex 1.56496 0.826584 3
    endloop
  endfacet
  facet normal 0 0 1
    outer loop
      vertex 0 18 3
      vertex 0.826584 20.435 3
      vertex 0.535904 20 3
    endloop
  endfacet
  facet normal 0 0 1
    outer loop
      vertex 1.56496 0.826584 3
      vertex 0 4 3
      vertex 1.17157 1.17157 3
    endloop
  endfacet
  facet normal 0 0 1
    outer loop
      vertex 0 18 3
      vertex 0.535904 20 3
      vertex 0.304489 19.5307 3
    endloop
  endfacet
  facet normal 0 0 1
    outer loop
      vertex 1.17157 1.17157 3
      vertex 0 4 3
      vertex 0.826584 1.56496 3
    endloop
  endfacet
  facet normal 0 0 1
    outer loop
      vertex 0 18 3
      vertex 0.304489 19.5307 3
      vertex 0.136292 19.0353 3
    endloop
  endfacet
  facet normal 0 0 1
    outer loop
      vertex 0.826584 1.56496 3
      vertex 0 4 3
      vertex 0.535904 2 3
    endloop
  endfacet
  facet normal 0 0 1
    outer loop
      vertex 0 18 3
      vertex 0.136292 19.0353 3
      vertex 0.0342255 18.5221 3
    endloop
  endfacet
  facet normal 0 0 1
    outer loop
      vertex 0.535904 2 3
      vertex 0 4 3
      vertex 0.304489 2.46927 3
    endloop
  endfacet
  facet normal 0 0 1
    outer loop
      vertex 0.304489 2.46927 3
      vertex 0 4 3
      vertex 0.136292 2.96472 3
    endloop
  endfacet
  facet normal 0 0 1
    outer loop
      vertex 0.136292 2.96472 3
      vertex 0 4 3
      vertex 0.0342255 3.47789 3
    endloop
  endfacet
  facet normal 0 0 1
    outer loop
      vertex 210.67 12.6168 3
      vertex 215 15.7 3
      vertex 214.974 16.0916 3
    endloop
  endfacet
  facet normal 0 0 1
    outer loop
      vertex 215 15.7 3
      vertex 211.75 11 3
      vertex 215 6.3 3
    endloop
  endfacet
  facet normal 0 0 1
    outer loop
      vertex 210.67 12.6168 3
      vertex 214.974 16.0916 3
      vertex 214.898 16.4765 3
    endloop
  endfacet
  facet normal -0 0 1
    outer loop
      vertex 211.735 10.7716 3
      vertex 215 6.3 3
      vertex 211.75 11 3
    endloop
  endfacet
  facet normal 0 0 1
    outer loop
      vertex 210.67 12.6168 3
      vertex 214.898 16.4765 3
      vertex 214.772 16.848 3
    endloop
  endfacet
  facet normal -0 0 1
    outer loop
      vertex 211.69 10.5471 3
      vertex 215 6.3 3
      vertex 211.735 10.7716 3
    endloop
  endfacet
  facet normal 0 0 1
    outer loop
      vertex 210.67 12.6168 3
      vertex 214.772 16.848 3
      vertex 214.598 17.2 3
    endloop
  endfacet
  facet normal -0 0 1
    outer loop
      vertex 211.617 10.3303 3
      vertex 215 6.3 3
      vertex 211.69 10.5471 3
    endloop
  endfacet
  facet normal 0 0 1
    outer loop
      vertex 210.67 12.6168 3
      vertex 214.598 17.2 3
      vertex 214.38 17.5263 3
    endloop
  endfacet
  facet normal -0 0 1
    outer loop
      vertex 211.516 10.125 3
      vertex 215 6.3 3
      vertex 211.617 10.3303 3
    endloop
  endfacet
  facet normal 0 0 1
    outer loop
      vertex 210.67 12.6168 3
      vertex 214.38 17.5263 3
      vertex 214.121 17.8213 3
    endloop
  endfacet
  facet normal -0 0 1
    outer loop
      vertex 211.388 9.93467 3
      vertex 215 6.3 3
      vertex 211.516 10.125 3
    endloop
  endfacet
  facet normal 0 0 1
    outer loop
      vertex 210.67 12.6168 3
      vertex 214.121 17.8213 3
      vertex 213.826 18.0801 3
    endloop
  endfacet
  facet normal -0 0 1
    outer loop
      vertex 211.237 9.76256 3
      vertex 215 6.3 3
      vertex 211.388 9.93467 3
    endloop
  endfacet
  facet normal 0 0 1
    outer loop
      vertex 210.67 12.6168 3
      vertex 213.826 18.0801 3
      vertex 213.5 18.2981 3
    endloop
  endfacet
  facet normal -0 0 1
    outer loop
      vertex 211.065 9.61163 3
      vertex 215 6.3 3
      vertex 211.237 9.76256 3
    endloop
  endfacet
  facet normal 0 0 1
    outer loop
      vertex 210.67 12.6168 3
      vertex 213.5 18.2981 3
      vertex 213.148 18.4716 3
    endloop
  endfacet
  facet normal -0 0 1
    outer loop
      vertex 210.875 9.48446 3
      vertex 215 6.3 3
      vertex 211.065 9.61163 3
    endloop
  endfacet
  facet normal 0 0 1
    outer loop
      vertex 210.67 12.6168 3
      vertex 213.148 18.4716 3
      vertex 212.776 18.5978 3
    endloop
  endfacet
  facet normal -0 0 1
    outer loop
      vertex 210.67 9.38321 3
      vertex 215 6.3 3
      vertex 210.875 9.48446 3
    endloop
  endfacet
  facet normal 0 0 1
    outer loop
      vertex 210.67 12.6168 3
      vertex 212.776 18.5978 3
      vertex 212.392 18.6743 3
    endloop
  endfacet
  facet normal 0 0 1
    outer loop
      vertex 215 6.3 3
      vertex 210.67 9.38321 3
      vertex 214.974 5.90843 3
    endloop
  endfacet
  facet normal 0 0 1
    outer loop
      vertex 210.67 12.6168 3
      vertex 212.392 18.6743 3
      vertex 212 18.7 3
    endloop
  endfacet
  facet normal 0 0 1
    outer loop
      vertex 214.974 5.90843 3
      vertex 210.67 9.38321 3
      vertex 214.898 5.52354 3
    endloop
  endfacet
  facet normal 0 0 1
    outer loop
      vertex 214.898 5.52354 3
      vertex 210.67 9.38321 3
      vertex 214.772 5.15194 3
    endloop
  endfacet
  facet normal 0 0 1
    outer loop
      vertex 215 15.7 3
      vertex 211.735 11.2284 3
      vertex 211.75 11 3
    endloop
  endfacet
  facet normal 0 0 1
    outer loop
      vertex 215 15.7 3
      vertex 211.69 11.4529 3
      vertex 211.735 11.2284 3
    endloop
  endfacet
  facet normal 0 0 1
    outer loop
      vertex 215 15.7 3
      vertex 211.617 11.6697 3
      vertex 211.69 11.4529 3
    endloop
  endfacet
  facet normal 0 0 1
    outer loop
      vertex 215 15.7 3
      vertex 211.516 11.875 3
      vertex 211.617 11.6697 3
    endloop
  endfacet
  facet normal 0 0 1
    outer loop
      vertex 215 15.7 3
      vertex 211.388 12.0653 3
      vertex 211.516 11.875 3
    endloop
  endfacet
  facet normal 0 0 1
    outer loop
      vertex 215 15.7 3
      vertex 211.237 12.2374 3
      vertex 211.388 12.0653 3
    endloop
  endfacet
  facet normal 0 0 1
    outer loop
      vertex 215 15.7 3
      vertex 211.065 12.3884 3
      vertex 211.237 12.2374 3
    endloop
  endfacet
  facet normal 0 0 1
    outer loop
      vertex 215 15.7 3
      vertex 210.875 12.5155 3
      vertex 211.065 12.3884 3
    endloop
  endfacet
  facet normal 0 0 1
    outer loop
      vertex 215 15.7 3
      vertex 210.67 12.6168 3
      vertex 210.875 12.5155 3
    endloop
  endfacet
  facet normal 0 0 1
    outer loop
      vertex 212 18.7 3
      vertex 210.453 12.6904 3
      vertex 210.67 12.6168 3
    endloop
  endfacet
  facet normal 0 0 1
    outer loop
      vertex 212 18.7 3
      vertex 210.228 12.735 3
      vertex 210.453 12.6904 3
    endloop
  endfacet
  facet normal 0 0 1
    outer loop
      vertex 212 18.7 3
      vertex 210 12.75 3
      vertex 210.228 12.735 3
    endloop
  endfacet
  facet normal 0 0 1
    outer loop
      vertex 212 18.7 3
      vertex 209.772 12.735 3
      vertex 210 12.75 3
    endloop
  endfacet
  facet normal 0 0 1
    outer loop
      vertex 212 18.7 3
      vertex 209.547 12.6904 3
      vertex 209.772 12.735 3
    endloop
  endfacet
  facet normal 0 0 1
    outer loop
      vertex 212 18.7 3
      vertex 209.33 12.6168 3
      vertex 209.547 12.6904 3
    endloop
  endfacet
  facet normal 0 0 1
    outer loop
      vertex 205.67 12.6168 3
      vertex 209.33 12.6168 3
      vertex 212 18.7 3
    endloop
  endfacet
  facet normal 0 0 1
    outer loop
      vertex 209.33 12.6168 3
      vertex 205.67 12.6168 3
      vertex 209.125 12.5155 3
    endloop
  endfacet
  facet normal 0 -0 1
    outer loop
      vertex 205.875 12.5155 3
      vertex 209.125 12.5155 3
      vertex 205.67 12.6168 3
    endloop
  endfacet
  facet normal 0 0 1
    outer loop
      vertex 209.125 12.5155 3
      vertex 205.875 12.5155 3
      vertex 208.935 12.3884 3
    endloop
  endfacet
  facet normal 0 0 1
    outer loop
      vertex 208.935 12.3884 3
      vertex 206.065 12.3884 3
      vertex 208.763 12.2374 3
    endloop
  endfacet
  facet normal 0 0 1
    outer loop
      vertex 208.265 11.2284 3
      vertex 206.75 11 3
      vertex 208.25 11 3
    endloop
  endfacet
  facet normal 0 0 1
    outer loop
      vertex 206.735 11.2284 3
      vertex 208.265 11.2284 3
      vertex 208.31 11.4529 3
    endloop
  endfacet
  facet normal 0 0 1
    outer loop
      vertex 206.69 11.4529 3
      vertex 208.31 11.4529 3
      vertex 208.383 11.6697 3
    endloop
  endfacet
  facet normal 0 0 1
    outer loop
      vertex 206.617 11.6697 3
      vertex 208.383 11.6697 3
      vertex 208.484 11.875 3
    endloop
  endfacet
  facet normal 0 -0 1
    outer loop
      vertex 206.237 12.2374 3
      vertex 208.763 12.2374 3
      vertex 206.065 12.3884 3
    endloop
  endfacet
  facet normal 0 0 1
    outer loop
      vertex 208.265 11.2284 3
      vertex 206.735 11.2284 3
      vertex 206.75 11 3
    endloop
  endfacet
  facet normal 0 0 1
    outer loop
      vertex 208.31 11.4529 3
      vertex 206.69 11.4529 3
      vertex 206.735 11.2284 3
    endloop
  endfacet
  facet normal 0 0 1
    outer loop
      vertex 208.383 11.6697 3
      vertex 206.617 11.6697 3
      vertex 206.69 11.4529 3
    endloop
  endfacet
  facet normal 0 0 1
    outer loop
      vertex 208.484 11.875 3
      vertex 206.516 11.875 3
      vertex 206.617 11.6697 3
    endloop
  endfacet
  facet normal 0 0 1
    outer loop
      vertex 208.484 11.875 3
      vertex 206.388 12.0653 3
      vertex 206.516 11.875 3
    endloop
  endfacet
  facet normal 0 0 1
    outer loop
      vertex 208.612 12.0653 3
      vertex 206.388 12.0653 3
      vertex 208.484 11.875 3
    endloop
  endfacet
  facet normal 0 -0 1
    outer loop
      vertex 206.388 12.0653 3
      vertex 208.612 12.0653 3
      vertex 206.237 12.2374 3
    endloop
  endfacet
  facet normal 0 0 1
    outer loop
      vertex 208.763 12.2374 3
      vertex 206.237 12.2374 3
      vertex 208.612 12.0653 3
    endloop
  endfacet
  facet normal 0 -0 1
    outer loop
      vertex 206.065 12.3884 3
      vertex 208.935 12.3884 3
      vertex 205.875 12.5155 3
    endloop
  endfacet
  facet normal 0 0 1
    outer loop
      vertex 212 18.7 3
      vertex 205.453 12.6904 3
      vertex 205.67 12.6168 3
    endloop
  endfacet
  facet normal 0 0 1
    outer loop
      vertex 212 18.7 3
      vertex 205.228 12.735 3
      vertex 205.453 12.6904 3
    endloop
  endfacet
  facet normal 0 0 1
    outer loop
      vertex 212 18.7 3
      vertex 205 12.75 3
      vertex 205.228 12.735 3
    endloop
  endfacet
  facet normal 0 0 1
    outer loop
      vertex 212 18.7 3
      vertex 204.772 12.735 3
      vertex 205 12.75 3
    endloop
  endfacet
  facet normal 0 0 1
    outer loop
      vertex 212 18.7 3
      vertex 204.547 12.6904 3
      vertex 204.772 12.735 3
    endloop
  endfacet
  facet normal 0 0 1
    outer loop
      vertex 200.453 12.6904 3
      vertex 204.547 12.6904 3
      vertex 212 18.7 3
    endloop
  endfacet
  facet normal 0 0 1
    outer loop
      vertex 204.547 12.6904 3
      vertex 200.453 12.6904 3
      vertex 204.33 12.6168 3
    endloop
  endfacet
  facet normal 0 -0 1
    outer loop
      vertex 200.67 12.6168 3
      vertex 204.33 12.6168 3
      vertex 200.453 12.6904 3
    endloop
  endfacet
  facet normal 0 0 1
    outer loop
      vertex 203.265 11.2284 3
      vertex 201.75 11 3
      vertex 203.25 11 3
    endloop
  endfacet
  facet normal 0 0 1
    outer loop
      vertex 201.735 11.2284 3
      vertex 203.265 11.2284 3
      vertex 203.31 11.4529 3
    endloop
  endfacet
  facet normal 0 0 1
    outer loop
      vertex 201.69 11.4529 3
      vertex 203.31 11.4529 3
      vertex 203.383 11.6697 3
    endloop
  endfacet
  facet normal 0 0 1
    outer loop
      vertex 201.617 11.6697 3
      vertex 203.383 11.6697 3
      vertex 203.484 11.875 3
    endloop
  endfacet
  facet normal 0 0 1
    outer loop
      vertex 201.516 11.875 3
      vertex 203.484 11.875 3
      vertex 203.612 12.0653 3
    endloop
  endfacet
  facet normal 0 0 1
    outer loop
      vertex 201.388 12.0653 3
      vertex 203.612 12.0653 3
      vertex 203.763 12.2374 3
    endloop
  endfacet
  facet normal 0 0 1
    outer loop
      vertex 201.237 12.2374 3
      vertex 203.763 12.2374 3
      vertex 203.935 12.3884 3
    endloop
  endfacet
  facet normal 0 0 1
    outer loop
      vertex 204.33 12.6168 3
      vertex 200.67 12.6168 3
      vertex 204.125 12.5155 3
    endloop
  endfacet
  facet normal 0 0 1
    outer loop
      vertex 203.265 11.2284 3
      vertex 201.735 11.2284 3
      vertex 201.75 11 3
    endloop
  endfacet
  facet normal 0 0 1
    outer loop
      vertex 203.31 11.4529 3
      vertex 201.69 11.4529 3
      vertex 201.735 11.2284 3
    endloop
  endfacet
  facet normal 0 0 1
    outer loop
      vertex 203.383 11.6697 3
      vertex 201.617 11.6697 3
      vertex 201.69 11.4529 3
    endloop
  endfacet
  facet normal 0 0 1
    outer loop
      vertex 203.484 11.875 3
      vertex 201.516 11.875 3
      vertex 201.617 11.6697 3
    endloop
  endfacet
  facet normal 0 0 1
    outer loop
      vertex 203.612 12.0653 3
      vertex 201.388 12.0653 3
      vertex 201.516 11.875 3
    endloop
  endfacet
  facet normal 0 0 1
    outer loop
      vertex 203.763 12.2374 3
      vertex 201.237 12.2374 3
      vertex 201.388 12.0653 3
    endloop
  endfacet
  facet normal 0 0 1
    outer loop
      vertex 203.935 12.3884 3
      vertex 201.065 12.3884 3
      vertex 201.237 12.2374 3
    endloop
  endfacet
  facet normal 0 0 1
    outer loop
      vertex 203.935 12.3884 3
      vertex 200.875 12.5155 3
      vertex 201.065 12.3884 3
    endloop
  endfacet
  facet normal 0 0 1
    outer loop
      vertex 204.125 12.5155 3
      vertex 200.875 12.5155 3
      vertex 203.935 12.3884 3
    endloop
  endfacet
  facet normal 0 -0 1
    outer loop
      vertex 200.875 12.5155 3
      vertex 204.125 12.5155 3
      vertex 200.67 12.6168 3
    endloop
  endfacet
  facet normal 0 0 1
    outer loop
      vertex 212 18.7 3
      vertex 200.228 12.735 3
      vertex 200.453 12.6904 3
    endloop
  endfacet
  facet normal 0 0 1
    outer loop
      vertex 212 18.7 3
      vertex 200 12.75 3
      vertex 200.228 12.735 3
    endloop
  endfacet
  facet normal 0 0 1
    outer loop
      vertex 212 18.7 3
      vertex 199.772 12.735 3
      vertex 200 12.75 3
    endloop
  endfacet
  facet normal 0 0 1
    outer loop
      vertex 195.228 12.735 3
      vertex 199.772 12.735 3
      vertex 212 18.7 3
    endloop
  endfacet
  facet normal 0 0 1
    outer loop
      vertex 199.772 12.735 3
      vertex 195.228 12.735 3
      vertex 199.547 12.6904 3
    endloop
  endfacet
  facet normal 0 0 1
    outer loop
      vertex 198.265 11.2284 3
      vertex 196.75 11 3
      vertex 198.25 11 3
    endloop
  endfacet
  facet normal 0 0 1
    outer loop
      vertex 196.735 11.2284 3
      vertex 198.265 11.2284 3
      vertex 198.31 11.4529 3
    endloop
  endfacet
  facet normal 0 0 1
    outer loop
      vertex 196.69 11.4529 3
      vertex 198.31 11.4529 3
      vertex 198.383 11.6697 3
    endloop
  endfacet
  facet normal 0 0 1
    outer loop
      vertex 196.617 11.6697 3
      vertex 198.383 11.6697 3
      vertex 198.484 11.875 3
    endloop
  endfacet
  facet normal 0 0 1
    outer loop
      vertex 196.516 11.875 3
      vertex 198.484 11.875 3
      vertex 198.612 12.0653 3
    endloop
  endfacet
  facet normal 0 0 1
    outer loop
      vertex 196.388 12.0653 3
      vertex 198.612 12.0653 3
      vertex 198.763 12.2374 3
    endloop
  endfacet
  facet normal 0 0 1
    outer loop
      vertex 196.237 12.2374 3
      vertex 198.763 12.2374 3
      vertex 198.935 12.3884 3
    endloop
  endfacet
  facet normal 0 0 1
    outer loop
      vertex 196.065 12.3884 3
      vertex 198.935 12.3884 3
      vertex 199.125 12.5155 3
    endloop
  endfacet
  facet normal 0 0 1
    outer loop
      vertex 198.265 11.2284 3
      vertex 196.735 11.2284 3
      vertex 196.75 11 3
    endloop
  endfacet
  facet normal 0 0 1
    outer loop
      vertex 198.31 11.4529 3
      vertex 196.69 11.4529 3
      vertex 196.735 11.2284 3
    endloop
  endfacet
  facet normal 0 0 1
    outer loop
      vertex 195.875 12.5155 3
      vertex 199.125 12.5155 3
      vertex 199.33 12.6168 3
    endloop
  endfacet
  facet normal 0 -0 1
    outer loop
      vertex 195.453 12.6904 3
      vertex 199.547 12.6904 3
      vertex 195.228 12.735 3
    endloop
  endfacet
  facet normal 0 0 1
    outer loop
      vertex 198.383 11.6697 3
      vertex 196.617 11.6697 3
      vertex 196.69 11.4529 3
    endloop
  endfacet
  facet normal 0 0 1
    outer loop
      vertex 198.484 11.875 3
      vertex 196.516 11.875 3
      vertex 196.617 11.6697 3
    endloop
  endfacet
  facet normal 0 0 1
    outer loop
      vertex 198.612 12.0653 3
      vertex 196.388 12.0653 3
      vertex 196.516 11.875 3
    endloop
  endfacet
  facet normal 0 0 1
    outer loop
      vertex 198.763 12.2374 3
      vertex 196.237 12.2374 3
      vertex 196.388 12.0653 3
    endloop
  endfacet
  facet normal 0 0 1
    outer loop
      vertex 198.935 12.3884 3
      vertex 196.065 12.3884 3
      vertex 196.237 12.2374 3
    endloop
  endfacet
  facet normal 0 0 1
    outer loop
      vertex 199.125 12.5155 3
      vertex 195.875 12.5155 3
      vertex 196.065 12.3884 3
    endloop
  endfacet
  facet normal 0 0 1
    outer loop
      vertex 199.33 12.6168 3
      vertex 195.67 12.6168 3
      vertex 195.875 12.5155 3
    endloop
  endfacet
  facet normal 0 0 1
    outer loop
      vertex 199.33 12.6168 3
      vertex 195.453 12.6904 3
      vertex 195.67 12.6168 3
    endloop
  endfacet
  facet normal 0 0 1
    outer loop
      vertex 199.547 12.6904 3
      vertex 195.453 12.6904 3
      vertex 199.33 12.6168 3
    endloop
  endfacet
  facet normal -0 0 1
    outer loop
      vertex 183 18.7 3
      vertex 195.228 12.735 3
      vertex 212 18.7 3
    endloop
  endfacet
  facet normal 0 0 1
    outer loop
      vertex 195.228 12.735 3
      vertex 183 18.7 3
      vertex 195 12.75 3
    endloop
  endfacet
  facet normal 0 0 1
    outer loop
      vertex 195 12.75 3
      vertex 183 18.7 3
      vertex 194.772 12.735 3
    endloop
  endfacet
  facet normal 0 0 1
    outer loop
      vertex 194.772 12.735 3
      vertex 183 18.7 3
      vertex 194.547 12.6904 3
    endloop
  endfacet
  facet normal 0 0 1
    outer loop
      vertex 193.265 11.2284 3
      vertex 191.75 11 3
      vertex 193.25 11 3
    endloop
  endfacet
  facet normal 0 0 1
    outer loop
      vertex 191.735 11.2284 3
      vertex 193.265 11.2284 3
      vertex 193.31 11.4529 3
    endloop
  endfacet
  facet normal 0 0 1
    outer loop
      vertex 191.69 11.4529 3
      vertex 193.31 11.4529 3
      vertex 193.383 11.6697 3
    endloop
  endfacet
  facet normal 0 0 1
    outer loop
      vertex 191.617 11.6697 3
      vertex 193.383 11.6697 3
      vertex 193.484 11.875 3
    endloop
  endfacet
  facet normal 0 0 1
    outer loop
      vertex 191.516 11.875 3
      vertex 193.484 11.875 3
      vertex 193.612 12.0653 3
    endloop
  endfacet
  facet normal 0 0 1
    outer loop
      vertex 191.388 12.0653 3
      vertex 193.612 12.0653 3
      vertex 193.763 12.2374 3
    endloop
  endfacet
  facet normal 0 0 1
    outer loop
      vertex 191.237 12.2374 3
      vertex 193.763 12.2374 3
      vertex 193.935 12.3884 3
    endloop
  endfacet
  facet normal 0 0 1
    outer loop
      vertex 191.065 12.3884 3
      vertex 193.935 12.3884 3
      vertex 194.125 12.5155 3
    endloop
  endfacet
  facet normal 0 0 1
    outer loop
      vertex 193.265 11.2284 3
      vertex 191.735 11.2284 3
      vertex 191.75 11 3
    endloop
  endfacet
  facet normal 0 0 1
    outer loop
      vertex 193.31 11.4529 3
      vertex 191.69 11.4529 3
      vertex 191.735 11.2284 3
    endloop
  endfacet
  facet normal 0 0 1
    outer loop
      vertex 190.875 12.5155 3
      vertex 194.125 12.5155 3
      vertex 194.33 12.6168 3
    endloop
  endfacet
  facet normal 0 0 1
    outer loop
      vertex 193.383 11.6697 3
      vertex 191.617 11.6697 3
      vertex 191.69 11.4529 3
    endloop
  endfacet
  facet normal 0 0 1
    outer loop
      vertex 193.484 11.875 3
      vertex 191.516 11.875 3
      vertex 191.617 11.6697 3
    endloop
  endfacet
  facet normal 0 -0 1
    outer loop
      vertex 190.453 12.6904 3
      vertex 194.547 12.6904 3
      vertex 183 18.7 3
    endloop
  endfacet
  facet normal 0 0 1
    outer loop
      vertex 193.612 12.0653 3
      vertex 191.388 12.0653 3
      vertex 191.516 11.875 3
    endloop
  endfacet
  facet normal 0 0 1
    outer loop
      vertex 193.763 12.2374 3
      vertex 191.237 12.2374 3
      vertex 191.388 12.0653 3
    endloop
  endfacet
  facet normal 0 0 1
    outer loop
      vertex 193.935 12.3884 3
      vertex 191.065 12.3884 3
      vertex 191.237 12.2374 3
    endloop
  endfacet
  facet normal 0 0 1
    outer loop
      vertex 194.125 12.5155 3
      vertex 190.875 12.5155 3
      vertex 191.065 12.3884 3
    endloop
  endfacet
  facet normal 0 0 1
    outer loop
      vertex 194.33 12.6168 3
      vertex 190.67 12.6168 3
      vertex 190.875 12.5155 3
    endloop
  endfacet
  facet normal 0 0 1
    outer loop
      vertex 194.547 12.6904 3
      vertex 190.453 12.6904 3
      vertex 194.33 12.6168 3
    endloop
  endfacet
  facet normal 0 0 1
    outer loop
      vertex 194.33 12.6168 3
      vertex 190.453 12.6904 3
      vertex 190.67 12.6168 3
    endloop
  endfacet
  facet normal 0 0 1
    outer loop
      vertex 190.453 12.6904 3
      vertex 183 18.7 3
      vertex 190.228 12.735 3
    endloop
  endfacet
  facet normal 0 0 1
    outer loop
      vertex 190.228 12.735 3
      vertex 183 18.7 3
      vertex 190 12.75 3
    endloop
  endfacet
  facet normal 0 0 1
    outer loop
      vertex 190 12.75 3
      vertex 183 18.7 3
      vertex 189.772 12.735 3
    endloop
  endfacet
  facet normal 0 0 1
    outer loop
      vertex 188.31 11.4529 3
      vertex 180 15.7 3
      vertex 188.265 11.2284 3
    endloop
  endfacet
  facet normal 0 0 1
    outer loop
      vertex 188.383 11.6697 3
      vertex 180 15.7 3
      vertex 188.31 11.4529 3
    endloop
  endfacet
  facet normal 0 0 1
    outer loop
      vertex 188.484 11.875 3
      vertex 180 15.7 3
      vertex 188.383 11.6697 3
    endloop
  endfacet
  facet normal -0 0 1
    outer loop
      vertex 180 15.7 3
      vertex 188.484 11.875 3
      vertex 183 18.7 3
    endloop
  endfacet
  facet normal 0 0 1
    outer loop
      vertex 188.612 12.0653 3
      vertex 183 18.7 3
      vertex 188.484 11.875 3
    endloop
  endfacet
  facet normal 0 0 1
    outer loop
      vertex 188.763 12.2374 3
      vertex 183 18.7 3
      vertex 188.612 12.0653 3
    endloop
  endfacet
  facet normal 0 0 1
    outer loop
      vertex 188.935 12.3884 3
      vertex 183 18.7 3
      vertex 188.763 12.2374 3
    endloop
  endfacet
  facet normal 0 0 1
    outer loop
      vertex 189.125 12.5155 3
      vertex 183 18.7 3
      vertex 188.935 12.3884 3
    endloop
  endfacet
  facet normal 0 0 1
    outer loop
      vertex 189.33 12.6168 3
      vertex 183 18.7 3
      vertex 189.125 12.5155 3
    endloop
  endfacet
  facet normal 0 0 1
    outer loop
      vertex 189.547 12.6904 3
      vertex 183 18.7 3
      vertex 189.33 12.6168 3
    endloop
  endfacet
  facet normal 0 0 1
    outer loop
      vertex 189.772 12.735 3
      vertex 183 18.7 3
      vertex 189.547 12.6904 3
    endloop
  endfacet
  facet normal 0 0 1
    outer loop
      vertex 214.772 5.15194 3
      vertex 210.67 9.38321 3
      vertex 214.598 4.8 3
    endloop
  endfacet
  facet normal 0 0 1
    outer loop
      vertex 214.598 4.8 3
      vertex 210.67 9.38321 3
      vertex 214.38 4.47372 3
    endloop
  endfacet
  facet normal 0 0 1
    outer loop
      vertex 214.38 4.47372 3
      vertex 210.67 9.38321 3
      vertex 214.121 4.17868 3
    endloop
  endfacet
  facet normal 0 0 1
    outer loop
      vertex 214.121 4.17868 3
      vertex 210.67 9.38321 3
      vertex 213.826 3.91993 3
    endloop
  endfacet
  facet normal 0 0 1
    outer loop
      vertex 213.826 3.91993 3
      vertex 210.67 9.38321 3
      vertex 213.5 3.70192 3
    endloop
  endfacet
  facet normal 0 0 1
    outer loop
      vertex 213.5 3.70192 3
      vertex 210.67 9.38321 3
      vertex 213.148 3.52836 3
    endloop
  endfacet
  facet normal 0 0 1
    outer loop
      vertex 213.148 3.52836 3
      vertex 210.67 9.38321 3
      vertex 212.776 3.40222 3
    endloop
  endfacet
  facet normal 0 0 1
    outer loop
      vertex 212.776 3.40222 3
      vertex 210.67 9.38321 3
      vertex 212.392 3.32566 3
    endloop
  endfacet
  facet normal 0 0 1
    outer loop
      vertex 212.392 3.32566 3
      vertex 210.67 9.38321 3
      vertex 212 3.3 3
    endloop
  endfacet
  facet normal -0 0 1
    outer loop
      vertex 210.453 9.30963 3
      vertex 212 3.3 3
      vertex 210.67 9.38321 3
    endloop
  endfacet
  facet normal -0 0 1
    outer loop
      vertex 210.228 9.26497 3
      vertex 212 3.3 3
      vertex 210.453 9.30963 3
    endloop
  endfacet
  facet normal -0 0 1
    outer loop
      vertex 210 9.25 3
      vertex 212 3.3 3
      vertex 210.228 9.26497 3
    endloop
  endfacet
  facet normal 0 0 1
    outer loop
      vertex 209.772 9.26497 3
      vertex 212 3.3 3
      vertex 210 9.25 3
    endloop
  endfacet
  facet normal 0 0 1
    outer loop
      vertex 209.547 9.30963 3
      vertex 212 3.3 3
      vertex 209.772 9.26497 3
    endloop
  endfacet
  facet normal 0 0 1
    outer loop
      vertex 209.33 9.38321 3
      vertex 212 3.3 3
      vertex 209.547 9.30963 3
    endloop
  endfacet
  facet normal 0 0 1
    outer loop
      vertex 205.67 9.38321 3
      vertex 209.33 9.38321 3
      vertex 209.125 9.48446 3
    endloop
  endfacet
  facet normal 0 0 1
    outer loop
      vertex 205.875 9.48446 3
      vertex 209.125 9.48446 3
      vertex 208.935 9.61163 3
    endloop
  endfacet
  facet normal 0 0 1
    outer loop
      vertex 206.065 9.61163 3
      vertex 208.935 9.61163 3
      vertex 208.763 9.76256 3
    endloop
  endfacet
  facet normal 0 0 1
    outer loop
      vertex 206.237 9.76256 3
      vertex 208.763 9.76256 3
      vertex 208.612 9.93467 3
    endloop
  endfacet
  facet normal 0 0 1
    outer loop
      vertex 206.388 9.93467 3
      vertex 208.612 9.93467 3
      vertex 208.484 10.125 3
    endloop
  endfacet
  facet normal -0 0 1
    outer loop
      vertex 206.75 11 3
      vertex 208.265 10.7716 3
      vertex 208.25 11 3
    endloop
  endfacet
  facet normal 0 0 1
    outer loop
      vertex 206.735 10.7716 3
      vertex 208.265 10.7716 3
      vertex 206.75 11 3
    endloop
  endfacet
  facet normal 0 0 1
    outer loop
      vertex 208.265 10.7716 3
      vertex 206.735 10.7716 3
      vertex 208.31 10.5471 3
    endloop
  endfacet
  facet normal 0 0 1
    outer loop
      vertex 206.69 10.5471 3
      vertex 208.31 10.5471 3
      vertex 206.735 10.7716 3
    endloop
  endfacet
  facet normal 0 0 1
    outer loop
      vertex 208.31 10.5471 3
      vertex 206.69 10.5471 3
      vertex 208.383 10.3303 3
    endloop
  endfacet
  facet normal 0 0 1
    outer loop
      vertex 206.617 10.3303 3
      vertex 208.383 10.3303 3
      vertex 206.69 10.5471 3
    endloop
  endfacet
  facet normal 0 0 1
    outer loop
      vertex 208.383 10.3303 3
      vertex 206.617 10.3303 3
      vertex 208.484 10.125 3
    endloop
  endfacet
  facet normal 0 0 1
    outer loop
      vertex 206.516 10.125 3
      vertex 208.484 10.125 3
      vertex 206.617 10.3303 3
    endloop
  endfacet
  facet normal 0 0 1
    outer loop
      vertex 206.388 9.93467 3
      vertex 208.484 10.125 3
      vertex 206.516 10.125 3
    endloop
  endfacet
  facet normal 0 0 1
    outer loop
      vertex 208.612 9.93467 3
      vertex 206.388 9.93467 3
      vertex 206.237 9.76256 3
    endloop
  endfacet
  facet normal 0 0 1
    outer loop
      vertex 208.763 9.76256 3
      vertex 206.237 9.76256 3
      vertex 206.065 9.61163 3
    endloop
  endfacet
  facet normal 0 0 1
    outer loop
      vertex 208.935 9.61163 3
      vertex 206.065 9.61163 3
      vertex 205.875 9.48446 3
    endloop
  endfacet
  facet normal 0 0 1
    outer loop
      vertex 209.125 9.48446 3
      vertex 205.875 9.48446 3
      vertex 205.67 9.38321 3
    endloop
  endfacet
  facet normal 0 0 1
    outer loop
      vertex 209.33 9.38321 3
      vertex 205.67 9.38321 3
      vertex 212 3.3 3
    endloop
  endfacet
  facet normal -0 0 1
    outer loop
      vertex 205.453 9.30963 3
      vertex 212 3.3 3
      vertex 205.67 9.38321 3
    endloop
  endfacet
  facet normal -0 0 1
    outer loop
      vertex 205.228 9.26497 3
      vertex 212 3.3 3
      vertex 205.453 9.30963 3
    endloop
  endfacet
  facet normal -0 0 1
    outer loop
      vertex 205 9.25 3
      vertex 212 3.3 3
      vertex 205.228 9.26497 3
    endloop
  endfacet
  facet normal 0 0 1
    outer loop
      vertex 204.772 9.26497 3
      vertex 212 3.3 3
      vertex 205 9.25 3
    endloop
  endfacet
  facet normal 0 0 1
    outer loop
      vertex 204.547 9.30963 3
      vertex 212 3.3 3
      vertex 204.772 9.26497 3
    endloop
  endfacet
  facet normal 0 0 1
    outer loop
      vertex 200.453 9.30963 3
      vertex 204.547 9.30963 3
      vertex 204.33 9.38321 3
    endloop
  endfacet
  facet normal 0 0 1
    outer loop
      vertex 200.67 9.38321 3
      vertex 204.33 9.38321 3
      vertex 204.125 9.48446 3
    endloop
  endfacet
  facet normal 0 0 1
    outer loop
      vertex 200.875 9.48446 3
      vertex 204.125 9.48446 3
      vertex 203.935 9.61163 3
    endloop
  endfacet
  facet normal -0 0 1
    outer loop
      vertex 201.75 11 3
      vertex 203.265 10.7716 3
      vertex 203.25 11 3
    endloop
  endfacet
  facet normal 0 0 1
    outer loop
      vertex 201.735 10.7716 3
      vertex 203.265 10.7716 3
      vertex 201.75 11 3
    endloop
  endfacet
  facet normal 0 0 1
    outer loop
      vertex 203.265 10.7716 3
      vertex 201.735 10.7716 3
      vertex 203.31 10.5471 3
    endloop
  endfacet
  facet normal 0 0 1
    outer loop
      vertex 201.69 10.5471 3
      vertex 203.31 10.5471 3
      vertex 201.735 10.7716 3
    endloop
  endfacet
  facet normal 0 0 1
    outer loop
      vertex 203.31 10.5471 3
      vertex 201.69 10.5471 3
      vertex 203.383 10.3303 3
    endloop
  endfacet
  facet normal 0 0 1
    outer loop
      vertex 201.617 10.3303 3
      vertex 203.383 10.3303 3
      vertex 201.69 10.5471 3
    endloop
  endfacet
  facet normal 0 0 1
    outer loop
      vertex 203.383 10.3303 3
      vertex 201.617 10.3303 3
      vertex 203.484 10.125 3
    endloop
  endfacet
  facet normal 0 0 1
    outer loop
      vertex 201.516 10.125 3
      vertex 203.484 10.125 3
      vertex 201.617 10.3303 3
    endloop
  endfacet
  facet normal 0 0 1
    outer loop
      vertex 203.484 10.125 3
      vertex 201.516 10.125 3
      vertex 203.612 9.93467 3
    endloop
  endfacet
  facet normal 0 0 1
    outer loop
      vertex 201.388 9.93467 3
      vertex 203.612 9.93467 3
      vertex 201.516 10.125 3
    endloop
  endfacet
  facet normal 0 0 1
    outer loop
      vertex 203.612 9.93467 3
      vertex 201.388 9.93467 3
      vertex 203.763 9.76256 3
    endloop
  endfacet
  facet normal 0 0 1
    outer loop
      vertex 201.237 9.76256 3
      vertex 203.763 9.76256 3
      vertex 201.388 9.93467 3
    endloop
  endfacet
  facet normal 0 0 1
    outer loop
      vertex 203.763 9.76256 3
      vertex 201.237 9.76256 3
      vertex 203.935 9.61163 3
    endloop
  endfacet
  facet normal 0 0 1
    outer loop
      vertex 201.065 9.61163 3
      vertex 203.935 9.61163 3
      vertex 201.237 9.76256 3
    endloop
  endfacet
  facet normal 0 0 1
    outer loop
      vertex 200.875 9.48446 3
      vertex 203.935 9.61163 3
      vertex 201.065 9.61163 3
    endloop
  endfacet
  facet normal 0 0 1
    outer loop
      vertex 204.125 9.48446 3
      vertex 200.875 9.48446 3
      vertex 200.67 9.38321 3
    endloop
  endfacet
  facet normal 0 0 1
    outer loop
      vertex 204.33 9.38321 3
      vertex 200.67 9.38321 3
      vertex 200.453 9.30963 3
    endloop
  endfacet
  facet normal 0 0 1
    outer loop
      vertex 204.547 9.30963 3
      vertex 200.453 9.30963 3
      vertex 212 3.3 3
    endloop
  endfacet
  facet normal -0 0 1
    outer loop
      vertex 200.228 9.26497 3
      vertex 212 3.3 3
      vertex 200.453 9.30963 3
    endloop
  endfacet
  facet normal -0 0 1
    outer loop
      vertex 200 9.25 3
      vertex 212 3.3 3
      vertex 200.228 9.26497 3
    endloop
  endfacet
  facet normal 0 0 1
    outer loop
      vertex 199.772 9.26497 3
      vertex 212 3.3 3
      vertex 200 9.25 3
    endloop
  endfacet
  facet normal 0 0 1
    outer loop
      vertex 195.228 9.26497 3
      vertex 199.772 9.26497 3
      vertex 199.547 9.30963 3
    endloop
  endfacet
  facet normal 0 0 1
    outer loop
      vertex 195.453 9.30963 3
      vertex 199.547 9.30963 3
      vertex 199.33 9.38321 3
    endloop
  endfacet
  facet normal -0 0 1
    outer loop
      vertex 196.75 11 3
      vertex 198.265 10.7716 3
      vertex 198.25 11 3
    endloop
  endfacet
  facet normal 0 0 1
    outer loop
      vertex 196.735 10.7716 3
      vertex 198.265 10.7716 3
      vertex 196.75 11 3
    endloop
  endfacet
  facet normal 0 0 1
    outer loop
      vertex 198.265 10.7716 3
      vertex 196.735 10.7716 3
      vertex 198.31 10.5471 3
    endloop
  endfacet
  facet normal 0 0 1
    outer loop
      vertex 196.69 10.5471 3
      vertex 198.31 10.5471 3
      vertex 196.735 10.7716 3
    endloop
  endfacet
  facet normal 0 0 1
    outer loop
      vertex 198.31 10.5471 3
      vertex 196.69 10.5471 3
      vertex 198.383 10.3303 3
    endloop
  endfacet
  facet normal 0 0 1
    outer loop
      vertex 196.617 10.3303 3
      vertex 198.383 10.3303 3
      vertex 196.69 10.5471 3
    endloop
  endfacet
  facet normal 0 0 1
    outer loop
      vertex 198.383 10.3303 3
      vertex 196.617 10.3303 3
      vertex 198.484 10.125 3
    endloop
  endfacet
  facet normal 0 0 1
    outer loop
      vertex 196.516 10.125 3
      vertex 198.484 10.125 3
      vertex 196.617 10.3303 3
    endloop
  endfacet
  facet normal 0 0 1
    outer loop
      vertex 198.484 10.125 3
      vertex 196.516 10.125 3
      vertex 198.612 9.93467 3
    endloop
  endfacet
  facet normal 0 0 1
    outer loop
      vertex 196.388 9.93467 3
      vertex 198.612 9.93467 3
      vertex 196.516 10.125 3
    endloop
  endfacet
  facet normal 0 0 1
    outer loop
      vertex 198.612 9.93467 3
      vertex 196.388 9.93467 3
      vertex 198.763 9.76256 3
    endloop
  endfacet
  facet normal 0 0 1
    outer loop
      vertex 196.237 9.76256 3
      vertex 198.763 9.76256 3
      vertex 196.388 9.93467 3
    endloop
  endfacet
  facet normal 0 0 1
    outer loop
      vertex 198.763 9.76256 3
      vertex 196.237 9.76256 3
      vertex 198.935 9.61163 3
    endloop
  endfacet
  facet normal 0 0 1
    outer loop
      vertex 196.065 9.61163 3
      vertex 198.935 9.61163 3
      vertex 196.237 9.76256 3
    endloop
  endfacet
  facet normal 0 0 1
    outer loop
      vertex 198.935 9.61163 3
      vertex 196.065 9.61163 3
      vertex 199.125 9.48446 3
    endloop
  endfacet
  facet normal 0 0 1
    outer loop
      vertex 195.875 9.48446 3
      vertex 199.125 9.48446 3
      vertex 196.065 9.61163 3
    endloop
  endfacet
  facet normal 0 0 1
    outer loop
      vertex 199.125 9.48446 3
      vertex 195.875 9.48446 3
      vertex 199.33 9.38321 3
    endloop
  endfacet
  facet normal 0 0 1
    outer loop
      vertex 195.67 9.38321 3
      vertex 199.33 9.38321 3
      vertex 195.875 9.48446 3
    endloop
  endfacet
  facet normal 0 0 1
    outer loop
      vertex 195.453 9.30963 3
      vertex 199.33 9.38321 3
      vertex 195.67 9.38321 3
    endloop
  endfacet
  facet normal 0 0 1
    outer loop
      vertex 199.547 9.30963 3
      vertex 195.453 9.30963 3
      vertex 195.228 9.26497 3
    endloop
  endfacet
  facet normal 0 0 1
    outer loop
      vertex 199.772 9.26497 3
      vertex 195.228 9.26497 3
      vertex 212 3.3 3
    endloop
  endfacet
  facet normal 0 0 1
    outer loop
      vertex 183 3.3 3
      vertex 195.228 9.26497 3
      vertex 195 9.25 3
    endloop
  endfacet
  facet normal 0 0 1
    outer loop
      vertex 183 3.3 3
      vertex 195 9.25 3
      vertex 194.772 9.26497 3
    endloop
  endfacet
  facet normal 0 0 1
    outer loop
      vertex 183 3.3 3
      vertex 194.772 9.26497 3
      vertex 194.547 9.30963 3
    endloop
  endfacet
  facet normal 0 0 1
    outer loop
      vertex 190.453 9.30963 3
      vertex 194.547 9.30963 3
      vertex 194.33 9.38321 3
    endloop
  endfacet
  facet normal -0 0 1
    outer loop
      vertex 191.75 11 3
      vertex 193.265 10.7716 3
      vertex 193.25 11 3
    endloop
  endfacet
  facet normal 0 0 1
    outer loop
      vertex 191.735 10.7716 3
      vertex 193.265 10.7716 3
      vertex 191.75 11 3
    endloop
  endfacet
  facet normal 0 0 1
    outer loop
      vertex 193.265 10.7716 3
      vertex 191.735 10.7716 3
      vertex 193.31 10.5471 3
    endloop
  endfacet
  facet normal 0 0 1
    outer loop
      vertex 191.69 10.5471 3
      vertex 193.31 10.5471 3
      vertex 191.735 10.7716 3
    endloop
  endfacet
  facet normal 0 0 1
    outer loop
      vertex 193.31 10.5471 3
      vertex 191.69 10.5471 3
      vertex 193.383 10.3303 3
    endloop
  endfacet
  facet normal 0 0 1
    outer loop
      vertex 191.617 10.3303 3
      vertex 193.383 10.3303 3
      vertex 191.69 10.5471 3
    endloop
  endfacet
  facet normal 0 0 1
    outer loop
      vertex 193.383 10.3303 3
      vertex 191.617 10.3303 3
      vertex 193.484 10.125 3
    endloop
  endfacet
  facet normal 0 0 1
    outer loop
      vertex 191.516 10.125 3
      vertex 193.484 10.125 3
      vertex 191.617 10.3303 3
    endloop
  endfacet
  facet normal 0 0 1
    outer loop
      vertex 193.484 10.125 3
      vertex 191.516 10.125 3
      vertex 193.612 9.93467 3
    endloop
  endfacet
  facet normal 0 0 1
    outer loop
      vertex 191.388 9.93467 3
      vertex 193.612 9.93467 3
      vertex 191.516 10.125 3
    endloop
  endfacet
  facet normal 0 0 1
    outer loop
      vertex 193.612 9.93467 3
      vertex 191.388 9.93467 3
      vertex 193.763 9.76256 3
    endloop
  endfacet
  facet normal 0 0 1
    outer loop
      vertex 191.237 9.76256 3
      vertex 193.763 9.76256 3
      vertex 191.388 9.93467 3
    endloop
  endfacet
  facet normal 0 0 1
    outer loop
      vertex 193.763 9.76256 3
      vertex 191.237 9.76256 3
      vertex 193.935 9.61163 3
    endloop
  endfacet
  facet normal 0 0 1
    outer loop
      vertex 191.065 9.61163 3
      vertex 193.935 9.61163 3
      vertex 191.237 9.76256 3
    endloop
  endfacet
  facet normal 0 0 1
    outer loop
      vertex 193.935 9.61163 3
      vertex 191.065 9.61163 3
      vertex 194.125 9.48446 3
    endloop
  endfacet
  facet normal 0 0 1
    outer loop
      vertex 190.875 9.48446 3
      vertex 194.125 9.48446 3
      vertex 191.065 9.61163 3
    endloop
  endfacet
  facet normal 0 0 1
    outer loop
      vertex 194.125 9.48446 3
      vertex 190.875 9.48446 3
      vertex 194.33 9.38321 3
    endloop
  endfacet
  facet normal 0 0 1
    outer loop
      vertex 190.67 9.38321 3
      vertex 194.33 9.38321 3
      vertex 190.875 9.48446 3
    endloop
  endfacet
  facet normal 0 0 1
    outer loop
      vertex 190.453 9.30963 3
      vertex 194.33 9.38321 3
      vertex 190.67 9.38321 3
    endloop
  endfacet
  facet normal 0 0 1
    outer loop
      vertex 194.547 9.30963 3
      vertex 190.453 9.30963 3
      vertex 183 3.3 3
    endloop
  endfacet
  facet normal 0 0 1
    outer loop
      vertex 183 3.3 3
      vertex 190.453 9.30963 3
      vertex 190.228 9.26497 3
    endloop
  endfacet
  facet normal 0 0 1
    outer loop
      vertex 183 3.3 3
      vertex 190.228 9.26497 3
      vertex 190 9.25 3
    endloop
  endfacet
  facet normal 0 0 1
    outer loop
      vertex 183 3.3 3
      vertex 190 9.25 3
      vertex 189.772 9.26497 3
    endloop
  endfacet
  facet normal 0 0 1
    outer loop
      vertex 183 3.3 3
      vertex 189.772 9.26497 3
      vertex 189.547 9.30963 3
    endloop
  endfacet
  facet normal 0 0 1
    outer loop
      vertex 188.265 11.2284 3
      vertex 180 15.7 3
      vertex 188.25 11 3
    endloop
  endfacet
  facet normal 0 0 1
    outer loop
      vertex 180 6.3 3
      vertex 188.25 11 3
      vertex 180 15.7 3
    endloop
  endfacet
  facet normal 0 0 1
    outer loop
      vertex 188.25 11 3
      vertex 180 6.3 3
      vertex 188.265 10.7716 3
    endloop
  endfacet
  facet normal 0 0 1
    outer loop
      vertex 188.265 10.7716 3
      vertex 180 6.3 3
      vertex 188.31 10.5471 3
    endloop
  endfacet
  facet normal 0 0 1
    outer loop
      vertex 195.228 9.26497 3
      vertex 183 3.3 3
      vertex 212 3.3 3
    endloop
  endfacet
  facet normal 0 0 1
    outer loop
      vertex 189.33 9.38321 3
      vertex 183 3.3 3
      vertex 189.547 9.30963 3
    endloop
  endfacet
  facet normal 0 0 1
    outer loop
      vertex 189.125 9.48446 3
      vertex 183 3.3 3
      vertex 189.33 9.38321 3
    endloop
  endfacet
  facet normal 0 0 1
    outer loop
      vertex 188.935 9.61163 3
      vertex 183 3.3 3
      vertex 189.125 9.48446 3
    endloop
  endfacet
  facet normal 0 0 1
    outer loop
      vertex 188.763 9.76256 3
      vertex 183 3.3 3
      vertex 188.935 9.61163 3
    endloop
  endfacet
  facet normal 0 0 1
    outer loop
      vertex 188.612 9.93467 3
      vertex 183 3.3 3
      vertex 188.763 9.76256 3
    endloop
  endfacet
  facet normal 0 0 1
    outer loop
      vertex 188.484 10.125 3
      vertex 183 3.3 3
      vertex 188.612 9.93467 3
    endloop
  endfacet
  facet normal 0 0 1
    outer loop
      vertex 188.31 10.5471 3
      vertex 180 6.3 3
      vertex 188.383 10.3303 3
    endloop
  endfacet
  facet normal 0 0 1
    outer loop
      vertex 180 15.7 3
      vertex 183 18.7 3
      vertex 182.608 18.6743 3
    endloop
  endfacet
  facet normal 0 0 1
    outer loop
      vertex 188.383 10.3303 3
      vertex 180 6.3 3
      vertex 188.484 10.125 3
    endloop
  endfacet
  facet normal 0 0 1
    outer loop
      vertex 180 15.7 3
      vertex 182.608 18.6743 3
      vertex 182.224 18.5978 3
    endloop
  endfacet
  facet normal 0 0 1
    outer loop
      vertex 188.484 10.125 3
      vertex 180 6.3 3
      vertex 183 3.3 3
    endloop
  endfacet
  facet normal 0 0 1
    outer loop
      vertex 180 15.7 3
      vertex 182.224 18.5978 3
      vertex 181.852 18.4716 3
    endloop
  endfacet
  facet normal 0 0 1
    outer loop
      vertex 183 3.3 3
      vertex 180 6.3 3
      vertex 182.608 3.32566 3
    endloop
  endfacet
  facet normal 0 0 1
    outer loop
      vertex 180 15.7 3
      vertex 181.852 18.4716 3
      vertex 181.5 18.2981 3
    endloop
  endfacet
  facet normal 0 0 1
    outer loop
      vertex 182.608 3.32566 3
      vertex 180 6.3 3
      vertex 182.224 3.40222 3
    endloop
  endfacet
  facet normal 0 0 1
    outer loop
      vertex 180 15.7 3
      vertex 181.5 18.2981 3
      vertex 181.174 18.0801 3
    endloop
  endfacet
  facet normal 0 0 1
    outer loop
      vertex 182.224 3.40222 3
      vertex 180 6.3 3
      vertex 181.852 3.52836 3
    endloop
  endfacet
  facet normal 0 0 1
    outer loop
      vertex 180 15.7 3
      vertex 181.174 18.0801 3
      vertex 180.879 17.8213 3
    endloop
  endfacet
  facet normal 0 0 1
    outer loop
      vertex 181.852 3.52836 3
      vertex 180 6.3 3
      vertex 181.5 3.70192 3
    endloop
  endfacet
  facet normal 0 0 1
    outer loop
      vertex 180 15.7 3
      vertex 180.879 17.8213 3
      vertex 180.62 17.5263 3
    endloop
  endfacet
  facet normal 0 0 1
    outer loop
      vertex 181.5 3.70192 3
      vertex 180 6.3 3
      vertex 181.174 3.91993 3
    endloop
  endfacet
  facet normal 0 0 1
    outer loop
      vertex 180 15.7 3
      vertex 180.62 17.5263 3
      vertex 180.402 17.2 3
    endloop
  endfacet
  facet normal 0 0 1
    outer loop
      vertex 181.174 3.91993 3
      vertex 180 6.3 3
      vertex 180.879 4.17868 3
    endloop
  endfacet
  facet normal 0 0 1
    outer loop
      vertex 180 15.7 3
      vertex 180.402 17.2 3
      vertex 180.228 16.848 3
    endloop
  endfacet
  facet normal 0 0 1
    outer loop
      vertex 180.879 4.17868 3
      vertex 180 6.3 3
      vertex 180.62 4.47372 3
    endloop
  endfacet
  facet normal 0 0 1
    outer loop
      vertex 180 15.7 3
      vertex 180.228 16.848 3
      vertex 180.102 16.4765 3
    endloop
  endfacet
  facet normal 0 0 1
    outer loop
      vertex 180.62 4.47372 3
      vertex 180 6.3 3
      vertex 180.402 4.8 3
    endloop
  endfacet
  facet normal 0 0 1
    outer loop
      vertex 180 15.7 3
      vertex 180.102 16.4765 3
      vertex 180.026 16.0916 3
    endloop
  endfacet
  facet normal 0 0 1
    outer loop
      vertex 180.402 4.8 3
      vertex 180 6.3 3
      vertex 180.228 5.15194 3
    endloop
  endfacet
  facet normal 0 0 1
    outer loop
      vertex 180.228 5.15194 3
      vertex 180 6.3 3
      vertex 180.102 5.52354 3
    endloop
  endfacet
  facet normal 0 0 1
    outer loop
      vertex 180.102 5.52354 3
      vertex 180 6.3 3
      vertex 180.026 5.90843 3
    endloop
  endfacet
  facet normal 0.917556 -0 0.397607
    outer loop
      vertex 38.4 10.6 9
      vertex 41 14 3
      vertex 38.4 11.4 9
    endloop
  endfacet
  facet normal 0.917556 0 0.397607
    outer loop
      vertex 41 14 3
      vertex 38.4 10.6 9
      vertex 41 8 3
    endloop
  endfacet
  facet normal -0 0 1
    outer loop
      vertex 37.6 11.4 9
      vertex 38.4 10.6 9
      vertex 38.4 11.4 9
    endloop
  endfacet
  facet normal 0 0 1
    outer loop
      vertex 38.4 10.6 9
      vertex 37.6 11.4 9
      vertex 37.6 10.6 9
    endloop
  endfacet
  facet normal 0 -0.917556 0.397607
    outer loop
      vertex 48 8 3
      vertex 51.4 10.6 9
      vertex 50.6 10.6 9
    endloop
  endfacet
  facet normal 0 -0.917556 0.397607
    outer loop
      vertex 51.4 10.6 9
      vertex 48 8 3
      vertex 54 8 3
    endloop
  endfacet
  facet normal 0 0.917556 0.397607
    outer loop
      vertex 54 14 3
      vertex 50.6 11.4 9
      vertex 51.4 11.4 9
    endloop
  endfacet
  facet normal 0 0.917556 0.397607
    outer loop
      vertex 50.6 11.4 9
      vertex 54 14 3
      vertex 48 14 3
    endloop
  endfacet
  facet normal -0.917556 0 0.397607
    outer loop
      vertex 48 14 3
      vertex 50.6 10.6 9
      vertex 50.6 11.4 9
    endloop
  endfacet
  facet normal -0.917556 0 0.397607
    outer loop
      vertex 50.6 10.6 9
      vertex 48 14 3
      vertex 48 8 3
    endloop
  endfacet
  facet normal 0.917556 -0 0.397607
    outer loop
      vertex 51.4 10.6 9
      vertex 54 14 3
      vertex 51.4 11.4 9
    endloop
  endfacet
  facet normal 0.917556 0 0.397607
    outer loop
      vertex 54 14 3
      vertex 51.4 10.6 9
      vertex 54 8 3
    endloop
  endfacet
  facet normal -0 0 1
    outer loop
      vertex 50.6 11.4 9
      vertex 51.4 10.6 9
      vertex 51.4 11.4 9
    endloop
  endfacet
  facet normal 0 0 1
    outer loop
      vertex 51.4 10.6 9
      vertex 50.6 11.4 9
      vertex 50.6 10.6 9
    endloop
  endfacet
  facet normal 0 -0.917556 0.397607
    outer loop
      vertex 61 8 3
      vertex 64.4 10.6 9
      vertex 63.6 10.6 9
    endloop
  endfacet
  facet normal 0 -0.917556 0.397607
    outer loop
      vertex 64.4 10.6 9
      vertex 61 8 3
      vertex 67 8 3
    endloop
  endfacet
  facet normal 0 0.917556 0.397607
    outer loop
      vertex 67 14 3
      vertex 63.6 11.4 9
      vertex 64.4 11.4 9
    endloop
  endfacet
  facet normal 0 0.917556 0.397607
    outer loop
      vertex 63.6 11.4 9
      vertex 67 14 3
      vertex 61 14 3
    endloop
  endfacet
  facet normal -0.917556 0 0.397607
    outer loop
      vertex 61 14 3
      vertex 63.6 10.6 9
      vertex 63.6 11.4 9
    endloop
  endfacet
  facet normal -0.917556 0 0.397607
    outer loop
      vertex 63.6 10.6 9
      vertex 61 14 3
      vertex 61 8 3
    endloop
  endfacet
  facet normal 0.917556 -0 0.397607
    outer loop
      vertex 64.4 10.6 9
      vertex 67 14 3
      vertex 64.4 11.4 9
    endloop
  endfacet
  facet normal 0.917556 0 0.397607
    outer loop
      vertex 67 14 3
      vertex 64.4 10.6 9
      vertex 67 8 3
    endloop
  endfacet
  facet normal -0 0 1
    outer loop
      vertex 63.6 11.4 9
      vertex 64.4 10.6 9
      vertex 64.4 11.4 9
    endloop
  endfacet
  facet normal 0 0 1
    outer loop
      vertex 64.4 10.6 9
      vertex 63.6 11.4 9
      vertex 63.6 10.6 9
    endloop
  endfacet
  facet normal 0 -0.917556 0.397607
    outer loop
      vertex 74 8 3
      vertex 77.4 10.6 9
      vertex 76.6 10.6 9
    endloop
  endfacet
  facet normal 0 -0.917556 0.397607
    outer loop
      vertex 77.4 10.6 9
      vertex 74 8 3
      vertex 80 8 3
    endloop
  endfacet
  facet normal 0 0.917556 0.397607
    outer loop
      vertex 80 14 3
      vertex 76.6 11.4 9
      vertex 77.4 11.4 9
    endloop
  endfacet
  facet normal 0 0.917556 0.397607
    outer loop
      vertex 76.6 11.4 9
      vertex 80 14 3
      vertex 74 14 3
    endloop
  endfacet
  facet normal -0.917556 0 0.397607
    outer loop
      vertex 74 14 3
      vertex 76.6 10.6 9
      vertex 76.6 11.4 9
    endloop
  endfacet
  facet normal -0.917556 0 0.397607
    outer loop
      vertex 76.6 10.6 9
      vertex 74 14 3
      vertex 74 8 3
    endloop
  endfacet
  facet normal 0.917556 -0 0.397607
    outer loop
      vertex 77.4 10.6 9
      vertex 80 14 3
      vertex 77.4 11.4 9
    endloop
  endfacet
  facet normal 0.917556 0 0.397607
    outer loop
      vertex 80 14 3
      vertex 77.4 10.6 9
      vertex 80 8 3
    endloop
  endfacet
  facet normal -0 0 1
    outer loop
      vertex 76.6 11.4 9
      vertex 77.4 10.6 9
      vertex 77.4 11.4 9
    endloop
  endfacet
  facet normal 0 0 1
    outer loop
      vertex 77.4 10.6 9
      vertex 76.6 11.4 9
      vertex 76.6 10.6 9
    endloop
  endfacet
  facet normal 0 -0.917556 0.397607
    outer loop
      vertex 87 8 3
      vertex 90.4 10.6 9
      vertex 89.6 10.6 9
    endloop
  endfacet
  facet normal 0 -0.917556 0.397607
    outer loop
      vertex 90.4 10.6 9
      vertex 87 8 3
      vertex 93 8 3
    endloop
  endfacet
  facet normal 0 0.917556 0.397607
    outer loop
      vertex 93 14 3
      vertex 89.6 11.4 9
      vertex 90.4 11.4 9
    endloop
  endfacet
  facet normal 0 0.917556 0.397607
    outer loop
      vertex 89.6 11.4 9
      vertex 93 14 3
      vertex 87 14 3
    endloop
  endfacet
  facet normal -0.917556 0 0.397607
    outer loop
      vertex 87 14 3
      vertex 89.6 10.6 9
      vertex 89.6 11.4 9
    endloop
  endfacet
  facet normal -0.917556 0 0.397607
    outer loop
      vertex 89.6 10.6 9
      vertex 87 14 3
      vertex 87 8 3
    endloop
  endfacet
  facet normal 0.917556 -0 0.397607
    outer loop
      vertex 90.4 10.6 9
      vertex 93 14 3
      vertex 90.4 11.4 9
    endloop
  endfacet
  facet normal 0.917556 0 0.397607
    outer loop
      vertex 93 14 3
      vertex 90.4 10.6 9
      vertex 93 8 3
    endloop
  endfacet
  facet normal -0 0 1
    outer loop
      vertex 89.6 11.4 9
      vertex 90.4 10.6 9
      vertex 90.4 11.4 9
    endloop
  endfacet
  facet normal 0 0 1
    outer loop
      vertex 90.4 10.6 9
      vertex 89.6 11.4 9
      vertex 89.6 10.6 9
    endloop
  endfacet
  facet normal 0 -0.917556 0.397607
    outer loop
      vertex 100 8 3
      vertex 103.4 10.6 9
      vertex 102.6 10.6 9
    endloop
  endfacet
  facet normal 0 -0.917556 0.397607
    outer loop
      vertex 103.4 10.6 9
      vertex 100 8 3
      vertex 106 8 3
    endloop
  endfacet
  facet normal 0 0.917556 0.397607
    outer loop
      vertex 106 14 3
      vertex 102.6 11.4 9
      vertex 103.4 11.4 9
    endloop
  endfacet
  facet normal 0 0.917556 0.397607
    outer loop
      vertex 102.6 11.4 9
      vertex 106 14 3
      vertex 100 14 3
    endloop
  endfacet
  facet normal -0.917556 0 0.397607
    outer loop
      vertex 100 14 3
      vertex 102.6 10.6 9
      vertex 102.6 11.4 9
    endloop
  endfacet
  facet normal -0.917556 0 0.397607
    outer loop
      vertex 102.6 10.6 9
      vertex 100 14 3
      vertex 100 8 3
    endloop
  endfacet
  facet normal 0.917556 -0 0.397607
    outer loop
      vertex 103.4 10.6 9
      vertex 106 14 3
      vertex 103.4 11.4 9
    endloop
  endfacet
  facet normal 0.917556 0 0.397607
    outer loop
      vertex 106 14 3
      vertex 103.4 10.6 9
      vertex 106 8 3
    endloop
  endfacet
  facet normal -0 0 1
    outer loop
      vertex 102.6 11.4 9
      vertex 103.4 10.6 9
      vertex 103.4 11.4 9
    endloop
  endfacet
  facet normal 0 0 1
    outer loop
      vertex 103.4 10.6 9
      vertex 102.6 11.4 9
      vertex 102.6 10.6 9
    endloop
  endfacet
  facet normal 0 -0.917556 0.397607
    outer loop
      vertex 113 8 3
      vertex 116.4 10.6 9
      vertex 115.6 10.6 9
    endloop
  endfacet
  facet normal 0 -0.917556 0.397607
    outer loop
      vertex 116.4 10.6 9
      vertex 113 8 3
      vertex 119 8 3
    endloop
  endfacet
  facet normal 0 0.917556 0.397607
    outer loop
      vertex 119 14 3
      vertex 115.6 11.4 9
      vertex 116.4 11.4 9
    endloop
  endfacet
  facet normal 0 0.917556 0.397607
    outer loop
      vertex 115.6 11.4 9
      vertex 119 14 3
      vertex 113 14 3
    endloop
  endfacet
  facet normal -0.917556 0 0.397607
    outer loop
      vertex 113 14 3
      vertex 115.6 10.6 9
      vertex 115.6 11.4 9
    endloop
  endfacet
  facet normal -0.917556 0 0.397607
    outer loop
      vertex 115.6 10.6 9
      vertex 113 14 3
      vertex 113 8 3
    endloop
  endfacet
  facet normal 0.917556 -0 0.397607
    outer loop
      vertex 116.4 10.6 9
      vertex 119 14 3
      vertex 116.4 11.4 9
    endloop
  endfacet
  facet normal 0.917556 0 0.397607
    outer loop
      vertex 119 14 3
      vertex 116.4 10.6 9
      vertex 119 8 3
    endloop
  endfacet
  facet normal -0 0 1
    outer loop
      vertex 115.6 11.4 9
      vertex 116.4 10.6 9
      vertex 116.4 11.4 9
    endloop
  endfacet
  facet normal 0 0 1
    outer loop
      vertex 116.4 10.6 9
      vertex 115.6 11.4 9
      vertex 115.6 10.6 9
    endloop
  endfacet
  facet normal 0 -0.917556 0.397607
    outer loop
      vertex 126 8 3
      vertex 129.4 10.6 9
      vertex 128.6 10.6 9
    endloop
  endfacet
  facet normal 0 -0.917556 0.397607
    outer loop
      vertex 129.4 10.6 9
      vertex 126 8 3
      vertex 132 8 3
    endloop
  endfacet
  facet normal 0 0.917556 0.397607
    outer loop
      vertex 132 14 3
      vertex 128.6 11.4 9
      vertex 129.4 11.4 9
    endloop
  endfacet
  facet normal 0 0.917556 0.397607
    outer loop
      vertex 128.6 11.4 9
      vertex 132 14 3
      vertex 126 14 3
    endloop
  endfacet
  facet normal -0.917556 0 0.397607
    outer loop
      vertex 126 14 3
      vertex 128.6 10.6 9
      vertex 128.6 11.4 9
    endloop
  endfacet
  facet normal -0.917556 0 0.397607
    outer loop
      vertex 128.6 10.6 9
      vertex 126 14 3
      vertex 126 8 3
    endloop
  endfacet
  facet normal 0.917556 -0 0.397607
    outer loop
      vertex 129.4 10.6 9
      vertex 132 14 3
      vertex 129.4 11.4 9
    endloop
  endfacet
  facet normal 0.917556 0 0.397607
    outer loop
      vertex 132 14 3
      vertex 129.4 10.6 9
      vertex 132 8 3
    endloop
  endfacet
  facet normal -0 0 1
    outer loop
      vertex 128.6 11.4 9
      vertex 129.4 10.6 9
      vertex 129.4 11.4 9
    endloop
  endfacet
  facet normal 0 0 1
    outer loop
      vertex 129.4 10.6 9
      vertex 128.6 11.4 9
      vertex 128.6 10.6 9
    endloop
  endfacet
  facet normal 0 -0.917556 0.397607
    outer loop
      vertex 139 8 3
      vertex 142.4 10.6 9
      vertex 141.6 10.6 9
    endloop
  endfacet
  facet normal 0 -0.917556 0.397607
    outer loop
      vertex 142.4 10.6 9
      vertex 139 8 3
      vertex 145 8 3
    endloop
  endfacet
  facet normal 0 0.917556 0.397607
    outer loop
      vertex 145 14 3
      vertex 141.6 11.4 9
      vertex 142.4 11.4 9
    endloop
  endfacet
  facet normal 0 0.917556 0.397607
    outer loop
      vertex 141.6 11.4 9
      vertex 145 14 3
      vertex 139 14 3
    endloop
  endfacet
  facet normal -0.917556 0 0.397607
    outer loop
      vertex 139 14 3
      vertex 141.6 10.6 9
      vertex 141.6 11.4 9
    endloop
  endfacet
  facet normal -0.917556 0 0.397607
    outer loop
      vertex 141.6 10.6 9
      vertex 139 14 3
      vertex 139 8 3
    endloop
  endfacet
  facet normal 0.917556 -0 0.397607
    outer loop
      vertex 142.4 10.6 9
      vertex 145 14 3
      vertex 142.4 11.4 9
    endloop
  endfacet
  facet normal 0.917556 0 0.397607
    outer loop
      vertex 145 14 3
      vertex 142.4 10.6 9
      vertex 145 8 3
    endloop
  endfacet
  facet normal -0 0 1
    outer loop
      vertex 141.6 11.4 9
      vertex 142.4 10.6 9
      vertex 142.4 11.4 9
    endloop
  endfacet
  facet normal 0 0 1
    outer loop
      vertex 142.4 10.6 9
      vertex 141.6 11.4 9
      vertex 141.6 10.6 9
    endloop
  endfacet
  facet normal 1 -0 0
    outer loop
      vertex 0 18 3
      vertex 0 24 0
      vertex 0 24 3
    endloop
  endfacet
  facet normal 1 0 0
    outer loop
      vertex 0 24 0
      vertex 0 18 3
      vertex 0 18 0
    endloop
  endfacet
  facet normal 1 -0 0
    outer loop
      vertex 0 -2 3
      vertex 0 4 0
      vertex 0 4 3
    endloop
  endfacet
  facet normal 1 0 0
    outer loop
      vertex 0 4 0
      vertex 0 -2 3
      vertex 0 -2 0
    endloop
  endfacet
  facet normal 0 0 1
    outer loop
      vertex -6.52391 24 3
      vertex -9.5 21.5 3
      vertex -6.52391 21.5 3
    endloop
  endfacet
  facet normal 0 0 1
    outer loop
      vertex -9.5 21.5 3
      vertex -12 24 3
      vertex -9.5 0.5 3
    endloop
  endfacet
  facet normal -0 0 1
    outer loop
      vertex -12 24 3
      vertex -9.5 21.5 3
      vertex -6.52391 24 3
    endloop
  endfacet
  facet normal -0 0 1
    outer loop
      vertex -9.5 0.5 3
      vertex -6.52391 -2 3
      vertex -6.52391 0.5 3
    endloop
  endfacet
  facet normal 0 0 1
    outer loop
      vertex -9.5 0.5 3
      vertex -12 -2 3
      vertex -6.52391 -2 3
    endloop
  endfacet
  facet normal 0 0 1
    outer loop
      vertex -12 -2 3
      vertex -9.5 0.5 3
      vertex -12 24 3
    endloop
  endfacet
  facet normal 0 0 -1
    outer loop
      vertex -2.5 0.5 0
      vertex 0 4 0
      vertex 0 -2 0
    endloop
  endfacet
  facet normal -0 0 -1
    outer loop
      vertex 0 4 0
      vertex -2.5 0.5 0
      vertex 0 18 0
    endloop
  endfacet
  facet normal 0 0 -1
    outer loop
      vertex -2.5 21.5 0
      vertex 0 18 0
      vertex -2.5 0.5 0
    endloop
  endfacet
  facet normal 0 0 -1
    outer loop
      vertex -5.47609 -2 0
      vertex -2.5 0.5 0
      vertex 0 -2 0
    endloop
  endfacet
  facet normal -0 0 -1
    outer loop
      vertex -2.5 0.5 0
      vertex -5.47609 -2 0
      vertex -5.47609 0.5 0
    endloop
  endfacet
  facet normal 0 0 -1
    outer loop
      vertex 176 0 0
      vertex 180 6.3 0
      vertex 180 4 0
    endloop
  endfacet
  facet normal -0 0 -1
    outer loop
      vertex 180 6.3 0
      vertex 176 0 0
      vertex 180 15.7 0
    endloop
  endfacet
  facet normal 0 0 -1
    outer loop
      vertex 176 0 0
      vertex 180 4 0
      vertex 179.966 3.47789 0
    endloop
  endfacet
  facet normal 0 0 -1
    outer loop
      vertex 176 22 0
      vertex 180 15.7 0
      vertex 176 0 0
    endloop
  endfacet
  facet normal 0 0 -1
    outer loop
      vertex 176 0 0
      vertex 179.966 3.47789 0
      vertex 179.864 2.96472 0
    endloop
  endfacet
  facet normal 0 0 -1
    outer loop
      vertex 180 15.7 0
      vertex 176 22 0
      vertex 180 18 0
    endloop
  endfacet
  facet normal 0 0 -1
    outer loop
      vertex 176 0 0
      vertex 179.864 2.96472 0
      vertex 179.696 2.46927 0
    endloop
  endfacet
  facet normal 0 0 -1
    outer loop
      vertex 180 18 0
      vertex 176 22 0
      vertex 179.966 18.5221 0
    endloop
  endfacet
  facet normal 0 0 -1
    outer loop
      vertex 176 0 0
      vertex 179.696 2.46927 0
      vertex 179.464 2 0
    endloop
  endfacet
  facet normal 0 0 -1
    outer loop
      vertex 179.966 18.5221 0
      vertex 176 22 0
      vertex 179.864 19.0353 0
    endloop
  endfacet
  facet normal 0 0 -1
    outer loop
      vertex 176 0 0
      vertex 179.464 2 0
      vertex 179.173 1.56496 0
    endloop
  endfacet
  facet normal 0 0 -1
    outer loop
      vertex 179.864 19.0353 0
      vertex 176 22 0
      vertex 179.696 19.5307 0
    endloop
  endfacet
  facet normal 0 0 -1
    outer loop
      vertex 176 0 0
      vertex 179.173 1.56496 0
      vertex 178.828 1.17157 0
    endloop
  endfacet
  facet normal 0 0 -1
    outer loop
      vertex 179.696 19.5307 0
      vertex 176 22 0
      vertex 179.464 20 0
    endloop
  endfacet
  facet normal 0 0 -1
    outer loop
      vertex 176 0 0
      vertex 178.828 1.17157 0
      vertex 178.435 0.826584 0
    endloop
  endfacet
  facet normal 0 0 -1
    outer loop
      vertex 179.464 20 0
      vertex 176 22 0
      vertex 179.173 20.435 0
    endloop
  endfacet
  facet normal 0 0 -1
    outer loop
      vertex 176 0 0
      vertex 178.435 0.826584 0
      vertex 178 0.535904 0
    endloop
  endfacet
  facet normal 0 0 -1
    outer loop
      vertex 179.173 20.435 0
      vertex 176 22 0
      vertex 178.828 20.8284 0
    endloop
  endfacet
  facet normal 0 0 -1
    outer loop
      vertex 176 0 0
      vertex 178 0.535904 0
      vertex 177.531 0.304489 0
    endloop
  endfacet
  facet normal 0 0 -1
    outer loop
      vertex 178.828 20.8284 0
      vertex 176 22 0
      vertex 178.435 21.1734 0
    endloop
  endfacet
  facet normal 0 0 -1
    outer loop
      vertex 176 0 0
      vertex 177.531 0.304489 0
      vertex 177.035 0.136292 0
    endloop
  endfacet
  facet normal 0 0 -1
    outer loop
      vertex 178.435 21.1734 0
      vertex 176 22 0
      vertex 178 21.4641 0
    endloop
  endfacet
  facet normal 0 0 -1
    outer loop
      vertex 176 0 0
      vertex 177.035 0.136292 0
      vertex 176.522 0.0342255 0
    endloop
  endfacet
  facet normal 0 0 -1
    outer loop
      vertex 178 21.4641 0
      vertex 176 22 0
      vertex 177.531 21.6955 0
    endloop
  endfacet
  facet normal 0 0 -1
    outer loop
      vertex 177.531 21.6955 0
      vertex 176 22 0
      vertex 177.035 21.8637 0
    endloop
  endfacet
  facet normal 0 0 -1
    outer loop
      vertex 177.035 21.8637 0
      vertex 176 22 0
      vertex 176.522 21.9658 0
    endloop
  endfacet
  facet normal 0 0 -1
    outer loop
      vertex 4 0 0
      vertex 176 22 0
      vertex 176 0 0
    endloop
  endfacet
  facet normal 0 0 -1
    outer loop
      vertex 4 0 0
      vertex 4 22 0
      vertex 176 22 0
    endloop
  endfacet
  facet normal 0 0 -1
    outer loop
      vertex 0 4 0
      vertex 4 0 0
      vertex 3.47789 0.0342255 0
    endloop
  endfacet
  facet normal 0 0 -1
    outer loop
      vertex 4 0 0
      vertex 0 4 0
      vertex 4 22 0
    endloop
  endfacet
  facet normal 0 0 -1
    outer loop
      vertex 0 4 0
      vertex 3.47789 0.0342255 0
      vertex 2.96472 0.136292 0
    endloop
  endfacet
  facet normal 0 0 -1
    outer loop
      vertex 0 18 0
      vertex 4 22 0
      vertex 0 4 0
    endloop
  endfacet
  facet normal 0 0 -1
    outer loop
      vertex 0 4 0
      vertex 2.96472 0.136292 0
      vertex 2.46927 0.304489 0
    endloop
  endfacet
  facet normal 0 0 -1
    outer loop
      vertex 4 22 0
      vertex 0 18 0
      vertex 3.47789 21.9658 0
    endloop
  endfacet
  facet normal 0 0 -1
    outer loop
      vertex 0 4 0
      vertex 2.46927 0.304489 0
      vertex 2 0.535904 0
    endloop
  endfacet
  facet normal 0 0 -1
    outer loop
      vertex 3.47789 21.9658 0
      vertex 0 18 0
      vertex 2.96472 21.8637 0
    endloop
  endfacet
  facet normal 0 0 -1
    outer loop
      vertex 0 4 0
      vertex 2 0.535904 0
      vertex 1.56496 0.826584 0
    endloop
  endfacet
  facet normal 0 0 -1
    outer loop
      vertex 2.96472 21.8637 0
      vertex 0 18 0
      vertex 2.46927 21.6955 0
    endloop
  endfacet
  facet normal 0 0 -1
    outer loop
      vertex 0 4 0
      vertex 1.56496 0.826584 0
      vertex 1.17157 1.17157 0
    endloop
  endfacet
  facet normal 0 0 -1
    outer loop
      vertex 2.46927 21.6955 0
      vertex 0 18 0
      vertex 2 21.4641 0
    endloop
  endfacet
  facet normal 0 0 -1
    outer loop
      vertex 0 4 0
      vertex 1.17157 1.17157 0
      vertex 0.826584 1.56496 0
    endloop
  endfacet
  facet normal 0 0 -1
    outer loop
      vertex 2 21.4641 0
      vertex 0 18 0
      vertex 1.56496 21.1734 0
    endloop
  endfacet
  facet normal 0 0 -1
    outer loop
      vertex 0 4 0
      vertex 0.826584 1.56496 0
      vertex 0.535904 2 0
    endloop
  endfacet
  facet normal 0 0 -1
    outer loop
      vertex 1.56496 21.1734 0
      vertex 0 18 0
      vertex 1.17157 20.8284 0
    endloop
  endfacet
  facet normal 0 0 -1
    outer loop
      vertex 0 4 0
      vertex 0.535904 2 0
      vertex 0.304489 2.46927 0
    endloop
  endfacet
  facet normal 0 0 -1
    outer loop
      vertex 1.17157 20.8284 0
      vertex 0 18 0
      vertex 0.826584 20.435 0
    endloop
  endfacet
  facet normal 0 0 -1
    outer loop
      vertex 0 4 0
      vertex 0.304489 2.46927 0
      vertex 0.136292 2.96472 0
    endloop
  endfacet
  facet normal 0 0 -1
    outer loop
      vertex 0.826584 20.435 0
      vertex 0 18 0
      vertex 0.535904 20 0
    endloop
  endfacet
  facet normal 0 0 -1
    outer loop
      vertex 0 4 0
      vertex 0.136292 2.96472 0
      vertex 0.0342255 3.47789 0
    endloop
  endfacet
  facet normal 0 0 -1
    outer loop
      vertex 0.535904 20 0
      vertex 0 18 0
      vertex 0.304489 19.5307 0
    endloop
  endfacet
  facet normal 0 0 -1
    outer loop
      vertex 0.304489 19.5307 0
      vertex 0 18 0
      vertex 0.136292 19.0353 0
    endloop
  endfacet
  facet normal 0 0 -1
    outer loop
      vertex 0.136292 19.0353 0
      vertex 0 18 0
      vertex 0.0342255 18.5221 0
    endloop
  endfacet
  facet normal 0 0 -1
    outer loop
      vertex 0 18 0
      vertex -2.5 21.5 0
      vertex 0 24 0
    endloop
  endfacet
  facet normal 0 0 -1
    outer loop
      vertex -5.47609 24 0
      vertex -2.5 21.5 0
      vertex -5.47609 21.5 0
    endloop
  endfacet
  facet normal 0 0 -1
    outer loop
      vertex -2.5 21.5 0
      vertex -5.47609 24 0
      vertex 0 24 0
    endloop
  endfacet
  facet normal 0 0 -1
    outer loop
      vertex 210.67 9.38321 0
      vertex 215 6.3 0
      vertex 214.974 5.90843 0
    endloop
  endfacet
  facet normal 0 0 -1
    outer loop
      vertex 215 6.3 0
      vertex 211.75 11 0
      vertex 215 15.7 0
    endloop
  endfacet
  facet normal 0 0 -1
    outer loop
      vertex 210.67 9.38321 0
      vertex 214.974 5.90843 0
      vertex 214.898 5.52354 0
    endloop
  endfacet
  facet normal 0 0 -1
    outer loop
      vertex 211.735 11.2284 0
      vertex 215 15.7 0
      vertex 211.75 11 0
    endloop
  endfacet
  facet normal 0 0 -1
    outer loop
      vertex 210.67 9.38321 0
      vertex 214.898 5.52354 0
      vertex 214.772 5.15194 0
    endloop
  endfacet
  facet normal 0 0 -1
    outer loop
      vertex 211.69 11.4529 0
      vertex 215 15.7 0
      vertex 211.735 11.2284 0
    endloop
  endfacet
  facet normal 0 0 -1
    outer loop
      vertex 210.67 9.38321 0
      vertex 214.772 5.15194 0
      vertex 214.598 4.8 0
    endloop
  endfacet
  facet normal 0 0 -1
    outer loop
      vertex 211.617 11.6697 0
      vertex 215 15.7 0
      vertex 211.69 11.4529 0
    endloop
  endfacet
  facet normal 0 0 -1
    outer loop
      vertex 210.67 9.38321 0
      vertex 214.598 4.8 0
      vertex 214.38 4.47372 0
    endloop
  endfacet
  facet normal 0 0 -1
    outer loop
      vertex 211.516 11.875 0
      vertex 215 15.7 0
      vertex 211.617 11.6697 0
    endloop
  endfacet
  facet normal 0 0 -1
    outer loop
      vertex 210.67 9.38321 0
      vertex 214.38 4.47372 0
      vertex 214.121 4.17868 0
    endloop
  endfacet
  facet normal 0 0 -1
    outer loop
      vertex 211.388 12.0653 0
      vertex 215 15.7 0
      vertex 211.516 11.875 0
    endloop
  endfacet
  facet normal 0 0 -1
    outer loop
      vertex 210.67 9.38321 0
      vertex 214.121 4.17868 0
      vertex 213.826 3.91993 0
    endloop
  endfacet
  facet normal 0 0 -1
    outer loop
      vertex 211.237 12.2374 0
      vertex 215 15.7 0
      vertex 211.388 12.0653 0
    endloop
  endfacet
  facet normal 0 0 -1
    outer loop
      vertex 210.67 9.38321 0
      vertex 213.826 3.91993 0
      vertex 213.5 3.70192 0
    endloop
  endfacet
  facet normal 0 0 -1
    outer loop
      vertex 211.065 12.3884 0
      vertex 215 15.7 0
      vertex 211.237 12.2374 0
    endloop
  endfacet
  facet normal 0 0 -1
    outer loop
      vertex 210.67 9.38321 0
      vertex 213.5 3.70192 0
      vertex 213.148 3.52836 0
    endloop
  endfacet
  facet normal 0 0 -1
    outer loop
      vertex 210.875 12.5155 0
      vertex 215 15.7 0
      vertex 211.065 12.3884 0
    endloop
  endfacet
  facet normal 0 0 -1
    outer loop
      vertex 210.67 9.38321 0
      vertex 213.148 3.52836 0
      vertex 212.776 3.40222 0
    endloop
  endfacet
  facet normal 0 0 -1
    outer loop
      vertex 210.67 12.6168 0
      vertex 215 15.7 0
      vertex 210.875 12.5155 0
    endloop
  endfacet
  facet normal 0 0 -1
    outer loop
      vertex 210.67 9.38321 0
      vertex 212.776 3.40222 0
      vertex 212.392 3.32566 0
    endloop
  endfacet
  facet normal -0 0 -1
    outer loop
      vertex 215 15.7 0
      vertex 210.67 12.6168 0
      vertex 214.974 16.0916 0
    endloop
  endfacet
  facet normal 0 0 -1
    outer loop
      vertex 210.67 9.38321 0
      vertex 212.392 3.32566 0
      vertex 212 3.3 0
    endloop
  endfacet
  facet normal -0 0 -1
    outer loop
      vertex 214.974 16.0916 0
      vertex 210.67 12.6168 0
      vertex 214.898 16.4765 0
    endloop
  endfacet
  facet normal -0 0 -1
    outer loop
      vertex 214.898 16.4765 0
      vertex 210.67 12.6168 0
      vertex 214.772 16.848 0
    endloop
  endfacet
  facet normal 0 0 -1
    outer loop
      vertex 215 6.3 0
      vertex 211.735 10.7716 0
      vertex 211.75 11 0
    endloop
  endfacet
  facet normal 0 0 -1
    outer loop
      vertex 215 6.3 0
      vertex 211.69 10.5471 0
      vertex 211.735 10.7716 0
    endloop
  endfacet
  facet normal 0 0 -1
    outer loop
      vertex 215 6.3 0
      vertex 211.617 10.3303 0
      vertex 211.69 10.5471 0
    endloop
  endfacet
  facet normal 0 0 -1
    outer loop
      vertex 215 6.3 0
      vertex 211.516 10.125 0
      vertex 211.617 10.3303 0
    endloop
  endfacet
  facet normal 0 0 -1
    outer loop
      vertex 215 6.3 0
      vertex 211.388 9.93467 0
      vertex 211.516 10.125 0
    endloop
  endfacet
  facet normal 0 0 -1
    outer loop
      vertex 215 6.3 0
      vertex 211.237 9.76256 0
      vertex 211.388 9.93467 0
    endloop
  endfacet
  facet normal 0 0 -1
    outer loop
      vertex 215 6.3 0
      vertex 211.065 9.61163 0
      vertex 211.237 9.76256 0
    endloop
  endfacet
  facet normal 0 0 -1
    outer loop
      vertex 215 6.3 0
      vertex 210.875 9.48446 0
      vertex 211.065 9.61163 0
    endloop
  endfacet
  facet normal 0 0 -1
    outer loop
      vertex 215 6.3 0
      vertex 210.67 9.38321 0
      vertex 210.875 9.48446 0
    endloop
  endfacet
  facet normal 0 0 -1
    outer loop
      vertex 212 3.3 0
      vertex 210.453 9.30963 0
      vertex 210.67 9.38321 0
    endloop
  endfacet
  facet normal 0 0 -1
    outer loop
      vertex 212 3.3 0
      vertex 210.228 9.26497 0
      vertex 210.453 9.30963 0
    endloop
  endfacet
  facet normal 0 0 -1
    outer loop
      vertex 212 3.3 0
      vertex 210 9.25 0
      vertex 210.228 9.26497 0
    endloop
  endfacet
  facet normal 0 0 -1
    outer loop
      vertex 212 3.3 0
      vertex 209.772 9.26497 0
      vertex 210 9.25 0
    endloop
  endfacet
  facet normal 0 0 -1
    outer loop
      vertex 212 3.3 0
      vertex 209.547 9.30963 0
      vertex 209.772 9.26497 0
    endloop
  endfacet
  facet normal 0 0 -1
    outer loop
      vertex 212 3.3 0
      vertex 209.33 9.38321 0
      vertex 209.547 9.30963 0
    endloop
  endfacet
  facet normal 0 0 -1
    outer loop
      vertex 205.67 9.38321 0
      vertex 209.33 9.38321 0
      vertex 212 3.3 0
    endloop
  endfacet
  facet normal 0 0 -1
    outer loop
      vertex 209.33 9.38321 0
      vertex 205.67 9.38321 0
      vertex 209.125 9.48446 0
    endloop
  endfacet
  facet normal 0 -0 -1
    outer loop
      vertex 205.875 9.48446 0
      vertex 209.125 9.48446 0
      vertex 205.67 9.38321 0
    endloop
  endfacet
  facet normal 0 0 -1
    outer loop
      vertex 209.125 9.48446 0
      vertex 205.875 9.48446 0
      vertex 208.935 9.61163 0
    endloop
  endfacet
  facet normal 0 0 -1
    outer loop
      vertex 208.935 9.61163 0
      vertex 206.065 9.61163 0
      vertex 208.763 9.76256 0
    endloop
  endfacet
  facet normal 0 0 -1
    outer loop
      vertex 208.265 10.7716 0
      vertex 206.75 11 0
      vertex 208.25 11 0
    endloop
  endfacet
  facet normal 0 0 -1
    outer loop
      vertex 206.735 10.7716 0
      vertex 208.265 10.7716 0
      vertex 208.31 10.5471 0
    endloop
  endfacet
  facet normal 0 0 -1
    outer loop
      vertex 206.69 10.5471 0
      vertex 208.31 10.5471 0
      vertex 208.383 10.3303 0
    endloop
  endfacet
  facet normal 0 0 -1
    outer loop
      vertex 206.617 10.3303 0
      vertex 208.383 10.3303 0
      vertex 208.484 10.125 0
    endloop
  endfacet
  facet normal 0 -0 -1
    outer loop
      vertex 206.237 9.76256 0
      vertex 208.763 9.76256 0
      vertex 206.065 9.61163 0
    endloop
  endfacet
  facet normal 0 0 -1
    outer loop
      vertex 208.265 10.7716 0
      vertex 206.735 10.7716 0
      vertex 206.75 11 0
    endloop
  endfacet
  facet normal 0 0 -1
    outer loop
      vertex 208.31 10.5471 0
      vertex 206.69 10.5471 0
      vertex 206.735 10.7716 0
    endloop
  endfacet
  facet normal 0 0 -1
    outer loop
      vertex 208.383 10.3303 0
      vertex 206.617 10.3303 0
      vertex 206.69 10.5471 0
    endloop
  endfacet
  facet normal 0 0 -1
    outer loop
      vertex 208.484 10.125 0
      vertex 206.516 10.125 0
      vertex 206.617 10.3303 0
    endloop
  endfacet
  facet normal -0 0 -1
    outer loop
      vertex 208.484 10.125 0
      vertex 206.388 9.93467 0
      vertex 206.516 10.125 0
    endloop
  endfacet
  facet normal 0 0 -1
    outer loop
      vertex 208.612 9.93467 0
      vertex 206.388 9.93467 0
      vertex 208.484 10.125 0
    endloop
  endfacet
  facet normal 0 -0 -1
    outer loop
      vertex 206.388 9.93467 0
      vertex 208.612 9.93467 0
      vertex 206.237 9.76256 0
    endloop
  endfacet
  facet normal 0 0 -1
    outer loop
      vertex 208.763 9.76256 0
      vertex 206.237 9.76256 0
      vertex 208.612 9.93467 0
    endloop
  endfacet
  facet normal 0 -0 -1
    outer loop
      vertex 206.065 9.61163 0
      vertex 208.935 9.61163 0
      vertex 205.875 9.48446 0
    endloop
  endfacet
  facet normal 0 0 -1
    outer loop
      vertex 212 3.3 0
      vertex 205.453 9.30963 0
      vertex 205.67 9.38321 0
    endloop
  endfacet
  facet normal 0 0 -1
    outer loop
      vertex 212 3.3 0
      vertex 205.228 9.26497 0
      vertex 205.453 9.30963 0
    endloop
  endfacet
  facet normal 0 0 -1
    outer loop
      vertex 212 3.3 0
      vertex 205 9.25 0
      vertex 205.228 9.26497 0
    endloop
  endfacet
  facet normal 0 0 -1
    outer loop
      vertex 212 3.3 0
      vertex 204.772 9.26497 0
      vertex 205 9.25 0
    endloop
  endfacet
  facet normal 0 0 -1
    outer loop
      vertex 212 3.3 0
      vertex 204.547 9.30963 0
      vertex 204.772 9.26497 0
    endloop
  endfacet
  facet normal 0 0 -1
    outer loop
      vertex 200.453 9.30963 0
      vertex 204.547 9.30963 0
      vertex 212 3.3 0
    endloop
  endfacet
  facet normal 0 0 -1
    outer loop
      vertex 204.547 9.30963 0
      vertex 200.453 9.30963 0
      vertex 204.33 9.38321 0
    endloop
  endfacet
  facet normal 0 -0 -1
    outer loop
      vertex 200.67 9.38321 0
      vertex 204.33 9.38321 0
      vertex 200.453 9.30963 0
    endloop
  endfacet
  facet normal 0 0 -1
    outer loop
      vertex 203.265 10.7716 0
      vertex 201.75 11 0
      vertex 203.25 11 0
    endloop
  endfacet
  facet normal 0 0 -1
    outer loop
      vertex 201.735 10.7716 0
      vertex 203.265 10.7716 0
      vertex 203.31 10.5471 0
    endloop
  endfacet
  facet normal 0 0 -1
    outer loop
      vertex 201.69 10.5471 0
      vertex 203.31 10.5471 0
      vertex 203.383 10.3303 0
    endloop
  endfacet
  facet normal 0 0 -1
    outer loop
      vertex 201.617 10.3303 0
      vertex 203.383 10.3303 0
      vertex 203.484 10.125 0
    endloop
  endfacet
  facet normal 0 0 -1
    outer loop
      vertex 201.516 10.125 0
      vertex 203.484 10.125 0
      vertex 203.612 9.93467 0
    endloop
  endfacet
  facet normal 0 0 -1
    outer loop
      vertex 201.388 9.93467 0
      vertex 203.612 9.93467 0
      vertex 203.763 9.76256 0
    endloop
  endfacet
  facet normal 0 0 -1
    outer loop
      vertex 201.237 9.76256 0
      vertex 203.763 9.76256 0
      vertex 203.935 9.61163 0
    endloop
  endfacet
  facet normal 0 0 -1
    outer loop
      vertex 204.33 9.38321 0
      vertex 200.67 9.38321 0
      vertex 204.125 9.48446 0
    endloop
  endfacet
  facet normal 0 0 -1
    outer loop
      vertex 203.265 10.7716 0
      vertex 201.735 10.7716 0
      vertex 201.75 11 0
    endloop
  endfacet
  facet normal 0 0 -1
    outer loop
      vertex 203.31 10.5471 0
      vertex 201.69 10.5471 0
      vertex 201.735 10.7716 0
    endloop
  endfacet
  facet normal 0 0 -1
    outer loop
      vertex 203.383 10.3303 0
      vertex 201.617 10.3303 0
      vertex 201.69 10.5471 0
    endloop
  endfacet
  facet normal 0 0 -1
    outer loop
      vertex 203.484 10.125 0
      vertex 201.516 10.125 0
      vertex 201.617 10.3303 0
    endloop
  endfacet
  facet normal 0 0 -1
    outer loop
      vertex 203.612 9.93467 0
      vertex 201.388 9.93467 0
      vertex 201.516 10.125 0
    endloop
  endfacet
  facet normal 0 0 -1
    outer loop
      vertex 203.763 9.76256 0
      vertex 201.237 9.76256 0
      vertex 201.388 9.93467 0
    endloop
  endfacet
  facet normal 0 0 -1
    outer loop
      vertex 203.935 9.61163 0
      vertex 201.065 9.61163 0
      vertex 201.237 9.76256 0
    endloop
  endfacet
  facet normal -0 0 -1
    outer loop
      vertex 203.935 9.61163 0
      vertex 200.875 9.48446 0
      vertex 201.065 9.61163 0
    endloop
  endfacet
  facet normal 0 0 -1
    outer loop
      vertex 204.125 9.48446 0
      vertex 200.875 9.48446 0
      vertex 203.935 9.61163 0
    endloop
  endfacet
  facet normal 0 -0 -1
    outer loop
      vertex 200.875 9.48446 0
      vertex 204.125 9.48446 0
      vertex 200.67 9.38321 0
    endloop
  endfacet
  facet normal 0 0 -1
    outer loop
      vertex 212 3.3 0
      vertex 200.228 9.26497 0
      vertex 200.453 9.30963 0
    endloop
  endfacet
  facet normal 0 0 -1
    outer loop
      vertex 212 3.3 0
      vertex 200 9.25 0
      vertex 200.228 9.26497 0
    endloop
  endfacet
  facet normal 0 0 -1
    outer loop
      vertex 212 3.3 0
      vertex 199.772 9.26497 0
      vertex 200 9.25 0
    endloop
  endfacet
  facet normal 0 0 -1
    outer loop
      vertex 195.228 9.26497 0
      vertex 199.772 9.26497 0
      vertex 212 3.3 0
    endloop
  endfacet
  facet normal 0 0 -1
    outer loop
      vertex 199.772 9.26497 0
      vertex 195.228 9.26497 0
      vertex 199.547 9.30963 0
    endloop
  endfacet
  facet normal 0 0 -1
    outer loop
      vertex 198.265 10.7716 0
      vertex 196.75 11 0
      vertex 198.25 11 0
    endloop
  endfacet
  facet normal 0 0 -1
    outer loop
      vertex 196.735 10.7716 0
      vertex 198.265 10.7716 0
      vertex 198.31 10.5471 0
    endloop
  endfacet
  facet normal 0 0 -1
    outer loop
      vertex 196.69 10.5471 0
      vertex 198.31 10.5471 0
      vertex 198.383 10.3303 0
    endloop
  endfacet
  facet normal 0 0 -1
    outer loop
      vertex 196.617 10.3303 0
      vertex 198.383 10.3303 0
      vertex 198.484 10.125 0
    endloop
  endfacet
  facet normal 0 0 -1
    outer loop
      vertex 196.516 10.125 0
      vertex 198.484 10.125 0
      vertex 198.612 9.93467 0
    endloop
  endfacet
  facet normal 0 0 -1
    outer loop
      vertex 196.388 9.93467 0
      vertex 198.612 9.93467 0
      vertex 198.763 9.76256 0
    endloop
  endfacet
  facet normal 0 0 -1
    outer loop
      vertex 196.237 9.76256 0
      vertex 198.763 9.76256 0
      vertex 198.935 9.61163 0
    endloop
  endfacet
  facet normal 0 0 -1
    outer loop
      vertex 196.065 9.61163 0
      vertex 198.935 9.61163 0
      vertex 199.125 9.48446 0
    endloop
  endfacet
  facet normal 0 0 -1
    outer loop
      vertex 198.265 10.7716 0
      vertex 196.735 10.7716 0
      vertex 196.75 11 0
    endloop
  endfacet
  facet normal 0 0 -1
    outer loop
      vertex 198.31 10.5471 0
      vertex 196.69 10.5471 0
      vertex 196.735 10.7716 0
    endloop
  endfacet
  facet normal 0 0 -1
    outer loop
      vertex 195.875 9.48446 0
      vertex 199.125 9.48446 0
      vertex 199.33 9.38321 0
    endloop
  endfacet
  facet normal 0 -0 -1
    outer loop
      vertex 195.453 9.30963 0
      vertex 199.547 9.30963 0
      vertex 195.228 9.26497 0
    endloop
  endfacet
  facet normal 0 0 -1
    outer loop
      vertex 198.383 10.3303 0
      vertex 196.617 10.3303 0
      vertex 196.69 10.5471 0
    endloop
  endfacet
  facet normal 0 0 -1
    outer loop
      vertex 198.484 10.125 0
      vertex 196.516 10.125 0
      vertex 196.617 10.3303 0
    endloop
  endfacet
  facet normal 0 0 -1
    outer loop
      vertex 198.612 9.93467 0
      vertex 196.388 9.93467 0
      vertex 196.516 10.125 0
    endloop
  endfacet
  facet normal 0 0 -1
    outer loop
      vertex 198.763 9.76256 0
      vertex 196.237 9.76256 0
      vertex 196.388 9.93467 0
    endloop
  endfacet
  facet normal 0 0 -1
    outer loop
      vertex 198.935 9.61163 0
      vertex 196.065 9.61163 0
      vertex 196.237 9.76256 0
    endloop
  endfacet
  facet normal 0 0 -1
    outer loop
      vertex 199.125 9.48446 0
      vertex 195.875 9.48446 0
      vertex 196.065 9.61163 0
    endloop
  endfacet
  facet normal 0 0 -1
    outer loop
      vertex 199.33 9.38321 0
      vertex 195.67 9.38321 0
      vertex 195.875 9.48446 0
    endloop
  endfacet
  facet normal -0 0 -1
    outer loop
      vertex 199.33 9.38321 0
      vertex 195.453 9.30963 0
      vertex 195.67 9.38321 0
    endloop
  endfacet
  facet normal 0 0 -1
    outer loop
      vertex 199.547 9.30963 0
      vertex 195.453 9.30963 0
      vertex 199.33 9.38321 0
    endloop
  endfacet
  facet normal 0 0 -1
    outer loop
      vertex 183 3.3 0
      vertex 195.228 9.26497 0
      vertex 212 3.3 0
    endloop
  endfacet
  facet normal 0 0 -1
    outer loop
      vertex 195.228 9.26497 0
      vertex 183 3.3 0
      vertex 195 9.25 0
    endloop
  endfacet
  facet normal -0 0 -1
    outer loop
      vertex 195 9.25 0
      vertex 183 3.3 0
      vertex 194.772 9.26497 0
    endloop
  endfacet
  facet normal -0 0 -1
    outer loop
      vertex 194.772 9.26497 0
      vertex 183 3.3 0
      vertex 194.547 9.30963 0
    endloop
  endfacet
  facet normal 0 0 -1
    outer loop
      vertex 193.265 10.7716 0
      vertex 191.75 11 0
      vertex 193.25 11 0
    endloop
  endfacet
  facet normal 0 0 -1
    outer loop
      vertex 191.735 10.7716 0
      vertex 193.265 10.7716 0
      vertex 193.31 10.5471 0
    endloop
  endfacet
  facet normal 0 0 -1
    outer loop
      vertex 191.69 10.5471 0
      vertex 193.31 10.5471 0
      vertex 193.383 10.3303 0
    endloop
  endfacet
  facet normal 0 0 -1
    outer loop
      vertex 191.617 10.3303 0
      vertex 193.383 10.3303 0
      vertex 193.484 10.125 0
    endloop
  endfacet
  facet normal 0 0 -1
    outer loop
      vertex 191.516 10.125 0
      vertex 193.484 10.125 0
      vertex 193.612 9.93467 0
    endloop
  endfacet
  facet normal 0 0 -1
    outer loop
      vertex 191.388 9.93467 0
      vertex 193.612 9.93467 0
      vertex 193.763 9.76256 0
    endloop
  endfacet
  facet normal 0 0 -1
    outer loop
      vertex 191.237 9.76256 0
      vertex 193.763 9.76256 0
      vertex 193.935 9.61163 0
    endloop
  endfacet
  facet normal 0 0 -1
    outer loop
      vertex 191.065 9.61163 0
      vertex 193.935 9.61163 0
      vertex 194.125 9.48446 0
    endloop
  endfacet
  facet normal 0 0 -1
    outer loop
      vertex 193.265 10.7716 0
      vertex 191.735 10.7716 0
      vertex 191.75 11 0
    endloop
  endfacet
  facet normal 0 0 -1
    outer loop
      vertex 193.31 10.5471 0
      vertex 191.69 10.5471 0
      vertex 191.735 10.7716 0
    endloop
  endfacet
  facet normal 0 0 -1
    outer loop
      vertex 190.875 9.48446 0
      vertex 194.125 9.48446 0
      vertex 194.33 9.38321 0
    endloop
  endfacet
  facet normal 0 0 -1
    outer loop
      vertex 193.383 10.3303 0
      vertex 191.617 10.3303 0
      vertex 191.69 10.5471 0
    endloop
  endfacet
  facet normal 0 0 -1
    outer loop
      vertex 193.484 10.125 0
      vertex 191.516 10.125 0
      vertex 191.617 10.3303 0
    endloop
  endfacet
  facet normal 0 -0 -1
    outer loop
      vertex 190.453 9.30963 0
      vertex 194.547 9.30963 0
      vertex 183 3.3 0
    endloop
  endfacet
  facet normal 0 0 -1
    outer loop
      vertex 193.612 9.93467 0
      vertex 191.388 9.93467 0
      vertex 191.516 10.125 0
    endloop
  endfacet
  facet normal 0 0 -1
    outer loop
      vertex 193.763 9.76256 0
      vertex 191.237 9.76256 0
      vertex 191.388 9.93467 0
    endloop
  endfacet
  facet normal 0 0 -1
    outer loop
      vertex 193.935 9.61163 0
      vertex 191.065 9.61163 0
      vertex 191.237 9.76256 0
    endloop
  endfacet
  facet normal 0 0 -1
    outer loop
      vertex 194.125 9.48446 0
      vertex 190.875 9.48446 0
      vertex 191.065 9.61163 0
    endloop
  endfacet
  facet normal 0 0 -1
    outer loop
      vertex 194.33 9.38321 0
      vertex 190.67 9.38321 0
      vertex 190.875 9.48446 0
    endloop
  endfacet
  facet normal 0 0 -1
    outer loop
      vertex 194.547 9.30963 0
      vertex 190.453 9.30963 0
      vertex 194.33 9.38321 0
    endloop
  endfacet
  facet normal -0 0 -1
    outer loop
      vertex 194.33 9.38321 0
      vertex 190.453 9.30963 0
      vertex 190.67 9.38321 0
    endloop
  endfacet
  facet normal 0 0 -1
    outer loop
      vertex 190.453 9.30963 0
      vertex 183 3.3 0
      vertex 190.228 9.26497 0
    endloop
  endfacet
  facet normal 0 0 -1
    outer loop
      vertex 190.228 9.26497 0
      vertex 183 3.3 0
      vertex 190 9.25 0
    endloop
  endfacet
  facet normal -0 0 -1
    outer loop
      vertex 190 9.25 0
      vertex 183 3.3 0
      vertex 189.772 9.26497 0
    endloop
  endfacet
  facet normal -0 0 -1
    outer loop
      vertex 188.31 10.5471 0
      vertex 180 6.3 0
      vertex 188.265 10.7716 0
    endloop
  endfacet
  facet normal -0 0 -1
    outer loop
      vertex 188.383 10.3303 0
      vertex 180 6.3 0
      vertex 188.31 10.5471 0
    endloop
  endfacet
  facet normal -0 0 -1
    outer loop
      vertex 188.484 10.125 0
      vertex 180 6.3 0
      vertex 188.383 10.3303 0
    endloop
  endfacet
  facet normal 0 0 -1
    outer loop
      vertex 180 6.3 0
      vertex 188.484 10.125 0
      vertex 183 3.3 0
    endloop
  endfacet
  facet normal -0 0 -1
    outer loop
      vertex 188.612 9.93467 0
      vertex 183 3.3 0
      vertex 188.484 10.125 0
    endloop
  endfacet
  facet normal -0 0 -1
    outer loop
      vertex 188.763 9.76256 0
      vertex 183 3.3 0
      vertex 188.612 9.93467 0
    endloop
  endfacet
  facet normal -0 0 -1
    outer loop
      vertex 188.935 9.61163 0
      vertex 183 3.3 0
      vertex 188.763 9.76256 0
    endloop
  endfacet
  facet normal -0 0 -1
    outer loop
      vertex 189.125 9.48446 0
      vertex 183 3.3 0
      vertex 188.935 9.61163 0
    endloop
  endfacet
  facet normal -0 0 -1
    outer loop
      vertex 189.33 9.38321 0
      vertex 183 3.3 0
      vertex 189.125 9.48446 0
    endloop
  endfacet
  facet normal -0 0 -1
    outer loop
      vertex 189.547 9.30963 0
      vertex 183 3.3 0
      vertex 189.33 9.38321 0
    endloop
  endfacet
  facet normal -0 0 -1
    outer loop
      vertex 189.772 9.26497 0
      vertex 183 3.3 0
      vertex 189.547 9.30963 0
    endloop
  endfacet
  facet normal -0 0 -1
    outer loop
      vertex 214.772 16.848 0
      vertex 210.67 12.6168 0
      vertex 214.598 17.2 0
    endloop
  endfacet
  facet normal -0 0 -1
    outer loop
      vertex 214.598 17.2 0
      vertex 210.67 12.6168 0
      vertex 214.38 17.5263 0
    endloop
  endfacet
  facet normal -0 0 -1
    outer loop
      vertex 214.38 17.5263 0
      vertex 210.67 12.6168 0
      vertex 214.121 17.8213 0
    endloop
  endfacet
  facet normal -0 0 -1
    outer loop
      vertex 214.121 17.8213 0
      vertex 210.67 12.6168 0
      vertex 213.826 18.0801 0
    endloop
  endfacet
  facet normal -0 0 -1
    outer loop
      vertex 213.826 18.0801 0
      vertex 210.67 12.6168 0
      vertex 213.5 18.2981 0
    endloop
  endfacet
  facet normal -0 0 -1
    outer loop
      vertex 213.5 18.2981 0
      vertex 210.67 12.6168 0
      vertex 213.148 18.4716 0
    endloop
  endfacet
  facet normal -0 0 -1
    outer loop
      vertex 213.148 18.4716 0
      vertex 210.67 12.6168 0
      vertex 212.776 18.5978 0
    endloop
  endfacet
  facet normal -0 0 -1
    outer loop
      vertex 212.776 18.5978 0
      vertex 210.67 12.6168 0
      vertex 212.392 18.6743 0
    endloop
  endfacet
  facet normal -0 0 -1
    outer loop
      vertex 212.392 18.6743 0
      vertex 210.67 12.6168 0
      vertex 212 18.7 0
    endloop
  endfacet
  facet normal 0 0 -1
    outer loop
      vertex 210.453 12.6904 0
      vertex 212 18.7 0
      vertex 210.67 12.6168 0
    endloop
  endfacet
  facet normal 0 0 -1
    outer loop
      vertex 210.228 12.735 0
      vertex 212 18.7 0
      vertex 210.453 12.6904 0
    endloop
  endfacet
  facet normal 0 0 -1
    outer loop
      vertex 210 12.75 0
      vertex 212 18.7 0
      vertex 210.228 12.735 0
    endloop
  endfacet
  facet normal 0 0 -1
    outer loop
      vertex 209.772 12.735 0
      vertex 212 18.7 0
      vertex 210 12.75 0
    endloop
  endfacet
  facet normal 0 0 -1
    outer loop
      vertex 209.547 12.6904 0
      vertex 212 18.7 0
      vertex 209.772 12.735 0
    endloop
  endfacet
  facet normal 0 0 -1
    outer loop
      vertex 209.33 12.6168 0
      vertex 212 18.7 0
      vertex 209.547 12.6904 0
    endloop
  endfacet
  facet normal 0 0 -1
    outer loop
      vertex 205.67 12.6168 0
      vertex 209.33 12.6168 0
      vertex 209.125 12.5155 0
    endloop
  endfacet
  facet normal 0 0 -1
    outer loop
      vertex 205.875 12.5155 0
      vertex 209.125 12.5155 0
      vertex 208.935 12.3884 0
    endloop
  endfacet
  facet normal 0 0 -1
    outer loop
      vertex 206.065 12.3884 0
      vertex 208.935 12.3884 0
      vertex 208.763 12.2374 0
    endloop
  endfacet
  facet normal 0 0 -1
    outer loop
      vertex 206.237 12.2374 0
      vertex 208.763 12.2374 0
      vertex 208.612 12.0653 0
    endloop
  endfacet
  facet normal 0 0 -1
    outer loop
      vertex 206.388 12.0653 0
      vertex 208.612 12.0653 0
      vertex 208.484 11.875 0
    endloop
  endfacet
  facet normal 0 0 -1
    outer loop
      vertex 206.75 11 0
      vertex 208.265 11.2284 0
      vertex 208.25 11 0
    endloop
  endfacet
  facet normal 0 0 -1
    outer loop
      vertex 206.735 11.2284 0
      vertex 208.265 11.2284 0
      vertex 206.75 11 0
    endloop
  endfacet
  facet normal 0 0 -1
    outer loop
      vertex 208.265 11.2284 0
      vertex 206.735 11.2284 0
      vertex 208.31 11.4529 0
    endloop
  endfacet
  facet normal 0 0 -1
    outer loop
      vertex 206.69 11.4529 0
      vertex 208.31 11.4529 0
      vertex 206.735 11.2284 0
    endloop
  endfacet
  facet normal 0 0 -1
    outer loop
      vertex 208.31 11.4529 0
      vertex 206.69 11.4529 0
      vertex 208.383 11.6697 0
    endloop
  endfacet
  facet normal 0 0 -1
    outer loop
      vertex 206.617 11.6697 0
      vertex 208.383 11.6697 0
      vertex 206.69 11.4529 0
    endloop
  endfacet
  facet normal 0 0 -1
    outer loop
      vertex 208.383 11.6697 0
      vertex 206.617 11.6697 0
      vertex 208.484 11.875 0
    endloop
  endfacet
  facet normal 0 0 -1
    outer loop
      vertex 206.516 11.875 0
      vertex 208.484 11.875 0
      vertex 206.617 11.6697 0
    endloop
  endfacet
  facet normal 0 0 -1
    outer loop
      vertex 206.388 12.0653 0
      vertex 208.484 11.875 0
      vertex 206.516 11.875 0
    endloop
  endfacet
  facet normal 0 0 -1
    outer loop
      vertex 208.612 12.0653 0
      vertex 206.388 12.0653 0
      vertex 206.237 12.2374 0
    endloop
  endfacet
  facet normal 0 0 -1
    outer loop
      vertex 208.763 12.2374 0
      vertex 206.237 12.2374 0
      vertex 206.065 12.3884 0
    endloop
  endfacet
  facet normal 0 0 -1
    outer loop
      vertex 208.935 12.3884 0
      vertex 206.065 12.3884 0
      vertex 205.875 12.5155 0
    endloop
  endfacet
  facet normal 0 0 -1
    outer loop
      vertex 209.125 12.5155 0
      vertex 205.875 12.5155 0
      vertex 205.67 12.6168 0
    endloop
  endfacet
  facet normal 0 0 -1
    outer loop
      vertex 209.33 12.6168 0
      vertex 205.67 12.6168 0
      vertex 212 18.7 0
    endloop
  endfacet
  facet normal 0 0 -1
    outer loop
      vertex 205.453 12.6904 0
      vertex 212 18.7 0
      vertex 205.67 12.6168 0
    endloop
  endfacet
  facet normal 0 0 -1
    outer loop
      vertex 205.228 12.735 0
      vertex 212 18.7 0
      vertex 205.453 12.6904 0
    endloop
  endfacet
  facet normal 0 0 -1
    outer loop
      vertex 205 12.75 0
      vertex 212 18.7 0
      vertex 205.228 12.735 0
    endloop
  endfacet
  facet normal 0 0 -1
    outer loop
      vertex 204.772 12.735 0
      vertex 212 18.7 0
      vertex 205 12.75 0
    endloop
  endfacet
  facet normal 0 0 -1
    outer loop
      vertex 204.547 12.6904 0
      vertex 212 18.7 0
      vertex 204.772 12.735 0
    endloop
  endfacet
  facet normal 0 0 -1
    outer loop
      vertex 200.453 12.6904 0
      vertex 204.547 12.6904 0
      vertex 204.33 12.6168 0
    endloop
  endfacet
  facet normal 0 0 -1
    outer loop
      vertex 200.67 12.6168 0
      vertex 204.33 12.6168 0
      vertex 204.125 12.5155 0
    endloop
  endfacet
  facet normal 0 0 -1
    outer loop
      vertex 200.875 12.5155 0
      vertex 204.125 12.5155 0
      vertex 203.935 12.3884 0
    endloop
  endfacet
  facet normal 0 0 -1
    outer loop
      vertex 201.75 11 0
      vertex 203.265 11.2284 0
      vertex 203.25 11 0
    endloop
  endfacet
  facet normal 0 0 -1
    outer loop
      vertex 201.735 11.2284 0
      vertex 203.265 11.2284 0
      vertex 201.75 11 0
    endloop
  endfacet
  facet normal 0 0 -1
    outer loop
      vertex 203.265 11.2284 0
      vertex 201.735 11.2284 0
      vertex 203.31 11.4529 0
    endloop
  endfacet
  facet normal 0 0 -1
    outer loop
      vertex 201.69 11.4529 0
      vertex 203.31 11.4529 0
      vertex 201.735 11.2284 0
    endloop
  endfacet
  facet normal 0 0 -1
    outer loop
      vertex 203.31 11.4529 0
      vertex 201.69 11.4529 0
      vertex 203.383 11.6697 0
    endloop
  endfacet
  facet normal 0 0 -1
    outer loop
      vertex 201.617 11.6697 0
      vertex 203.383 11.6697 0
      vertex 201.69 11.4529 0
    endloop
  endfacet
  facet normal 0 0 -1
    outer loop
      vertex 203.383 11.6697 0
      vertex 201.617 11.6697 0
      vertex 203.484 11.875 0
    endloop
  endfacet
  facet normal 0 0 -1
    outer loop
      vertex 201.516 11.875 0
      vertex 203.484 11.875 0
      vertex 201.617 11.6697 0
    endloop
  endfacet
  facet normal 0 0 -1
    outer loop
      vertex 203.484 11.875 0
      vertex 201.516 11.875 0
      vertex 203.612 12.0653 0
    endloop
  endfacet
  facet normal 0 0 -1
    outer loop
      vertex 201.388 12.0653 0
      vertex 203.612 12.0653 0
      vertex 201.516 11.875 0
    endloop
  endfacet
  facet normal 0 0 -1
    outer loop
      vertex 203.612 12.0653 0
      vertex 201.388 12.0653 0
      vertex 203.763 12.2374 0
    endloop
  endfacet
  facet normal 0 0 -1
    outer loop
      vertex 201.237 12.2374 0
      vertex 203.763 12.2374 0
      vertex 201.388 12.0653 0
    endloop
  endfacet
  facet normal 0 0 -1
    outer loop
      vertex 203.763 12.2374 0
      vertex 201.237 12.2374 0
      vertex 203.935 12.3884 0
    endloop
  endfacet
  facet normal 0 0 -1
    outer loop
      vertex 201.065 12.3884 0
      vertex 203.935 12.3884 0
      vertex 201.237 12.2374 0
    endloop
  endfacet
  facet normal 0 0 -1
    outer loop
      vertex 200.875 12.5155 0
      vertex 203.935 12.3884 0
      vertex 201.065 12.3884 0
    endloop
  endfacet
  facet normal 0 0 -1
    outer loop
      vertex 204.125 12.5155 0
      vertex 200.875 12.5155 0
      vertex 200.67 12.6168 0
    endloop
  endfacet
  facet normal 0 0 -1
    outer loop
      vertex 204.33 12.6168 0
      vertex 200.67 12.6168 0
      vertex 200.453 12.6904 0
    endloop
  endfacet
  facet normal 0 0 -1
    outer loop
      vertex 204.547 12.6904 0
      vertex 200.453 12.6904 0
      vertex 212 18.7 0
    endloop
  endfacet
  facet normal 0 0 -1
    outer loop
      vertex 200.228 12.735 0
      vertex 212 18.7 0
      vertex 200.453 12.6904 0
    endloop
  endfacet
  facet normal 0 0 -1
    outer loop
      vertex 200 12.75 0
      vertex 212 18.7 0
      vertex 200.228 12.735 0
    endloop
  endfacet
  facet normal 0 0 -1
    outer loop
      vertex 199.772 12.735 0
      vertex 212 18.7 0
      vertex 200 12.75 0
    endloop
  endfacet
  facet normal 0 0 -1
    outer loop
      vertex 195.228 12.735 0
      vertex 199.772 12.735 0
      vertex 199.547 12.6904 0
    endloop
  endfacet
  facet normal 0 0 -1
    outer loop
      vertex 195.453 12.6904 0
      vertex 199.547 12.6904 0
      vertex 199.33 12.6168 0
    endloop
  endfacet
  facet normal 0 0 -1
    outer loop
      vertex 196.75 11 0
      vertex 198.265 11.2284 0
      vertex 198.25 11 0
    endloop
  endfacet
  facet normal 0 0 -1
    outer loop
      vertex 196.735 11.2284 0
      vertex 198.265 11.2284 0
      vertex 196.75 11 0
    endloop
  endfacet
  facet normal 0 0 -1
    outer loop
      vertex 198.265 11.2284 0
      vertex 196.735 11.2284 0
      vertex 198.31 11.4529 0
    endloop
  endfacet
  facet normal 0 0 -1
    outer loop
      vertex 196.69 11.4529 0
      vertex 198.31 11.4529 0
      vertex 196.735 11.2284 0
    endloop
  endfacet
  facet normal 0 0 -1
    outer loop
      vertex 198.31 11.4529 0
      vertex 196.69 11.4529 0
      vertex 198.383 11.6697 0
    endloop
  endfacet
  facet normal 0 0 -1
    outer loop
      vertex 196.617 11.6697 0
      vertex 198.383 11.6697 0
      vertex 196.69 11.4529 0
    endloop
  endfacet
  facet normal 0 0 -1
    outer loop
      vertex 198.383 11.6697 0
      vertex 196.617 11.6697 0
      vertex 198.484 11.875 0
    endloop
  endfacet
  facet normal 0 0 -1
    outer loop
      vertex 196.516 11.875 0
      vertex 198.484 11.875 0
      vertex 196.617 11.6697 0
    endloop
  endfacet
  facet normal 0 0 -1
    outer loop
      vertex 198.484 11.875 0
      vertex 196.516 11.875 0
      vertex 198.612 12.0653 0
    endloop
  endfacet
  facet normal 0 0 -1
    outer loop
      vertex 196.388 12.0653 0
      vertex 198.612 12.0653 0
      vertex 196.516 11.875 0
    endloop
  endfacet
  facet normal 0 0 -1
    outer loop
      vertex 198.612 12.0653 0
      vertex 196.388 12.0653 0
      vertex 198.763 12.2374 0
    endloop
  endfacet
  facet normal 0 0 -1
    outer loop
      vertex 196.237 12.2374 0
      vertex 198.763 12.2374 0
      vertex 196.388 12.0653 0
    endloop
  endfacet
  facet normal 0 0 -1
    outer loop
      vertex 198.763 12.2374 0
      vertex 196.237 12.2374 0
      vertex 198.935 12.3884 0
    endloop
  endfacet
  facet normal 0 0 -1
    outer loop
      vertex 196.065 12.3884 0
      vertex 198.935 12.3884 0
      vertex 196.237 12.2374 0
    endloop
  endfacet
  facet normal 0 0 -1
    outer loop
      vertex 198.935 12.3884 0
      vertex 196.065 12.3884 0
      vertex 199.125 12.5155 0
    endloop
  endfacet
  facet normal 0 0 -1
    outer loop
      vertex 195.875 12.5155 0
      vertex 199.125 12.5155 0
      vertex 196.065 12.3884 0
    endloop
  endfacet
  facet normal 0 0 -1
    outer loop
      vertex 199.125 12.5155 0
      vertex 195.875 12.5155 0
      vertex 199.33 12.6168 0
    endloop
  endfacet
  facet normal 0 0 -1
    outer loop
      vertex 195.67 12.6168 0
      vertex 199.33 12.6168 0
      vertex 195.875 12.5155 0
    endloop
  endfacet
  facet normal 0 0 -1
    outer loop
      vertex 195.453 12.6904 0
      vertex 199.33 12.6168 0
      vertex 195.67 12.6168 0
    endloop
  endfacet
  facet normal 0 0 -1
    outer loop
      vertex 199.547 12.6904 0
      vertex 195.453 12.6904 0
      vertex 195.228 12.735 0
    endloop
  endfacet
  facet normal 0 0 -1
    outer loop
      vertex 199.772 12.735 0
      vertex 195.228 12.735 0
      vertex 212 18.7 0
    endloop
  endfacet
  facet normal 0 0 -1
    outer loop
      vertex 183 18.7 0
      vertex 195.228 12.735 0
      vertex 195 12.75 0
    endloop
  endfacet
  facet normal 0 0 -1
    outer loop
      vertex 183 18.7 0
      vertex 195 12.75 0
      vertex 194.772 12.735 0
    endloop
  endfacet
  facet normal 0 0 -1
    outer loop
      vertex 183 18.7 0
      vertex 194.772 12.735 0
      vertex 194.547 12.6904 0
    endloop
  endfacet
  facet normal 0 0 -1
    outer loop
      vertex 190.453 12.6904 0
      vertex 194.547 12.6904 0
      vertex 194.33 12.6168 0
    endloop
  endfacet
  facet normal 0 0 -1
    outer loop
      vertex 191.75 11 0
      vertex 193.265 11.2284 0
      vertex 193.25 11 0
    endloop
  endfacet
  facet normal 0 0 -1
    outer loop
      vertex 191.735 11.2284 0
      vertex 193.265 11.2284 0
      vertex 191.75 11 0
    endloop
  endfacet
  facet normal 0 0 -1
    outer loop
      vertex 193.265 11.2284 0
      vertex 191.735 11.2284 0
      vertex 193.31 11.4529 0
    endloop
  endfacet
  facet normal 0 0 -1
    outer loop
      vertex 191.69 11.4529 0
      vertex 193.31 11.4529 0
      vertex 191.735 11.2284 0
    endloop
  endfacet
  facet normal 0 0 -1
    outer loop
      vertex 193.31 11.4529 0
      vertex 191.69 11.4529 0
      vertex 193.383 11.6697 0
    endloop
  endfacet
  facet normal 0 0 -1
    outer loop
      vertex 191.617 11.6697 0
      vertex 193.383 11.6697 0
      vertex 191.69 11.4529 0
    endloop
  endfacet
  facet normal 0 0 -1
    outer loop
      vertex 193.383 11.6697 0
      vertex 191.617 11.6697 0
      vertex 193.484 11.875 0
    endloop
  endfacet
  facet normal 0 0 -1
    outer loop
      vertex 191.516 11.875 0
      vertex 193.484 11.875 0
      vertex 191.617 11.6697 0
    endloop
  endfacet
  facet normal 0 0 -1
    outer loop
      vertex 193.484 11.875 0
      vertex 191.516 11.875 0
      vertex 193.612 12.0653 0
    endloop
  endfacet
  facet normal 0 0 -1
    outer loop
      vertex 191.388 12.0653 0
      vertex 193.612 12.0653 0
      vertex 191.516 11.875 0
    endloop
  endfacet
  facet normal 0 0 -1
    outer loop
      vertex 193.612 12.0653 0
      vertex 191.388 12.0653 0
      vertex 193.763 12.2374 0
    endloop
  endfacet
  facet normal 0 0 -1
    outer loop
      vertex 191.237 12.2374 0
      vertex 193.763 12.2374 0
      vertex 191.388 12.0653 0
    endloop
  endfacet
  facet normal 0 0 -1
    outer loop
      vertex 193.763 12.2374 0
      vertex 191.237 12.2374 0
      vertex 193.935 12.3884 0
    endloop
  endfacet
  facet normal 0 0 -1
    outer loop
      vertex 191.065 12.3884 0
      vertex 193.935 12.3884 0
      vertex 191.237 12.2374 0
    endloop
  endfacet
  facet normal 0 0 -1
    outer loop
      vertex 193.935 12.3884 0
      vertex 191.065 12.3884 0
      vertex 194.125 12.5155 0
    endloop
  endfacet
  facet normal 0 0 -1
    outer loop
      vertex 190.875 12.5155 0
      vertex 194.125 12.5155 0
      vertex 191.065 12.3884 0
    endloop
  endfacet
  facet normal 0 0 -1
    outer loop
      vertex 194.125 12.5155 0
      vertex 190.875 12.5155 0
      vertex 194.33 12.6168 0
    endloop
  endfacet
  facet normal 0 0 -1
    outer loop
      vertex 190.67 12.6168 0
      vertex 194.33 12.6168 0
      vertex 190.875 12.5155 0
    endloop
  endfacet
  facet normal 0 0 -1
    outer loop
      vertex 190.453 12.6904 0
      vertex 194.33 12.6168 0
      vertex 190.67 12.6168 0
    endloop
  endfacet
  facet normal 0 0 -1
    outer loop
      vertex 194.547 12.6904 0
      vertex 190.453 12.6904 0
      vertex 183 18.7 0
    endloop
  endfacet
  facet normal 0 0 -1
    outer loop
      vertex 183 18.7 0
      vertex 190.453 12.6904 0
      vertex 190.228 12.735 0
    endloop
  endfacet
  facet normal 0 0 -1
    outer loop
      vertex 183 18.7 0
      vertex 190.228 12.735 0
      vertex 190 12.75 0
    endloop
  endfacet
  facet normal 0 0 -1
    outer loop
      vertex 183 18.7 0
      vertex 190 12.75 0
      vertex 189.772 12.735 0
    endloop
  endfacet
  facet normal 0 0 -1
    outer loop
      vertex 183 18.7 0
      vertex 189.772 12.735 0
      vertex 189.547 12.6904 0
    endloop
  endfacet
  facet normal -0 0 -1
    outer loop
      vertex 188.265 10.7716 0
      vertex 180 6.3 0
      vertex 188.25 11 0
    endloop
  endfacet
  facet normal 0 0 -1
    outer loop
      vertex 180 15.7 0
      vertex 188.25 11 0
      vertex 180 6.3 0
    endloop
  endfacet
  facet normal 0 0 -1
    outer loop
      vertex 188.25 11 0
      vertex 180 15.7 0
      vertex 188.265 11.2284 0
    endloop
  endfacet
  facet normal 0 0 -1
    outer loop
      vertex 188.265 11.2284 0
      vertex 180 15.7 0
      vertex 188.31 11.4529 0
    endloop
  endfacet
  facet normal 0 0 -1
    outer loop
      vertex 195.228 12.735 0
      vertex 183 18.7 0
      vertex 212 18.7 0
    endloop
  endfacet
  facet normal 0 0 -1
    outer loop
      vertex 189.33 12.6168 0
      vertex 183 18.7 0
      vertex 189.547 12.6904 0
    endloop
  endfacet
  facet normal 0 0 -1
    outer loop
      vertex 189.125 12.5155 0
      vertex 183 18.7 0
      vertex 189.33 12.6168 0
    endloop
  endfacet
  facet normal 0 0 -1
    outer loop
      vertex 188.935 12.3884 0
      vertex 183 18.7 0
      vertex 189.125 12.5155 0
    endloop
  endfacet
  facet normal 0 0 -1
    outer loop
      vertex 188.763 12.2374 0
      vertex 183 18.7 0
      vertex 188.935 12.3884 0
    endloop
  endfacet
  facet normal 0 0 -1
    outer loop
      vertex 188.612 12.0653 0
      vertex 183 18.7 0
      vertex 188.763 12.2374 0
    endloop
  endfacet
  facet normal 0 0 -1
    outer loop
      vertex 188.484 11.875 0
      vertex 183 18.7 0
      vertex 188.612 12.0653 0
    endloop
  endfacet
  facet normal 0 0 -1
    outer loop
      vertex 188.31 11.4529 0
      vertex 180 15.7 0
      vertex 188.383 11.6697 0
    endloop
  endfacet
  facet normal 0 0 -1
    outer loop
      vertex 180 6.3 0
      vertex 183 3.3 0
      vertex 182.608 3.32566 0
    endloop
  endfacet
  facet normal 0 0 -1
    outer loop
      vertex 188.383 11.6697 0
      vertex 180 15.7 0
      vertex 188.484 11.875 0
    endloop
  endfacet
  facet normal 0 0 -1
    outer loop
      vertex 180 6.3 0
      vertex 182.608 3.32566 0
      vertex 182.224 3.40222 0
    endloop
  endfacet
  facet normal 0 0 -1
    outer loop
      vertex 188.484 11.875 0
      vertex 180 15.7 0
      vertex 183 18.7 0
    endloop
  endfacet
  facet normal 0 0 -1
    outer loop
      vertex 180 6.3 0
      vertex 182.224 3.40222 0
      vertex 181.852 3.52836 0
    endloop
  endfacet
  facet normal 0 0 -1
    outer loop
      vertex 183 18.7 0
      vertex 180 15.7 0
      vertex 182.608 18.6743 0
    endloop
  endfacet
  facet normal 0 0 -1
    outer loop
      vertex 180 6.3 0
      vertex 181.852 3.52836 0
      vertex 181.5 3.70192 0
    endloop
  endfacet
  facet normal 0 0 -1
    outer loop
      vertex 182.608 18.6743 0
      vertex 180 15.7 0
      vertex 182.224 18.5978 0
    endloop
  endfacet
  facet normal 0 0 -1
    outer loop
      vertex 180 6.3 0
      vertex 181.5 3.70192 0
      vertex 181.174 3.91993 0
    endloop
  endfacet
  facet normal 0 0 -1
    outer loop
      vertex 182.224 18.5978 0
      vertex 180 15.7 0
      vertex 181.852 18.4716 0
    endloop
  endfacet
  facet normal 0 0 -1
    outer loop
      vertex 180 6.3 0
      vertex 181.174 3.91993 0
      vertex 180.879 4.17868 0
    endloop
  endfacet
  facet normal 0 0 -1
    outer loop
      vertex 181.852 18.4716 0
      vertex 180 15.7 0
      vertex 181.5 18.2981 0
    endloop
  endfacet
  facet normal 0 0 -1
    outer loop
      vertex 180 6.3 0
      vertex 180.879 4.17868 0
      vertex 180.62 4.47372 0
    endloop
  endfacet
  facet normal 0 0 -1
    outer loop
      vertex 181.5 18.2981 0
      vertex 180 15.7 0
      vertex 181.174 18.0801 0
    endloop
  endfacet
  facet normal 0 0 -1
    outer loop
      vertex 180 6.3 0
      vertex 180.62 4.47372 0
      vertex 180.402 4.8 0
    endloop
  endfacet
  facet normal 0 0 -1
    outer loop
      vertex 181.174 18.0801 0
      vertex 180 15.7 0
      vertex 180.879 17.8213 0
    endloop
  endfacet
  facet normal 0 0 -1
    outer loop
      vertex 180 6.3 0
      vertex 180.402 4.8 0
      vertex 180.228 5.15194 0
    endloop
  endfacet
  facet normal 0 0 -1
    outer loop
      vertex 180.879 17.8213 0
      vertex 180 15.7 0
      vertex 180.62 17.5263 0
    endloop
  endfacet
  facet normal 0 0 -1
    outer loop
      vertex 180 6.3 0
      vertex 180.228 5.15194 0
      vertex 180.102 5.52354 0
    endloop
  endfacet
  facet normal 0 0 -1
    outer loop
      vertex 180.62 17.5263 0
      vertex 180 15.7 0
      vertex 180.402 17.2 0
    endloop
  endfacet
  facet normal 0 0 -1
    outer loop
      vertex 180 6.3 0
      vertex 180.102 5.52354 0
      vertex 180.026 5.90843 0
    endloop
  endfacet
  facet normal 0 0 -1
    outer loop
      vertex 180.402 17.2 0
      vertex 180 15.7 0
      vertex 180.228 16.848 0
    endloop
  endfacet
  facet normal 0 0 -1
    outer loop
      vertex 180.228 16.848 0
      vertex 180 15.7 0
      vertex 180.102 16.4765 0
    endloop
  endfacet
  facet normal 0 0 -1
    outer loop
      vertex 180.102 16.4765 0
      vertex 180 15.7 0
      vertex 180.026 16.0916 0
    endloop
  endfacet
  facet normal 0 0 -1
    outer loop
      vertex -6.52391 -2 0
      vertex -9.5 0.5 0
      vertex -6.52391 0.5 0
    endloop
  endfacet
  facet normal -0 0 -1
    outer loop
      vertex -9.5 0.5 0
      vertex -12 -2 0
      vertex -9.5 21.5 0
    endloop
  endfacet
  facet normal 0 0 -1
    outer loop
      vertex -12 -2 0
      vertex -9.5 0.5 0
      vertex -6.52391 -2 0
    endloop
  endfacet
  facet normal 0 0 -1
    outer loop
      vertex -9.5 21.5 0
      vertex -6.52391 24 0
      vertex -6.52391 21.5 0
    endloop
  endfacet
  facet normal 0 0 -1
    outer loop
      vertex -9.5 21.5 0
      vertex -12 24 0
      vertex -6.52391 24 0
    endloop
  endfacet
  facet normal 0 0 -1
    outer loop
      vertex -12 24 0
      vertex -9.5 21.5 0
      vertex -12 -2 0
    endloop
  endfacet
  facet normal -1 0 0
    outer loop
      vertex -12 -2 0
      vertex -12 24 3
      vertex -12 24 0
    endloop
  endfacet
  facet normal -1 -0 0
    outer loop
      vertex -12 24 3
      vertex -12 -2 0
      vertex -12 -2 3
    endloop
  endfacet
  facet normal 0 1 0
    outer loop
      vertex -6 24 -0.0999994
      vertex -5.47609 24 0
      vertex -5.58589 24 -0.0454807
    endloop
  endfacet
  facet normal 0 1 0
    outer loop
      vertex -5.47609 24 0
      vertex -6 24 -0.0999994
      vertex -6.52391 24 0
    endloop
  endfacet
  facet normal 0 1 0
    outer loop
      vertex -6.52391 24 0
      vertex -6 24 -0.0999994
      vertex -6.41411 24 -0.0454807
    endloop
  endfacet
  facet normal 0 1 0
    outer loop
      vertex -5.47609 24 0
      vertex -5.47609 24 3
      vertex 0 24 3
    endloop
  endfacet
  facet normal 0 1 0
    outer loop
      vertex -5.47609 24 3
      vertex -5.47609 24 0
      vertex -6.52391 24 3
    endloop
  endfacet
  facet normal 0 1 0
    outer loop
      vertex -5.47609 24 0
      vertex 0 24 3
      vertex 0 24 0
    endloop
  endfacet
  facet normal 0 1 0
    outer loop
      vertex -6.52391 24 0
      vertex -6.52391 24 3
      vertex -5.47609 24 0
    endloop
  endfacet
  facet normal 0 1 0
    outer loop
      vertex -6.52391 24 3
      vertex -6.52391 24 0
      vertex -12 24 3
    endloop
  endfacet
  facet normal 0 1 0
    outer loop
      vertex -12 24 3
      vertex -6.52391 24 0
      vertex -12 24 0
    endloop
  endfacet
  facet normal 0 1 0
    outer loop
      vertex -5.47609 24 3
      vertex -6 24 3.1
      vertex -5.58589 24 3.04548
    endloop
  endfacet
  facet normal 0 1 0
    outer loop
      vertex -6.52391 24 3
      vertex -6 24 3.1
      vertex -5.47609 24 3
    endloop
  endfacet
  facet normal 0 1 0
    outer loop
      vertex -6 24 3.1
      vertex -6.52391 24 3
      vertex -6.41411 24 3.04548
    endloop
  endfacet
  facet normal 0 -1 0
    outer loop
      vertex -6 -2 -0.0999994
      vertex -6.52391 -2 0
      vertex -6.41411 -2 -0.0454807
    endloop
  endfacet
  facet normal 0 -1 0
    outer loop
      vertex -6.52391 -2 0
      vertex -6 -2 -0.0999994
      vertex -5.47609 -2 0
    endloop
  endfacet
  facet normal 0 -1 0
    outer loop
      vertex -5.47609 -2 0
      vertex -6 -2 -0.0999994
      vertex -5.58589 -2 -0.0454807
    endloop
  endfacet
  facet normal 0 -1 0
    outer loop
      vertex -6.52391 -2 0
      vertex -6.52391 -2 3
      vertex -12 -2 3
    endloop
  endfacet
  facet normal 0 -1 0
    outer loop
      vertex -6.52391 -2 3
      vertex -6.52391 -2 0
      vertex -5.47609 -2 3
    endloop
  endfacet
  facet normal 0 -1 0
    outer loop
      vertex -6.52391 -2 0
      vertex -12 -2 3
      vertex -12 -2 0
    endloop
  endfacet
  facet normal 0 -1 0
    outer loop
      vertex -5.47609 -2 0
      vertex -5.47609 -2 3
      vertex -6.52391 -2 0
    endloop
  endfacet
  facet normal 0 -1 0
    outer loop
      vertex -5.47609 -2 3
      vertex -5.47609 -2 0
      vertex 0 -2 3
    endloop
  endfacet
  facet normal 0 -1 -0
    outer loop
      vertex 0 -2 3
      vertex -5.47609 -2 0
      vertex 0 -2 0
    endloop
  endfacet
  facet normal 0 -1 0
    outer loop
      vertex -6.52391 -2 3
      vertex -6 -2 3.1
      vertex -6.41411 -2 3.04548
    endloop
  endfacet
  facet normal 0 -1 0
    outer loop
      vertex -5.47609 -2 3
      vertex -6 -2 3.1
      vertex -6.52391 -2 3
    endloop
  endfacet
  facet normal 0 -1 0
    outer loop
      vertex -6 -2 3.1
      vertex -5.47609 -2 3
      vertex -5.58589 -2 3.04548
    endloop
  endfacet
  facet normal -1 0 0
    outer loop
      vertex -2.5 0.5 0
      vertex -2.5 21.5 3
      vertex -2.5 21.5 0
    endloop
  endfacet
  facet normal -1 -0 0
    outer loop
      vertex -2.5 21.5 3
      vertex -2.5 0.5 0
      vertex -2.5 0.5 3
    endloop
  endfacet
  facet normal 1 -0 0
    outer loop
      vertex -9.5 0.5 3
      vertex -9.5 21.5 0
      vertex -9.5 21.5 3
    endloop
  endfacet
  facet normal 1 0 0
    outer loop
      vertex -9.5 21.5 0
      vertex -9.5 0.5 3
      vertex -9.5 0.5 0
    endloop
  endfacet
  facet normal 0 -1 0
    outer loop
      vertex -9.5 21.5 3
      vertex -6.8 21.5 2.88564
      vertex -6.52391 21.5 3
    endloop
  endfacet
  facet normal 0 -1 0
    outer loop
      vertex -9.5 21.5 3
      vertex -7.13137 21.5 2.63137
      vertex -6.8 21.5 2.88564
    endloop
  endfacet
  facet normal 0 -1 0
    outer loop
      vertex -9.5 21.5 3
      vertex -7.38564 21.5 2.3
      vertex -7.13137 21.5 2.63137
    endloop
  endfacet
  facet normal 0 -1 0
    outer loop
      vertex -9.5 21.5 3
      vertex -7.54548 21.5 1.91411
      vertex -7.38564 21.5 2.3
    endloop
  endfacet
  facet normal 0 -1 0
    outer loop
      vertex -9.5 21.5 3
      vertex -7.6 21.5 1.5
      vertex -7.54548 21.5 1.91411
    endloop
  endfacet
  facet normal 0 -1 0
    outer loop
      vertex -9.5 21.5 0
      vertex -7.6 21.5 1.5
      vertex -9.5 21.5 3
    endloop
  endfacet
  facet normal 0 -1 -0
    outer loop
      vertex -7.6 21.5 1.5
      vertex -9.5 21.5 0
      vertex -7.54548 21.5 1.08589
    endloop
  endfacet
  facet normal 0 -1 -0
    outer loop
      vertex -7.54548 21.5 1.08589
      vertex -9.5 21.5 0
      vertex -7.38564 21.5 0.7
    endloop
  endfacet
  facet normal 0 -1 -0
    outer loop
      vertex -7.38564 21.5 0.7
      vertex -9.5 21.5 0
      vertex -7.13137 21.5 0.368629
    endloop
  endfacet
  facet normal 0 -1 0
    outer loop
      vertex -9.5 21.5 0
      vertex -6.8 21.5 0.114359
      vertex -7.13137 21.5 0.368629
    endloop
  endfacet
  facet normal 0 -1 -0
    outer loop
      vertex -6.8 21.5 0.114359
      vertex -9.5 21.5 0
      vertex -6.52391 21.5 0
    endloop
  endfacet
  facet normal 0 -1 0
    outer loop
      vertex -5.2 21.5 2.88564
      vertex -2.5 21.5 3
      vertex -5.47609 21.5 3
    endloop
  endfacet
  facet normal 0 -1 0
    outer loop
      vertex -4.86863 21.5 2.63137
      vertex -2.5 21.5 3
      vertex -5.2 21.5 2.88564
    endloop
  endfacet
  facet normal 0 -1 0
    outer loop
      vertex -4.61436 21.5 2.3
      vertex -2.5 21.5 3
      vertex -4.86863 21.5 2.63137
    endloop
  endfacet
  facet normal 0 -1 0
    outer loop
      vertex -4.45452 21.5 1.91411
      vertex -2.5 21.5 3
      vertex -4.61436 21.5 2.3
    endloop
  endfacet
  facet normal 0 -1 0
    outer loop
      vertex -4.4 21.5 1.5
      vertex -2.5 21.5 3
      vertex -4.45452 21.5 1.91411
    endloop
  endfacet
  facet normal 0 -1 0
    outer loop
      vertex -2.5 21.5 0
      vertex -4.4 21.5 1.5
      vertex -4.45452 21.5 1.08589
    endloop
  endfacet
  facet normal 0 -1 0
    outer loop
      vertex -2.5 21.5 0
      vertex -4.45452 21.5 1.08589
      vertex -4.61436 21.5 0.7
    endloop
  endfacet
  facet normal 0 -1 0
    outer loop
      vertex -2.5 21.5 0
      vertex -4.61436 21.5 0.7
      vertex -4.86863 21.5 0.368629
    endloop
  endfacet
  facet normal 0 -1 0
    outer loop
      vertex -4.4 21.5 1.5
      vertex -2.5 21.5 0
      vertex -2.5 21.5 3
    endloop
  endfacet
  facet normal 0 -1 0
    outer loop
      vertex -5.2 21.5 0.114359
      vertex -2.5 21.5 0
      vertex -4.86863 21.5 0.368629
    endloop
  endfacet
  facet normal 0 -1 0
    outer loop
      vertex -2.5 21.5 0
      vertex -5.2 21.5 0.114359
      vertex -5.47609 21.5 0
    endloop
  endfacet
  facet normal 0 1 -0
    outer loop
      vertex -6.8 0.5 2.88564
      vertex -9.5 0.5 3
      vertex -6.52391 0.5 3
    endloop
  endfacet
  facet normal 0 1 -0
    outer loop
      vertex -7.13137 0.5 2.63137
      vertex -9.5 0.5 3
      vertex -6.8 0.5 2.88564
    endloop
  endfacet
  facet normal 0 1 -0
    outer loop
      vertex -7.38564 0.5 2.3
      vertex -9.5 0.5 3
      vertex -7.13137 0.5 2.63137
    endloop
  endfacet
  facet normal 0 1 -0
    outer loop
      vertex -7.54548 0.5 1.91411
      vertex -9.5 0.5 3
      vertex -7.38564 0.5 2.3
    endloop
  endfacet
  facet normal 0 1 -0
    outer loop
      vertex -7.6 0.5 1.5
      vertex -9.5 0.5 3
      vertex -7.54548 0.5 1.91411
    endloop
  endfacet
  facet normal 0 1 0
    outer loop
      vertex -9.5 0.5 0
      vertex -7.6 0.5 1.5
      vertex -7.54548 0.5 1.08589
    endloop
  endfacet
  facet normal 0 1 0
    outer loop
      vertex -9.5 0.5 0
      vertex -7.54548 0.5 1.08589
      vertex -7.38564 0.5 0.7
    endloop
  endfacet
  facet normal 0 1 0
    outer loop
      vertex -9.5 0.5 0
      vertex -7.38564 0.5 0.7
      vertex -7.13137 0.5 0.368629
    endloop
  endfacet
  facet normal 0 1 0
    outer loop
      vertex -7.6 0.5 1.5
      vertex -9.5 0.5 0
      vertex -9.5 0.5 3
    endloop
  endfacet
  facet normal 0 1 0
    outer loop
      vertex -6.8 0.5 0.114359
      vertex -9.5 0.5 0
      vertex -7.13137 0.5 0.368629
    endloop
  endfacet
  facet normal 0 1 0
    outer loop
      vertex -9.5 0.5 0
      vertex -6.8 0.5 0.114359
      vertex -6.52391 0.5 0
    endloop
  endfacet
  facet normal 0 1 0
    outer loop
      vertex -2.5 0.5 3
      vertex -5.2 0.5 2.88564
      vertex -5.47609 0.5 3
    endloop
  endfacet
  facet normal 0 1 0
    outer loop
      vertex -2.5 0.5 3
      vertex -4.86863 0.5 2.63137
      vertex -5.2 0.5 2.88564
    endloop
  endfacet
  facet normal 0 1 0
    outer loop
      vertex -2.5 0.5 3
      vertex -4.61436 0.5 2.3
      vertex -4.86863 0.5 2.63137
    endloop
  endfacet
  facet normal 0 1 0
    outer loop
      vertex -2.5 0.5 3
      vertex -4.45452 0.5 1.91411
      vertex -4.61436 0.5 2.3
    endloop
  endfacet
  facet normal 0 1 0
    outer loop
      vertex -2.5 0.5 3
      vertex -4.4 0.5 1.5
      vertex -4.45452 0.5 1.91411
    endloop
  endfacet
  facet normal 0 1 -0
    outer loop
      vertex -2.5 0.5 0
      vertex -4.4 0.5 1.5
      vertex -2.5 0.5 3
    endloop
  endfacet
  facet normal 0 1 0
    outer loop
      vertex -4.4 0.5 1.5
      vertex -2.5 0.5 0
      vertex -4.45452 0.5 1.08589
    endloop
  endfacet
  facet normal 0 1 0
    outer loop
      vertex -4.45452 0.5 1.08589
      vertex -2.5 0.5 0
      vertex -4.61436 0.5 0.7
    endloop
  endfacet
  facet normal 0 1 0
    outer loop
      vertex -4.61436 0.5 0.7
      vertex -2.5 0.5 0
      vertex -4.86863 0.5 0.368629
    endloop
  endfacet
  facet normal 0 1 0
    outer loop
      vertex -2.5 0.5 0
      vertex -5.2 0.5 0.114359
      vertex -4.86863 0.5 0.368629
    endloop
  endfacet
  facet normal 0 1 0
    outer loop
      vertex -5.2 0.5 0.114359
      vertex -2.5 0.5 0
      vertex -5.47609 0.5 0
    endloop
  endfacet
  facet normal 0.92388 0 -0.382682
    outer loop
      vertex -4.45452 0.5 1.08589
      vertex -4.61436 21.5 0.7
      vertex -4.45452 21.5 1.08589
    endloop
  endfacet
  facet normal 0.92388 0 -0.382682
    outer loop
      vertex -4.61436 21.5 0.7
      vertex -4.45452 0.5 1.08589
      vertex -4.61436 0.5 0.7
    endloop
  endfacet
  facet normal 0.991444 0 -0.130529
    outer loop
      vertex -4.4 0.5 1.5
      vertex -4.45452 21.5 1.08589
      vertex -4.4 21.5 1.5
    endloop
  endfacet
  facet normal 0.991444 0 -0.130529
    outer loop
      vertex -4.45452 21.5 1.08589
      vertex -4.4 0.5 1.5
      vertex -4.45452 0.5 1.08589
    endloop
  endfacet
  facet normal 0.793353 0 -0.608762
    outer loop
      vertex -4.61436 0.5 0.7
      vertex -4.86863 21.5 0.368629
      vertex -4.61436 21.5 0.7
    endloop
  endfacet
  facet normal 0.793353 0 -0.608762
    outer loop
      vertex -4.86863 21.5 0.368629
      vertex -4.61436 0.5 0.7
      vertex -4.86863 0.5 0.368629
    endloop
  endfacet
  facet normal -0.991444 0 -0.130529
    outer loop
      vertex -7.54548 0.5 1.08589
      vertex -7.6 21.5 1.5
      vertex -7.54548 21.5 1.08589
    endloop
  endfacet
  facet normal -0.991444 -0 -0.130529
    outer loop
      vertex -7.6 21.5 1.5
      vertex -7.54548 0.5 1.08589
      vertex -7.6 0.5 1.5
    endloop
  endfacet
  facet normal 0.608763 0 -0.793352
    outer loop
      vertex -5.2 0.5 0.114359
      vertex -4.86863 21.5 0.368629
      vertex -4.86863 0.5 0.368629
    endloop
  endfacet
  facet normal 0.608763 0 -0.793352
    outer loop
      vertex -4.86863 21.5 0.368629
      vertex -5.2 0.5 0.114359
      vertex -5.2 21.5 0.114359
    endloop
  endfacet
  facet normal -0.608763 0 -0.793352
    outer loop
      vertex -7.13137 0.5 0.368629
      vertex -6.8 21.5 0.114359
      vertex -6.8 0.5 0.114359
    endloop
  endfacet
  facet normal -0.608763 0 -0.793352
    outer loop
      vertex -6.8 21.5 0.114359
      vertex -7.13137 0.5 0.368629
      vertex -7.13137 21.5 0.368629
    endloop
  endfacet
  facet normal 0.92388 -0 0.382682
    outer loop
      vertex -4.61436 0.5 2.3
      vertex -4.45452 21.5 1.91411
      vertex -4.61436 21.5 2.3
    endloop
  endfacet
  facet normal 0.92388 0 0.382682
    outer loop
      vertex -4.45452 21.5 1.91411
      vertex -4.61436 0.5 2.3
      vertex -4.45452 0.5 1.91411
    endloop
  endfacet
  facet normal -0.130529 0 0.991444
    outer loop
      vertex -6.41411 24 3.04548
      vertex -6 -2 3.1
      vertex -6 24 3.1
    endloop
  endfacet
  facet normal -0.130529 0 0.991444
    outer loop
      vertex -6 -2 3.1
      vertex -6.41411 24 3.04548
      vertex -6.41411 -2 3.04548
    endloop
  endfacet
  facet normal -0.130526 0 -0.991445
    outer loop
      vertex -6.41411 -2 -0.0454807
      vertex -6 24 -0.0999994
      vertex -6 -2 -0.0999994
    endloop
  endfacet
  facet normal -0.130526 0 -0.991445
    outer loop
      vertex -6 24 -0.0999994
      vertex -6.41411 -2 -0.0454807
      vertex -6.41411 24 -0.0454807
    endloop
  endfacet
  facet normal -0.793353 0 -0.608762
    outer loop
      vertex -7.13137 0.5 0.368629
      vertex -7.38564 21.5 0.7
      vertex -7.13137 21.5 0.368629
    endloop
  endfacet
  facet normal -0.793353 -0 -0.608762
    outer loop
      vertex -7.38564 21.5 0.7
      vertex -7.13137 0.5 0.368629
      vertex -7.38564 0.5 0.7
    endloop
  endfacet
  facet normal 0.991444 -0 0.130529
    outer loop
      vertex -4.45452 0.5 1.91411
      vertex -4.4 21.5 1.5
      vertex -4.45452 21.5 1.91411
    endloop
  endfacet
  facet normal 0.991444 0 0.130529
    outer loop
      vertex -4.4 21.5 1.5
      vertex -4.45452 0.5 1.91411
      vertex -4.4 0.5 1.5
    endloop
  endfacet
  facet normal -0.991444 0 0.130529
    outer loop
      vertex -7.6 0.5 1.5
      vertex -7.54548 21.5 1.91411
      vertex -7.6 21.5 1.5
    endloop
  endfacet
  facet normal -0.991444 0 0.130529
    outer loop
      vertex -7.54548 21.5 1.91411
      vertex -7.6 0.5 1.5
      vertex -7.54548 0.5 1.91411
    endloop
  endfacet
  facet normal -0.38268 0 -0.923881
    outer loop
      vertex -6.8 0.5 0.114359
      vertex -6.52391 21.5 0
      vertex -6.52391 0.5 0
    endloop
  endfacet
  facet normal -0.38268 0 -0.923881
    outer loop
      vertex -6.52391 21.5 0
      vertex -6.8 0.5 0.114359
      vertex -6.8 21.5 0.114359
    endloop
  endfacet
  facet normal -0.382684 -0 -0.923879
    outer loop
      vertex -6.52391 0.5 0
      vertex -6.41411 -2 -0.0454807
      vertex -6.52391 -2 0
    endloop
  endfacet
  facet normal -0.382684 0 -0.923879
    outer loop
      vertex -6.41411 -2 -0.0454807
      vertex -6.52391 0.5 0
      vertex -6.41411 24 -0.0454807
    endloop
  endfacet
  facet normal -0.382684 -0 -0.923879
    outer loop
      vertex -6.52391 21.5 0
      vertex -6.41411 24 -0.0454807
      vertex -6.52391 0.5 0
    endloop
  endfacet
  facet normal -0.382684 0 -0.923879
    outer loop
      vertex -6.41411 24 -0.0454807
      vertex -6.52391 21.5 0
      vertex -6.52391 24 0
    endloop
  endfacet
  facet normal 0.793352 -0 0.608763
    outer loop
      vertex -4.86863 0.5 2.63137
      vertex -4.61436 21.5 2.3
      vertex -4.86863 21.5 2.63137
    endloop
  endfacet
  facet normal 0.793352 0 0.608763
    outer loop
      vertex -4.61436 21.5 2.3
      vertex -4.86863 0.5 2.63137
      vertex -4.61436 0.5 2.3
    endloop
  endfacet
  facet normal 0.130529 0 0.991444
    outer loop
      vertex -6 24 3.1
      vertex -5.58589 -2 3.04548
      vertex -5.58589 24 3.04548
    endloop
  endfacet
  facet normal 0.130529 0 0.991444
    outer loop
      vertex -5.58589 -2 3.04548
      vertex -6 24 3.1
      vertex -6 -2 3.1
    endloop
  endfacet
  facet normal -0.608763 0 0.793352
    outer loop
      vertex -7.13137 21.5 2.63137
      vertex -6.8 0.5 2.88564
      vertex -6.8 21.5 2.88564
    endloop
  endfacet
  facet normal -0.608763 0 0.793352
    outer loop
      vertex -6.8 0.5 2.88564
      vertex -7.13137 21.5 2.63137
      vertex -7.13137 0.5 2.63137
    endloop
  endfacet
  facet normal 0.608763 0 0.793352
    outer loop
      vertex -5.2 21.5 2.88564
      vertex -4.86863 0.5 2.63137
      vertex -4.86863 21.5 2.63137
    endloop
  endfacet
  facet normal 0.608763 0 0.793352
    outer loop
      vertex -4.86863 0.5 2.63137
      vertex -5.2 21.5 2.88564
      vertex -5.2 0.5 2.88564
    endloop
  endfacet
  facet normal 0.382679 0 0.923881
    outer loop
      vertex -5.58589 24 3.04548
      vertex -5.47609 21.5 3
      vertex -5.47609 24 3
    endloop
  endfacet
  facet normal 0.382679 0 0.923881
    outer loop
      vertex -5.47609 21.5 3
      vertex -5.58589 24 3.04548
      vertex -5.47609 0.5 3
    endloop
  endfacet
  facet normal 0.382679 -0 0.923881
    outer loop
      vertex -5.58589 -2 3.04548
      vertex -5.47609 0.5 3
      vertex -5.58589 24 3.04548
    endloop
  endfacet
  facet normal 0.382679 0 0.923881
    outer loop
      vertex -5.47609 0.5 3
      vertex -5.58589 -2 3.04548
      vertex -5.47609 -2 3
    endloop
  endfacet
  facet normal 0.382683 0 0.92388
    outer loop
      vertex -5.47609 21.5 3
      vertex -5.2 0.5 2.88564
      vertex -5.2 21.5 2.88564
    endloop
  endfacet
  facet normal 0.382683 0 0.92388
    outer loop
      vertex -5.2 0.5 2.88564
      vertex -5.47609 21.5 3
      vertex -5.47609 0.5 3
    endloop
  endfacet
  facet normal 0.130526 0 -0.991445
    outer loop
      vertex -6 -2 -0.0999994
      vertex -5.58589 24 -0.0454807
      vertex -5.58589 -2 -0.0454807
    endloop
  endfacet
  facet normal 0.130526 0 -0.991445
    outer loop
      vertex -5.58589 24 -0.0454807
      vertex -6 -2 -0.0999994
      vertex -6 24 -0.0999994
    endloop
  endfacet
  facet normal 0.382684 0 -0.923879
    outer loop
      vertex -5.58589 -2 -0.0454807
      vertex -5.47609 0.5 0
      vertex -5.47609 -2 0
    endloop
  endfacet
  facet normal 0.382684 0 -0.923879
    outer loop
      vertex -5.47609 0.5 0
      vertex -5.58589 -2 -0.0454807
      vertex -5.47609 21.5 0
    endloop
  endfacet
  facet normal 0.382684 0 -0.923879
    outer loop
      vertex -5.58589 24 -0.0454807
      vertex -5.47609 21.5 0
      vertex -5.58589 -2 -0.0454807
    endloop
  endfacet
  facet normal 0.382684 0 -0.923879
    outer loop
      vertex -5.47609 21.5 0
      vertex -5.58589 24 -0.0454807
      vertex -5.47609 24 0
    endloop
  endfacet
  facet normal 0.38268 0 -0.923881
    outer loop
      vertex -5.47609 0.5 0
      vertex -5.2 21.5 0.114359
      vertex -5.2 0.5 0.114359
    endloop
  endfacet
  facet normal 0.38268 0 -0.923881
    outer loop
      vertex -5.2 21.5 0.114359
      vertex -5.47609 0.5 0
      vertex -5.47609 21.5 0
    endloop
  endfacet
  facet normal -0.92388 0 0.382682
    outer loop
      vertex -7.54548 0.5 1.91411
      vertex -7.38564 21.5 2.3
      vertex -7.54548 21.5 1.91411
    endloop
  endfacet
  facet normal -0.92388 0 0.382682
    outer loop
      vertex -7.38564 21.5 2.3
      vertex -7.54548 0.5 1.91411
      vertex -7.38564 0.5 2.3
    endloop
  endfacet
  facet normal -0.793352 0 0.608763
    outer loop
      vertex -7.38564 0.5 2.3
      vertex -7.13137 21.5 2.63137
      vertex -7.38564 21.5 2.3
    endloop
  endfacet
  facet normal -0.793352 0 0.608763
    outer loop
      vertex -7.13137 21.5 2.63137
      vertex -7.38564 0.5 2.3
      vertex -7.13137 0.5 2.63137
    endloop
  endfacet
  facet normal -0.382683 0 0.92388
    outer loop
      vertex -6.8 21.5 2.88564
      vertex -6.52391 0.5 3
      vertex -6.52391 21.5 3
    endloop
  endfacet
  facet normal -0.382683 0 0.92388
    outer loop
      vertex -6.52391 0.5 3
      vertex -6.8 21.5 2.88564
      vertex -6.8 0.5 2.88564
    endloop
  endfacet
  facet normal -0.382679 0 0.923881
    outer loop
      vertex -6.52391 21.5 3
      vertex -6.41411 24 3.04548
      vertex -6.52391 24 3
    endloop
  endfacet
  facet normal -0.382679 0 0.923881
    outer loop
      vertex -6.41411 24 3.04548
      vertex -6.52391 21.5 3
      vertex -6.41411 -2 3.04548
    endloop
  endfacet
  facet normal -0.382679 0 0.923881
    outer loop
      vertex -6.52391 0.5 3
      vertex -6.41411 -2 3.04548
      vertex -6.52391 21.5 3
    endloop
  endfacet
  facet normal -0.382679 0 0.923881
    outer loop
      vertex -6.41411 -2 3.04548
      vertex -6.52391 0.5 3
      vertex -6.52391 -2 3
    endloop
  endfacet
  facet normal -0.92388 0 -0.382682
    outer loop
      vertex -7.38564 0.5 0.7
      vertex -7.54548 21.5 1.08589
      vertex -7.38564 21.5 0.7
    endloop
  endfacet
  facet normal -0.92388 -0 -0.382682
    outer loop
      vertex -7.54548 21.5 1.08589
      vertex -7.38564 0.5 0.7
      vertex -7.54548 0.5 1.08589
    endloop
  endfacet
  facet normal 0.659741 -0.751493 0
    outer loop
      vertex 188.763 12.2374 0
      vertex 188.935 12.3884 3
      vertex 188.763 12.2374 3
    endloop
  endfacet
  facet normal 0.659741 -0.751493 0
    outer loop
      vertex 188.935 12.3884 3
      vertex 188.763 12.2374 0
      vertex 188.935 12.3884 0
    endloop
  endfacet
  facet normal -0.980497 -0.196536 0
    outer loop
      vertex 191.735 11.2284 0
      vertex 191.69 11.4529 3
      vertex 191.69 11.4529 0
    endloop
  endfacet
  facet normal -0.980497 -0.196536 0
    outer loop
      vertex 191.69 11.4529 3
      vertex 191.735 11.2284 0
      vertex 191.735 11.2284 3
    endloop
  endfacet
  facet normal -0.99785 -0.0655331 0
    outer loop
      vertex 191.75 11 0
      vertex 191.735 11.2284 3
      vertex 191.735 11.2284 0
    endloop
  endfacet
  facet normal -0.99785 -0.0655331 0
    outer loop
      vertex 191.735 11.2284 3
      vertex 191.75 11 0
      vertex 191.75 11 3
    endloop
  endfacet
  facet normal -0.947717 -0.319111 0
    outer loop
      vertex 191.69 11.4529 0
      vertex 191.617 11.6697 3
      vertex 191.617 11.6697 0
    endloop
  endfacet
  facet normal -0.947717 -0.319111 0
    outer loop
      vertex 191.617 11.6697 3
      vertex 191.69 11.4529 0
      vertex 191.69 11.4529 3
    endloop
  endfacet
  facet normal 0.751683 -0.659524 0
    outer loop
      vertex 188.612 12.0653 3
      vertex 188.763 12.2374 0
      vertex 188.763 12.2374 3
    endloop
  endfacet
  facet normal 0.751683 -0.659524 0
    outer loop
      vertex 188.763 12.2374 0
      vertex 188.612 12.0653 3
      vertex 188.612 12.0653 0
    endloop
  endfacet
  facet normal -0.321199 -0.947012 0
    outer loop
      vertex 190.453 12.6904 0
      vertex 190.67 12.6168 3
      vertex 190.453 12.6904 3
    endloop
  endfacet
  facet normal -0.321199 -0.947012 -0
    outer loop
      vertex 190.67 12.6168 3
      vertex 190.453 12.6904 0
      vertex 190.67 12.6168 0
    endloop
  endfacet
  facet normal 0.321199 -0.947012 0
    outer loop
      vertex 189.33 12.6168 0
      vertex 189.547 12.6904 3
      vertex 189.33 12.6168 3
    endloop
  endfacet
  facet normal 0.321199 -0.947012 0
    outer loop
      vertex 189.547 12.6904 3
      vertex 189.33 12.6168 0
      vertex 189.547 12.6904 0
    endloop
  endfacet
  facet normal -0.897293 -0.441435 0
    outer loop
      vertex 191.617 11.6697 0
      vertex 191.516 11.875 3
      vertex 191.516 11.875 0
    endloop
  endfacet
  facet normal -0.897293 -0.441435 0
    outer loop
      vertex 191.516 11.875 3
      vertex 191.617 11.6697 0
      vertex 191.617 11.6697 3
    endloop
  endfacet
  facet normal -0.829762 -0.558117 0
    outer loop
      vertex 191.516 11.875 0
      vertex 191.388 12.0653 3
      vertex 191.388 12.0653 0
    endloop
  endfacet
  facet normal -0.829762 -0.558117 0
    outer loop
      vertex 191.388 12.0653 3
      vertex 191.516 11.875 0
      vertex 191.516 11.875 3
    endloop
  endfacet
  facet normal -0.947717 0.319111 0
    outer loop
      vertex 191.617 10.3303 0
      vertex 191.69 10.5471 3
      vertex 191.69 10.5471 0
    endloop
  endfacet
  facet normal -0.947717 0.319111 0
    outer loop
      vertex 191.69 10.5471 3
      vertex 191.617 10.3303 0
      vertex 191.617 10.3303 3
    endloop
  endfacet
  facet normal -0.659568 0.751645 0
    outer loop
      vertex 191.237 9.76256 0
      vertex 191.065 9.61163 3
      vertex 191.237 9.76256 3
    endloop
  endfacet
  facet normal -0.659568 0.751645 0
    outer loop
      vertex 191.065 9.61163 3
      vertex 191.237 9.76256 0
      vertex 191.065 9.61163 0
    endloop
  endfacet
  facet normal 0.0656476 -0.997843 0
    outer loop
      vertex 189.772 12.735 0
      vertex 190 12.75 3
      vertex 189.772 12.735 3
    endloop
  endfacet
  facet normal 0.0656476 -0.997843 0
    outer loop
      vertex 190 12.75 3
      vertex 189.772 12.735 0
      vertex 190 12.75 0
    endloop
  endfacet
  facet normal 0.194691 0.980865 -0
    outer loop
      vertex 189.772 9.26497 0
      vertex 189.547 9.30963 3
      vertex 189.772 9.26497 3
    endloop
  endfacet
  facet normal 0.194691 0.980865 0
    outer loop
      vertex 189.547 9.30963 3
      vertex 189.772 9.26497 0
      vertex 189.547 9.30963 0
    endloop
  endfacet
  facet normal -0.0656476 -0.997843 0
    outer loop
      vertex 190 12.75 0
      vertex 190.228 12.735 3
      vertex 190 12.75 3
    endloop
  endfacet
  facet normal -0.0656476 -0.997843 -0
    outer loop
      vertex 190.228 12.735 3
      vertex 190 12.75 0
      vertex 190.228 12.735 0
    endloop
  endfacet
  facet normal -0.751683 -0.659524 0
    outer loop
      vertex 191.388 12.0653 0
      vertex 191.237 12.2374 3
      vertex 191.237 12.2374 0
    endloop
  endfacet
  facet normal -0.751683 -0.659524 0
    outer loop
      vertex 191.237 12.2374 3
      vertex 191.388 12.0653 0
      vertex 191.388 12.0653 3
    endloop
  endfacet
  facet normal 0.99785 -0.0655331 0
    outer loop
      vertex 188.25 11 3
      vertex 188.265 11.2284 0
      vertex 188.265 11.2284 3
    endloop
  endfacet
  facet normal 0.99785 -0.0655331 0
    outer loop
      vertex 188.265 11.2284 0
      vertex 188.25 11 3
      vertex 188.25 11 0
    endloop
  endfacet
  facet normal 0.980497 -0.196536 0
    outer loop
      vertex 188.265 11.2284 3
      vertex 188.31 11.4529 0
      vertex 188.31 11.4529 3
    endloop
  endfacet
  facet normal 0.980497 -0.196536 0
    outer loop
      vertex 188.31 11.4529 0
      vertex 188.265 11.2284 3
      vertex 188.265 11.2284 0
    endloop
  endfacet
  facet normal 0.947717 -0.319111 0
    outer loop
      vertex 188.31 11.4529 3
      vertex 188.383 11.6697 0
      vertex 188.383 11.6697 3
    endloop
  endfacet
  facet normal 0.947717 -0.319111 0
    outer loop
      vertex 188.383 11.6697 0
      vertex 188.31 11.4529 3
      vertex 188.31 11.4529 0
    endloop
  endfacet
  facet normal 0.194439 -0.980915 0
    outer loop
      vertex 189.547 12.6904 0
      vertex 189.772 12.735 3
      vertex 189.547 12.6904 3
    endloop
  endfacet
  facet normal 0.194439 -0.980915 0
    outer loop
      vertex 189.772 12.735 3
      vertex 189.547 12.6904 0
      vertex 189.772 12.735 0
    endloop
  endfacet
  facet normal -0.442835 0.896603 0
    outer loop
      vertex 190.875 9.48446 0
      vertex 190.67 9.38321 3
      vertex 190.875 9.48446 3
    endloop
  endfacet
  facet normal -0.442835 0.896603 0
    outer loop
      vertex 190.67 9.38321 3
      vertex 190.875 9.48446 0
      vertex 190.67 9.38321 0
    endloop
  endfacet
  facet normal -0.659741 -0.751493 0
    outer loop
      vertex 191.065 12.3884 0
      vertex 191.237 12.2374 3
      vertex 191.065 12.3884 3
    endloop
  endfacet
  facet normal -0.659741 -0.751493 -0
    outer loop
      vertex 191.237 12.2374 3
      vertex 191.065 12.3884 0
      vertex 191.237 12.2374 0
    endloop
  endfacet
  facet normal -0.32112 0.947038 0
    outer loop
      vertex 190.67 9.38321 0
      vertex 190.453 9.30963 3
      vertex 190.67 9.38321 3
    endloop
  endfacet
  facet normal -0.32112 0.947038 0
    outer loop
      vertex 190.453 9.30963 3
      vertex 190.67 9.38321 0
      vertex 190.453 9.30963 0
    endloop
  endfacet
  facet normal -0.829803 0.558056 0
    outer loop
      vertex 191.388 9.93467 0
      vertex 191.516 10.125 3
      vertex 191.516 10.125 0
    endloop
  endfacet
  facet normal -0.829803 0.558056 0
    outer loop
      vertex 191.516 10.125 3
      vertex 191.388 9.93467 0
      vertex 191.388 9.93467 3
    endloop
  endfacet
  facet normal 0.897293 -0.441435 0
    outer loop
      vertex 188.383 11.6697 3
      vertex 188.484 11.875 0
      vertex 188.484 11.875 3
    endloop
  endfacet
  facet normal 0.897293 -0.441435 0
    outer loop
      vertex 188.484 11.875 0
      vertex 188.383 11.6697 3
      vertex 188.383 11.6697 0
    endloop
  endfacet
  facet normal 0.556012 -0.831174 0
    outer loop
      vertex 188.935 12.3884 0
      vertex 189.125 12.5155 3
      vertex 188.935 12.3884 3
    endloop
  endfacet
  facet normal 0.556012 -0.831174 0
    outer loop
      vertex 189.125 12.5155 3
      vertex 188.935 12.3884 0
      vertex 189.125 12.5155 0
    endloop
  endfacet
  facet normal 0.980497 0.196536 0
    outer loop
      vertex 188.31 10.5471 3
      vertex 188.265 10.7716 0
      vertex 188.265 10.7716 3
    endloop
  endfacet
  facet normal 0.980497 0.196536 0
    outer loop
      vertex 188.265 10.7716 0
      vertex 188.31 10.5471 3
      vertex 188.31 10.5471 0
    endloop
  endfacet
  facet normal -0.556012 -0.831174 0
    outer loop
      vertex 190.875 12.5155 0
      vertex 191.065 12.3884 3
      vertex 190.875 12.5155 3
    endloop
  endfacet
  facet normal -0.556012 -0.831174 -0
    outer loop
      vertex 191.065 12.3884 3
      vertex 190.875 12.5155 0
      vertex 191.065 12.3884 0
    endloop
  endfacet
  facet normal 0.99785 0.0655331 0
    outer loop
      vertex 188.265 10.7716 3
      vertex 188.25 11 0
      vertex 188.25 11 3
    endloop
  endfacet
  facet normal 0.99785 0.0655331 0
    outer loop
      vertex 188.25 11 0
      vertex 188.265 10.7716 3
      vertex 188.265 10.7716 0
    endloop
  endfacet
  facet normal 0.947717 0.319111 0
    outer loop
      vertex 188.383 10.3303 3
      vertex 188.31 10.5471 0
      vertex 188.31 10.5471 3
    endloop
  endfacet
  facet normal 0.947717 0.319111 0
    outer loop
      vertex 188.31 10.5471 0
      vertex 188.383 10.3303 3
      vertex 188.383 10.3303 0
    endloop
  endfacet
  facet normal 0.829762 -0.558117 0
    outer loop
      vertex 188.484 11.875 3
      vertex 188.612 12.0653 0
      vertex 188.612 12.0653 3
    endloop
  endfacet
  facet normal 0.829762 -0.558117 0
    outer loop
      vertex 188.612 12.0653 0
      vertex 188.484 11.875 3
      vertex 188.484 11.875 0
    endloop
  endfacet
  facet normal 0.44301 -0.896516 0
    outer loop
      vertex 189.125 12.5155 0
      vertex 189.33 12.6168 3
      vertex 189.125 12.5155 3
    endloop
  endfacet
  facet normal 0.44301 -0.896516 0
    outer loop
      vertex 189.33 12.6168 3
      vertex 189.125 12.5155 0
      vertex 189.33 12.6168 0
    endloop
  endfacet
  facet normal -0.194691 0.980865 0
    outer loop
      vertex 190.453 9.30963 0
      vertex 190.228 9.26497 3
      vertex 190.453 9.30963 3
    endloop
  endfacet
  facet normal -0.194691 0.980865 0
    outer loop
      vertex 190.228 9.26497 3
      vertex 190.453 9.30963 0
      vertex 190.228 9.26497 0
    endloop
  endfacet
  facet normal -0.751702 0.659503 0
    outer loop
      vertex 191.237 9.76256 0
      vertex 191.388 9.93467 3
      vertex 191.388 9.93467 0
    endloop
  endfacet
  facet normal -0.751702 0.659503 0
    outer loop
      vertex 191.388 9.93467 3
      vertex 191.237 9.76256 0
      vertex 191.237 9.76256 3
    endloop
  endfacet
  facet normal 0.829803 0.558056 0
    outer loop
      vertex 188.612 9.93467 3
      vertex 188.484 10.125 0
      vertex 188.484 10.125 3
    endloop
  endfacet
  facet normal 0.829803 0.558056 0
    outer loop
      vertex 188.484 10.125 0
      vertex 188.612 9.93467 3
      vertex 188.612 9.93467 0
    endloop
  endfacet
  facet normal 0.442835 0.896603 -0
    outer loop
      vertex 189.33 9.38321 0
      vertex 189.125 9.48446 3
      vertex 189.33 9.38321 3
    endloop
  endfacet
  facet normal 0.442835 0.896603 0
    outer loop
      vertex 189.125 9.48446 3
      vertex 189.33 9.38321 0
      vertex 189.125 9.48446 0
    endloop
  endfacet
  facet normal -0.980497 0.196536 0
    outer loop
      vertex 191.69 10.5471 0
      vertex 191.735 10.7716 3
      vertex 191.735 10.7716 0
    endloop
  endfacet
  facet normal -0.980497 0.196536 0
    outer loop
      vertex 191.735 10.7716 3
      vertex 191.69 10.5471 0
      vertex 191.69 10.5471 3
    endloop
  endfacet
  facet normal 0.659568 0.751645 -0
    outer loop
      vertex 188.935 9.61163 0
      vertex 188.763 9.76256 3
      vertex 188.935 9.61163 3
    endloop
  endfacet
  facet normal 0.659568 0.751645 0
    outer loop
      vertex 188.763 9.76256 3
      vertex 188.935 9.61163 0
      vertex 188.763 9.76256 0
    endloop
  endfacet
  facet normal 0.897293 0.441435 0
    outer loop
      vertex 188.484 10.125 3
      vertex 188.383 10.3303 0
      vertex 188.383 10.3303 3
    endloop
  endfacet
  facet normal 0.897293 0.441435 0
    outer loop
      vertex 188.383 10.3303 0
      vertex 188.484 10.125 3
      vertex 188.484 10.125 0
    endloop
  endfacet
  facet normal -0.897293 0.441435 0
    outer loop
      vertex 191.516 10.125 0
      vertex 191.617 10.3303 3
      vertex 191.617 10.3303 0
    endloop
  endfacet
  facet normal -0.897293 0.441435 0
    outer loop
      vertex 191.617 10.3303 3
      vertex 191.516 10.125 0
      vertex 191.516 10.125 3
    endloop
  endfacet
  facet normal -0.556223 0.831033 0
    outer loop
      vertex 191.065 9.61163 0
      vertex 190.875 9.48446 3
      vertex 191.065 9.61163 3
    endloop
  endfacet
  facet normal -0.556223 0.831033 0
    outer loop
      vertex 190.875 9.48446 3
      vertex 191.065 9.61163 0
      vertex 190.875 9.48446 0
    endloop
  endfacet
  facet normal -0.44301 -0.896516 0
    outer loop
      vertex 190.67 12.6168 0
      vertex 190.875 12.5155 3
      vertex 190.67 12.6168 3
    endloop
  endfacet
  facet normal -0.44301 -0.896516 -0
    outer loop
      vertex 190.875 12.5155 3
      vertex 190.67 12.6168 0
      vertex 190.875 12.5155 0
    endloop
  endfacet
  facet normal 0.751702 0.659503 0
    outer loop
      vertex 188.763 9.76256 3
      vertex 188.612 9.93467 0
      vertex 188.612 9.93467 3
    endloop
  endfacet
  facet normal 0.751702 0.659503 0
    outer loop
      vertex 188.612 9.93467 0
      vertex 188.763 9.76256 3
      vertex 188.763 9.76256 0
    endloop
  endfacet
  facet normal -0.99785 0.0655331 0
    outer loop
      vertex 191.735 10.7716 0
      vertex 191.75 11 3
      vertex 191.75 11 0
    endloop
  endfacet
  facet normal -0.99785 0.0655331 0
    outer loop
      vertex 191.75 11 3
      vertex 191.735 10.7716 0
      vertex 191.735 10.7716 3
    endloop
  endfacet
  facet normal -0.0655168 0.997851 0
    outer loop
      vertex 190.228 9.26497 0
      vertex 190 9.25 3
      vertex 190.228 9.26497 3
    endloop
  endfacet
  facet normal -0.0655168 0.997851 0
    outer loop
      vertex 190 9.25 3
      vertex 190.228 9.26497 0
      vertex 190 9.25 0
    endloop
  endfacet
  facet normal 0.0655168 0.997851 -0
    outer loop
      vertex 190 9.25 0
      vertex 189.772 9.26497 3
      vertex 190 9.25 3
    endloop
  endfacet
  facet normal 0.0655168 0.997851 0
    outer loop
      vertex 189.772 9.26497 3
      vertex 190 9.25 0
      vertex 189.772 9.26497 0
    endloop
  endfacet
  facet normal 0.32112 0.947038 -0
    outer loop
      vertex 189.547 9.30963 0
      vertex 189.33 9.38321 3
      vertex 189.547 9.30963 3
    endloop
  endfacet
  facet normal 0.32112 0.947038 0
    outer loop
      vertex 189.33 9.38321 3
      vertex 189.547 9.30963 0
      vertex 189.33 9.38321 0
    endloop
  endfacet
  facet normal -0.194439 -0.980915 0
    outer loop
      vertex 190.228 12.735 0
      vertex 190.453 12.6904 3
      vertex 190.228 12.735 3
    endloop
  endfacet
  facet normal -0.194439 -0.980915 -0
    outer loop
      vertex 190.453 12.6904 3
      vertex 190.228 12.735 0
      vertex 190.453 12.6904 0
    endloop
  endfacet
  facet normal 0.556223 0.831033 -0
    outer loop
      vertex 189.125 9.48446 0
      vertex 188.935 9.61163 3
      vertex 189.125 9.48446 3
    endloop
  endfacet
  facet normal 0.556223 0.831033 0
    outer loop
      vertex 188.935 9.61163 3
      vertex 189.125 9.48446 0
      vertex 188.935 9.61163 0
    endloop
  endfacet
  facet normal 0.659741 -0.751493 0
    outer loop
      vertex 193.763 12.2374 0
      vertex 193.935 12.3884 3
      vertex 193.763 12.2374 3
    endloop
  endfacet
  facet normal 0.659741 -0.751493 0
    outer loop
      vertex 193.935 12.3884 3
      vertex 193.763 12.2374 0
      vertex 193.935 12.3884 0
    endloop
  endfacet
  facet normal -0.980497 -0.196536 0
    outer loop
      vertex 196.735 11.2284 0
      vertex 196.69 11.4529 3
      vertex 196.69 11.4529 0
    endloop
  endfacet
  facet normal -0.980497 -0.196536 0
    outer loop
      vertex 196.69 11.4529 3
      vertex 196.735 11.2284 0
      vertex 196.735 11.2284 3
    endloop
  endfacet
  facet normal -0.99785 -0.0655331 0
    outer loop
      vertex 196.75 11 0
      vertex 196.735 11.2284 3
      vertex 196.735 11.2284 0
    endloop
  endfacet
  facet normal -0.99785 -0.0655331 0
    outer loop
      vertex 196.735 11.2284 3
      vertex 196.75 11 0
      vertex 196.75 11 3
    endloop
  endfacet
  facet normal -0.947717 -0.319111 0
    outer loop
      vertex 196.69 11.4529 0
      vertex 196.617 11.6697 3
      vertex 196.617 11.6697 0
    endloop
  endfacet
  facet normal -0.947717 -0.319111 0
    outer loop
      vertex 196.617 11.6697 3
      vertex 196.69 11.4529 0
      vertex 196.69 11.4529 3
    endloop
  endfacet
  facet normal 0.751683 -0.659524 0
    outer loop
      vertex 193.612 12.0653 3
      vertex 193.763 12.2374 0
      vertex 193.763 12.2374 3
    endloop
  endfacet
  facet normal 0.751683 -0.659524 0
    outer loop
      vertex 193.763 12.2374 0
      vertex 193.612 12.0653 3
      vertex 193.612 12.0653 0
    endloop
  endfacet
  facet normal -0.321199 -0.947012 0
    outer loop
      vertex 195.453 12.6904 0
      vertex 195.67 12.6168 3
      vertex 195.453 12.6904 3
    endloop
  endfacet
  facet normal -0.321199 -0.947012 -0
    outer loop
      vertex 195.67 12.6168 3
      vertex 195.453 12.6904 0
      vertex 195.67 12.6168 0
    endloop
  endfacet
  facet normal 0.321199 -0.947012 0
    outer loop
      vertex 194.33 12.6168 0
      vertex 194.547 12.6904 3
      vertex 194.33 12.6168 3
    endloop
  endfacet
  facet normal 0.321199 -0.947012 0
    outer loop
      vertex 194.547 12.6904 3
      vertex 194.33 12.6168 0
      vertex 194.547 12.6904 0
    endloop
  endfacet
  facet normal -0.897293 -0.441435 0
    outer loop
      vertex 196.617 11.6697 0
      vertex 196.516 11.875 3
      vertex 196.516 11.875 0
    endloop
  endfacet
  facet normal -0.897293 -0.441435 0
    outer loop
      vertex 196.516 11.875 3
      vertex 196.617 11.6697 0
      vertex 196.617 11.6697 3
    endloop
  endfacet
  facet normal -0.829762 -0.558117 0
    outer loop
      vertex 196.516 11.875 0
      vertex 196.388 12.0653 3
      vertex 196.388 12.0653 0
    endloop
  endfacet
  facet normal -0.829762 -0.558117 0
    outer loop
      vertex 196.388 12.0653 3
      vertex 196.516 11.875 0
      vertex 196.516 11.875 3
    endloop
  endfacet
  facet normal -0.947717 0.319111 0
    outer loop
      vertex 196.617 10.3303 0
      vertex 196.69 10.5471 3
      vertex 196.69 10.5471 0
    endloop
  endfacet
  facet normal -0.947717 0.319111 0
    outer loop
      vertex 196.69 10.5471 3
      vertex 196.617 10.3303 0
      vertex 196.617 10.3303 3
    endloop
  endfacet
  facet normal -0.659568 0.751645 0
    outer loop
      vertex 196.237 9.76256 0
      vertex 196.065 9.61163 3
      vertex 196.237 9.76256 3
    endloop
  endfacet
  facet normal -0.659568 0.751645 0
    outer loop
      vertex 196.065 9.61163 3
      vertex 196.237 9.76256 0
      vertex 196.065 9.61163 0
    endloop
  endfacet
  facet normal 0.0656476 -0.997843 0
    outer loop
      vertex 194.772 12.735 0
      vertex 195 12.75 3
      vertex 194.772 12.735 3
    endloop
  endfacet
  facet normal 0.0656476 -0.997843 0
    outer loop
      vertex 195 12.75 3
      vertex 194.772 12.735 0
      vertex 195 12.75 0
    endloop
  endfacet
  facet normal 0.194691 0.980865 -0
    outer loop
      vertex 194.772 9.26497 0
      vertex 194.547 9.30963 3
      vertex 194.772 9.26497 3
    endloop
  endfacet
  facet normal 0.194691 0.980865 0
    outer loop
      vertex 194.547 9.30963 3
      vertex 194.772 9.26497 0
      vertex 194.547 9.30963 0
    endloop
  endfacet
  facet normal -0.0656476 -0.997843 0
    outer loop
      vertex 195 12.75 0
      vertex 195.228 12.735 3
      vertex 195 12.75 3
    endloop
  endfacet
  facet normal -0.0656476 -0.997843 -0
    outer loop
      vertex 195.228 12.735 3
      vertex 195 12.75 0
      vertex 195.228 12.735 0
    endloop
  endfacet
  facet normal -0.751683 -0.659524 0
    outer loop
      vertex 196.388 12.0653 0
      vertex 196.237 12.2374 3
      vertex 196.237 12.2374 0
    endloop
  endfacet
  facet normal -0.751683 -0.659524 0
    outer loop
      vertex 196.237 12.2374 3
      vertex 196.388 12.0653 0
      vertex 196.388 12.0653 3
    endloop
  endfacet
  facet normal 0.99785 -0.0655331 0
    outer loop
      vertex 193.25 11 3
      vertex 193.265 11.2284 0
      vertex 193.265 11.2284 3
    endloop
  endfacet
  facet normal 0.99785 -0.0655331 0
    outer loop
      vertex 193.265 11.2284 0
      vertex 193.25 11 3
      vertex 193.25 11 0
    endloop
  endfacet
  facet normal 0.980497 -0.196536 0
    outer loop
      vertex 193.265 11.2284 3
      vertex 193.31 11.4529 0
      vertex 193.31 11.4529 3
    endloop
  endfacet
  facet normal 0.980497 -0.196536 0
    outer loop
      vertex 193.31 11.4529 0
      vertex 193.265 11.2284 3
      vertex 193.265 11.2284 0
    endloop
  endfacet
  facet normal 0.897293 0.441435 0
    outer loop
      vertex 193.484 10.125 3
      vertex 193.383 10.3303 0
      vertex 193.383 10.3303 3
    endloop
  endfacet
  facet normal 0.897293 0.441435 0
    outer loop
      vertex 193.383 10.3303 0
      vertex 193.484 10.125 3
      vertex 193.484 10.125 0
    endloop
  endfacet
  facet normal 0.947717 -0.319111 0
    outer loop
      vertex 193.31 11.4529 3
      vertex 193.383 11.6697 0
      vertex 193.383 11.6697 3
    endloop
  endfacet
  facet normal 0.947717 -0.319111 0
    outer loop
      vertex 193.383 11.6697 0
      vertex 193.31 11.4529 3
      vertex 193.31 11.4529 0
    endloop
  endfacet
  facet normal 0.194439 -0.980915 0
    outer loop
      vertex 194.547 12.6904 0
      vertex 194.772 12.735 3
      vertex 194.547 12.6904 3
    endloop
  endfacet
  facet normal 0.194439 -0.980915 0
    outer loop
      vertex 194.772 12.735 3
      vertex 194.547 12.6904 0
      vertex 194.772 12.735 0
    endloop
  endfacet
  facet normal -0.442835 0.896603 0
    outer loop
      vertex 195.875 9.48446 0
      vertex 195.67 9.38321 3
      vertex 195.875 9.48446 3
    endloop
  endfacet
  facet normal -0.442835 0.896603 0
    outer loop
      vertex 195.67 9.38321 3
      vertex 195.875 9.48446 0
      vertex 195.67 9.38321 0
    endloop
  endfacet
  facet normal -0.659741 -0.751493 0
    outer loop
      vertex 196.065 12.3884 0
      vertex 196.237 12.2374 3
      vertex 196.065 12.3884 3
    endloop
  endfacet
  facet normal -0.659741 -0.751493 -0
    outer loop
      vertex 196.237 12.2374 3
      vertex 196.065 12.3884 0
      vertex 196.237 12.2374 0
    endloop
  endfacet
  facet normal -0.32112 0.947038 0
    outer loop
      vertex 195.67 9.38321 0
      vertex 195.453 9.30963 3
      vertex 195.67 9.38321 3
    endloop
  endfacet
  facet normal -0.32112 0.947038 0
    outer loop
      vertex 195.453 9.30963 3
      vertex 195.67 9.38321 0
      vertex 195.453 9.30963 0
    endloop
  endfacet
  facet normal -0.829803 0.558056 0
    outer loop
      vertex 196.388 9.93467 0
      vertex 196.516 10.125 3
      vertex 196.516 10.125 0
    endloop
  endfacet
  facet normal -0.829803 0.558056 0
    outer loop
      vertex 196.516 10.125 3
      vertex 196.388 9.93467 0
      vertex 196.388 9.93467 3
    endloop
  endfacet
  facet normal 0.897293 -0.441435 0
    outer loop
      vertex 193.383 11.6697 3
      vertex 193.484 11.875 0
      vertex 193.484 11.875 3
    endloop
  endfacet
  facet normal 0.897293 -0.441435 0
    outer loop
      vertex 193.484 11.875 0
      vertex 193.383 11.6697 3
      vertex 193.383 11.6697 0
    endloop
  endfacet
  facet normal 0.556012 -0.831174 0
    outer loop
      vertex 193.935 12.3884 0
      vertex 194.125 12.5155 3
      vertex 193.935 12.3884 3
    endloop
  endfacet
  facet normal 0.556012 -0.831174 0
    outer loop
      vertex 194.125 12.5155 3
      vertex 193.935 12.3884 0
      vertex 194.125 12.5155 0
    endloop
  endfacet
  facet normal 0.980497 0.196536 0
    outer loop
      vertex 193.31 10.5471 3
      vertex 193.265 10.7716 0
      vertex 193.265 10.7716 3
    endloop
  endfacet
  facet normal 0.980497 0.196536 0
    outer loop
      vertex 193.265 10.7716 0
      vertex 193.31 10.5471 3
      vertex 193.31 10.5471 0
    endloop
  endfacet
  facet normal -0.556012 -0.831174 0
    outer loop
      vertex 195.875 12.5155 0
      vertex 196.065 12.3884 3
      vertex 195.875 12.5155 3
    endloop
  endfacet
  facet normal -0.556012 -0.831174 -0
    outer loop
      vertex 196.065 12.3884 3
      vertex 195.875 12.5155 0
      vertex 196.065 12.3884 0
    endloop
  endfacet
  facet normal 0.99785 0.0655331 0
    outer loop
      vertex 193.265 10.7716 3
      vertex 193.25 11 0
      vertex 193.25 11 3
    endloop
  endfacet
  facet normal 0.99785 0.0655331 0
    outer loop
      vertex 193.25 11 0
      vertex 193.265 10.7716 3
      vertex 193.265 10.7716 0
    endloop
  endfacet
  facet normal 0.947717 0.319111 0
    outer loop
      vertex 193.383 10.3303 3
      vertex 193.31 10.5471 0
      vertex 193.31 10.5471 3
    endloop
  endfacet
  facet normal 0.947717 0.319111 0
    outer loop
      vertex 193.31 10.5471 0
      vertex 193.383 10.3303 3
      vertex 193.383 10.3303 0
    endloop
  endfacet
  facet normal 0.829762 -0.558117 0
    outer loop
      vertex 193.484 11.875 3
      vertex 193.612 12.0653 0
      vertex 193.612 12.0653 3
    endloop
  endfacet
  facet normal 0.829762 -0.558117 0
    outer loop
      vertex 193.612 12.0653 0
      vertex 193.484 11.875 3
      vertex 193.484 11.875 0
    endloop
  endfacet
  facet normal 0.44301 -0.896516 0
    outer loop
      vertex 194.125 12.5155 0
      vertex 194.33 12.6168 3
      vertex 194.125 12.5155 3
    endloop
  endfacet
  facet normal 0.44301 -0.896516 0
    outer loop
      vertex 194.33 12.6168 3
      vertex 194.125 12.5155 0
      vertex 194.33 12.6168 0
    endloop
  endfacet
  facet normal -0.194691 0.980865 0
    outer loop
      vertex 195.453 9.30963 0
      vertex 195.228 9.26497 3
      vertex 195.453 9.30963 3
    endloop
  endfacet
  facet normal -0.194691 0.980865 0
    outer loop
      vertex 195.228 9.26497 3
      vertex 195.453 9.30963 0
      vertex 195.228 9.26497 0
    endloop
  endfacet
  facet normal -0.751702 0.659503 0
    outer loop
      vertex 196.237 9.76256 0
      vertex 196.388 9.93467 3
      vertex 196.388 9.93467 0
    endloop
  endfacet
  facet normal -0.751702 0.659503 0
    outer loop
      vertex 196.388 9.93467 3
      vertex 196.237 9.76256 0
      vertex 196.237 9.76256 3
    endloop
  endfacet
  facet normal 0.829803 0.558056 0
    outer loop
      vertex 193.612 9.93467 3
      vertex 193.484 10.125 0
      vertex 193.484 10.125 3
    endloop
  endfacet
  facet normal 0.829803 0.558056 0
    outer loop
      vertex 193.484 10.125 0
      vertex 193.612 9.93467 3
      vertex 193.612 9.93467 0
    endloop
  endfacet
  facet normal 0.442835 0.896603 -0
    outer loop
      vertex 194.33 9.38321 0
      vertex 194.125 9.48446 3
      vertex 194.33 9.38321 3
    endloop
  endfacet
  facet normal 0.442835 0.896603 0
    outer loop
      vertex 194.125 9.48446 3
      vertex 194.33 9.38321 0
      vertex 194.125 9.48446 0
    endloop
  endfacet
  facet normal -0.980497 0.196536 0
    outer loop
      vertex 196.69 10.5471 0
      vertex 196.735 10.7716 3
      vertex 196.735 10.7716 0
    endloop
  endfacet
  facet normal -0.980497 0.196536 0
    outer loop
      vertex 196.735 10.7716 3
      vertex 196.69 10.5471 0
      vertex 196.69 10.5471 3
    endloop
  endfacet
  facet normal 0.659568 0.751645 -0
    outer loop
      vertex 193.935 9.61163 0
      vertex 193.763 9.76256 3
      vertex 193.935 9.61163 3
    endloop
  endfacet
  facet normal 0.659568 0.751645 0
    outer loop
      vertex 193.763 9.76256 3
      vertex 193.935 9.61163 0
      vertex 193.763 9.76256 0
    endloop
  endfacet
  facet normal -0.897293 0.441435 0
    outer loop
      vertex 196.516 10.125 0
      vertex 196.617 10.3303 3
      vertex 196.617 10.3303 0
    endloop
  endfacet
  facet normal -0.897293 0.441435 0
    outer loop
      vertex 196.617 10.3303 3
      vertex 196.516 10.125 0
      vertex 196.516 10.125 3
    endloop
  endfacet
  facet normal -0.556223 0.831033 0
    outer loop
      vertex 196.065 9.61163 0
      vertex 195.875 9.48446 3
      vertex 196.065 9.61163 3
    endloop
  endfacet
  facet normal -0.556223 0.831033 0
    outer loop
      vertex 195.875 9.48446 3
      vertex 196.065 9.61163 0
      vertex 195.875 9.48446 0
    endloop
  endfacet
  facet normal -0.44301 -0.896516 0
    outer loop
      vertex 195.67 12.6168 0
      vertex 195.875 12.5155 3
      vertex 195.67 12.6168 3
    endloop
  endfacet
  facet normal -0.44301 -0.896516 -0
    outer loop
      vertex 195.875 12.5155 3
      vertex 195.67 12.6168 0
      vertex 195.875 12.5155 0
    endloop
  endfacet
  facet normal 0.751702 0.659503 0
    outer loop
      vertex 193.763 9.76256 3
      vertex 193.612 9.93467 0
      vertex 193.612 9.93467 3
    endloop
  endfacet
  facet normal 0.751702 0.659503 0
    outer loop
      vertex 193.612 9.93467 0
      vertex 193.763 9.76256 3
      vertex 193.763 9.76256 0
    endloop
  endfacet
  facet normal -0.99785 0.0655331 0
    outer loop
      vertex 196.735 10.7716 0
      vertex 196.75 11 3
      vertex 196.75 11 0
    endloop
  endfacet
  facet normal -0.99785 0.0655331 0
    outer loop
      vertex 196.75 11 3
      vertex 196.735 10.7716 0
      vertex 196.735 10.7716 3
    endloop
  endfacet
  facet normal -0.0655168 0.997851 0
    outer loop
      vertex 195.228 9.26497 0
      vertex 195 9.25 3
      vertex 195.228 9.26497 3
    endloop
  endfacet
  facet normal -0.0655168 0.997851 0
    outer loop
      vertex 195 9.25 3
      vertex 195.228 9.26497 0
      vertex 195 9.25 0
    endloop
  endfacet
  facet normal 0.0655168 0.997851 -0
    outer loop
      vertex 195 9.25 0
      vertex 194.772 9.26497 3
      vertex 195 9.25 3
    endloop
  endfacet
  facet normal 0.0655168 0.997851 0
    outer loop
      vertex 194.772 9.26497 3
      vertex 195 9.25 0
      vertex 194.772 9.26497 0
    endloop
  endfacet
  facet normal 0.32112 0.947038 -0
    outer loop
      vertex 194.547 9.30963 0
      vertex 194.33 9.38321 3
      vertex 194.547 9.30963 3
    endloop
  endfacet
  facet normal 0.32112 0.947038 0
    outer loop
      vertex 194.33 9.38321 3
      vertex 194.547 9.30963 0
      vertex 194.33 9.38321 0
    endloop
  endfacet
  facet normal -0.194439 -0.980915 0
    outer loop
      vertex 195.228 12.735 0
      vertex 195.453 12.6904 3
      vertex 195.228 12.735 3
    endloop
  endfacet
  facet normal -0.194439 -0.980915 -0
    outer loop
      vertex 195.453 12.6904 3
      vertex 195.228 12.735 0
      vertex 195.453 12.6904 0
    endloop
  endfacet
  facet normal 0.556223 0.831033 -0
    outer loop
      vertex 194.125 9.48446 0
      vertex 193.935 9.61163 3
      vertex 194.125 9.48446 3
    endloop
  endfacet
  facet normal 0.556223 0.831033 0
    outer loop
      vertex 193.935 9.61163 3
      vertex 194.125 9.48446 0
      vertex 193.935 9.61163 0
    endloop
  endfacet
  facet normal 0.659741 -0.751493 0
    outer loop
      vertex 198.763 12.2374 0
      vertex 198.935 12.3884 3
      vertex 198.763 12.2374 3
    endloop
  endfacet
  facet normal 0.659741 -0.751493 0
    outer loop
      vertex 198.935 12.3884 3
      vertex 198.763 12.2374 0
      vertex 198.935 12.3884 0
    endloop
  endfacet
  facet normal -0.980497 -0.196536 0
    outer loop
      vertex 201.735 11.2284 0
      vertex 201.69 11.4529 3
      vertex 201.69 11.4529 0
    endloop
  endfacet
  facet normal -0.980497 -0.196536 0
    outer loop
      vertex 201.69 11.4529 3
      vertex 201.735 11.2284 0
      vertex 201.735 11.2284 3
    endloop
  endfacet
  facet normal -0.99785 -0.0655331 0
    outer loop
      vertex 201.75 11 0
      vertex 201.735 11.2284 3
      vertex 201.735 11.2284 0
    endloop
  endfacet
  facet normal -0.99785 -0.0655331 0
    outer loop
      vertex 201.735 11.2284 3
      vertex 201.75 11 0
      vertex 201.75 11 3
    endloop
  endfacet
  facet normal -0.947717 -0.319111 0
    outer loop
      vertex 201.69 11.4529 0
      vertex 201.617 11.6697 3
      vertex 201.617 11.6697 0
    endloop
  endfacet
  facet normal -0.947717 -0.319111 0
    outer loop
      vertex 201.617 11.6697 3
      vertex 201.69 11.4529 0
      vertex 201.69 11.4529 3
    endloop
  endfacet
  facet normal 0.751683 -0.659524 0
    outer loop
      vertex 198.612 12.0653 3
      vertex 198.763 12.2374 0
      vertex 198.763 12.2374 3
    endloop
  endfacet
  facet normal 0.751683 -0.659524 0
    outer loop
      vertex 198.763 12.2374 0
      vertex 198.612 12.0653 3
      vertex 198.612 12.0653 0
    endloop
  endfacet
  facet normal -0.321199 -0.947012 0
    outer loop
      vertex 200.453 12.6904 0
      vertex 200.67 12.6168 3
      vertex 200.453 12.6904 3
    endloop
  endfacet
  facet normal -0.321199 -0.947012 -0
    outer loop
      vertex 200.67 12.6168 3
      vertex 200.453 12.6904 0
      vertex 200.67 12.6168 0
    endloop
  endfacet
  facet normal 0.321199 -0.947012 0
    outer loop
      vertex 199.33 12.6168 0
      vertex 199.547 12.6904 3
      vertex 199.33 12.6168 3
    endloop
  endfacet
  facet normal 0.321199 -0.947012 0
    outer loop
      vertex 199.547 12.6904 3
      vertex 199.33 12.6168 0
      vertex 199.547 12.6904 0
    endloop
  endfacet
  facet normal -0.897293 -0.441435 0
    outer loop
      vertex 201.617 11.6697 0
      vertex 201.516 11.875 3
      vertex 201.516 11.875 0
    endloop
  endfacet
  facet normal -0.897293 -0.441435 0
    outer loop
      vertex 201.516 11.875 3
      vertex 201.617 11.6697 0
      vertex 201.617 11.6697 3
    endloop
  endfacet
  facet normal -0.829762 -0.558117 0
    outer loop
      vertex 201.516 11.875 0
      vertex 201.388 12.0653 3
      vertex 201.388 12.0653 0
    endloop
  endfacet
  facet normal -0.829762 -0.558117 0
    outer loop
      vertex 201.388 12.0653 3
      vertex 201.516 11.875 0
      vertex 201.516 11.875 3
    endloop
  endfacet
  facet normal -0.947717 0.319111 0
    outer loop
      vertex 201.617 10.3303 0
      vertex 201.69 10.5471 3
      vertex 201.69 10.5471 0
    endloop
  endfacet
  facet normal -0.947717 0.319111 0
    outer loop
      vertex 201.69 10.5471 3
      vertex 201.617 10.3303 0
      vertex 201.617 10.3303 3
    endloop
  endfacet
  facet normal -0.659568 0.751645 0
    outer loop
      vertex 201.237 9.76256 0
      vertex 201.065 9.61163 3
      vertex 201.237 9.76256 3
    endloop
  endfacet
  facet normal -0.659568 0.751645 0
    outer loop
      vertex 201.065 9.61163 3
      vertex 201.237 9.76256 0
      vertex 201.065 9.61163 0
    endloop
  endfacet
  facet normal 0.0656476 -0.997843 0
    outer loop
      vertex 199.772 12.735 0
      vertex 200 12.75 3
      vertex 199.772 12.735 3
    endloop
  endfacet
  facet normal 0.0656476 -0.997843 0
    outer loop
      vertex 200 12.75 3
      vertex 199.772 12.735 0
      vertex 200 12.75 0
    endloop
  endfacet
  facet normal 0.194691 0.980865 -0
    outer loop
      vertex 199.772 9.26497 0
      vertex 199.547 9.30963 3
      vertex 199.772 9.26497 3
    endloop
  endfacet
  facet normal 0.194691 0.980865 0
    outer loop
      vertex 199.547 9.30963 3
      vertex 199.772 9.26497 0
      vertex 199.547 9.30963 0
    endloop
  endfacet
  facet normal -0.0656476 -0.997843 0
    outer loop
      vertex 200 12.75 0
      vertex 200.228 12.735 3
      vertex 200 12.75 3
    endloop
  endfacet
  facet normal -0.0656476 -0.997843 -0
    outer loop
      vertex 200.228 12.735 3
      vertex 200 12.75 0
      vertex 200.228 12.735 0
    endloop
  endfacet
  facet normal -0.751683 -0.659524 0
    outer loop
      vertex 201.388 12.0653 0
      vertex 201.237 12.2374 3
      vertex 201.237 12.2374 0
    endloop
  endfacet
  facet normal -0.751683 -0.659524 0
    outer loop
      vertex 201.237 12.2374 3
      vertex 201.388 12.0653 0
      vertex 201.388 12.0653 3
    endloop
  endfacet
  facet normal 0.99785 -0.0655331 0
    outer loop
      vertex 198.25 11 3
      vertex 198.265 11.2284 0
      vertex 198.265 11.2284 3
    endloop
  endfacet
  facet normal 0.99785 -0.0655331 0
    outer loop
      vertex 198.265 11.2284 0
      vertex 198.25 11 3
      vertex 198.25 11 0
    endloop
  endfacet
  facet normal 0.980497 -0.196536 0
    outer loop
      vertex 198.265 11.2284 3
      vertex 198.31 11.4529 0
      vertex 198.31 11.4529 3
    endloop
  endfacet
  facet normal 0.980497 -0.196536 0
    outer loop
      vertex 198.31 11.4529 0
      vertex 198.265 11.2284 3
      vertex 198.265 11.2284 0
    endloop
  endfacet
  facet normal 0.947717 -0.319111 0
    outer loop
      vertex 198.31 11.4529 3
      vertex 198.383 11.6697 0
      vertex 198.383 11.6697 3
    endloop
  endfacet
  facet normal 0.947717 -0.319111 0
    outer loop
      vertex 198.383 11.6697 0
      vertex 198.31 11.4529 3
      vertex 198.31 11.4529 0
    endloop
  endfacet
  facet normal 0.194439 -0.980915 0
    outer loop
      vertex 199.547 12.6904 0
      vertex 199.772 12.735 3
      vertex 199.547 12.6904 3
    endloop
  endfacet
  facet normal 0.194439 -0.980915 0
    outer loop
      vertex 199.772 12.735 3
      vertex 199.547 12.6904 0
      vertex 199.772 12.735 0
    endloop
  endfacet
  facet normal -0.442835 0.896603 0
    outer loop
      vertex 200.875 9.48446 0
      vertex 200.67 9.38321 3
      vertex 200.875 9.48446 3
    endloop
  endfacet
  facet normal -0.442835 0.896603 0
    outer loop
      vertex 200.67 9.38321 3
      vertex 200.875 9.48446 0
      vertex 200.67 9.38321 0
    endloop
  endfacet
  facet normal -0.659741 -0.751493 0
    outer loop
      vertex 201.065 12.3884 0
      vertex 201.237 12.2374 3
      vertex 201.065 12.3884 3
    endloop
  endfacet
  facet normal -0.659741 -0.751493 -0
    outer loop
      vertex 201.237 12.2374 3
      vertex 201.065 12.3884 0
      vertex 201.237 12.2374 0
    endloop
  endfacet
  facet normal -0.32112 0.947038 0
    outer loop
      vertex 200.67 9.38321 0
      vertex 200.453 9.30963 3
      vertex 200.67 9.38321 3
    endloop
  endfacet
  facet normal -0.32112 0.947038 0
    outer loop
      vertex 200.453 9.30963 3
      vertex 200.67 9.38321 0
      vertex 200.453 9.30963 0
    endloop
  endfacet
  facet normal -0.829803 0.558056 0
    outer loop
      vertex 201.388 9.93467 0
      vertex 201.516 10.125 3
      vertex 201.516 10.125 0
    endloop
  endfacet
  facet normal -0.829803 0.558056 0
    outer loop
      vertex 201.516 10.125 3
      vertex 201.388 9.93467 0
      vertex 201.388 9.93467 3
    endloop
  endfacet
  facet normal 0.897293 -0.441435 0
    outer loop
      vertex 198.383 11.6697 3
      vertex 198.484 11.875 0
      vertex 198.484 11.875 3
    endloop
  endfacet
  facet normal 0.897293 -0.441435 0
    outer loop
      vertex 198.484 11.875 0
      vertex 198.383 11.6697 3
      vertex 198.383 11.6697 0
    endloop
  endfacet
  facet normal 0.556012 -0.831174 0
    outer loop
      vertex 198.935 12.3884 0
      vertex 199.125 12.5155 3
      vertex 198.935 12.3884 3
    endloop
  endfacet
  facet normal 0.556012 -0.831174 0
    outer loop
      vertex 199.125 12.5155 3
      vertex 198.935 12.3884 0
      vertex 199.125 12.5155 0
    endloop
  endfacet
  facet normal 0.980497 0.196536 0
    outer loop
      vertex 198.31 10.5471 3
      vertex 198.265 10.7716 0
      vertex 198.265 10.7716 3
    endloop
  endfacet
  facet normal 0.980497 0.196536 0
    outer loop
      vertex 198.265 10.7716 0
      vertex 198.31 10.5471 3
      vertex 198.31 10.5471 0
    endloop
  endfacet
  facet normal -0.556012 -0.831174 0
    outer loop
      vertex 200.875 12.5155 0
      vertex 201.065 12.3884 3
      vertex 200.875 12.5155 3
    endloop
  endfacet
  facet normal -0.556012 -0.831174 -0
    outer loop
      vertex 201.065 12.3884 3
      vertex 200.875 12.5155 0
      vertex 201.065 12.3884 0
    endloop
  endfacet
  facet normal 0.99785 0.0655331 0
    outer loop
      vertex 198.265 10.7716 3
      vertex 198.25 11 0
      vertex 198.25 11 3
    endloop
  endfacet
  facet normal 0.99785 0.0655331 0
    outer loop
      vertex 198.25 11 0
      vertex 198.265 10.7716 3
      vertex 198.265 10.7716 0
    endloop
  endfacet
  facet normal 0.947717 0.319111 0
    outer loop
      vertex 198.383 10.3303 3
      vertex 198.31 10.5471 0
      vertex 198.31 10.5471 3
    endloop
  endfacet
  facet normal 0.947717 0.319111 0
    outer loop
      vertex 198.31 10.5471 0
      vertex 198.383 10.3303 3
      vertex 198.383 10.3303 0
    endloop
  endfacet
  facet normal 0.829762 -0.558117 0
    outer loop
      vertex 198.484 11.875 3
      vertex 198.612 12.0653 0
      vertex 198.612 12.0653 3
    endloop
  endfacet
  facet normal 0.829762 -0.558117 0
    outer loop
      vertex 198.612 12.0653 0
      vertex 198.484 11.875 3
      vertex 198.484 11.875 0
    endloop
  endfacet
  facet normal 0.44301 -0.896516 0
    outer loop
      vertex 199.125 12.5155 0
      vertex 199.33 12.6168 3
      vertex 199.125 12.5155 3
    endloop
  endfacet
  facet normal 0.44301 -0.896516 0
    outer loop
      vertex 199.33 12.6168 3
      vertex 199.125 12.5155 0
      vertex 199.33 12.6168 0
    endloop
  endfacet
  facet normal -0.194691 0.980865 0
    outer loop
      vertex 200.453 9.30963 0
      vertex 200.228 9.26497 3
      vertex 200.453 9.30963 3
    endloop
  endfacet
  facet normal -0.194691 0.980865 0
    outer loop
      vertex 200.228 9.26497 3
      vertex 200.453 9.30963 0
      vertex 200.228 9.26497 0
    endloop
  endfacet
  facet normal -0.751702 0.659503 0
    outer loop
      vertex 201.237 9.76256 0
      vertex 201.388 9.93467 3
      vertex 201.388 9.93467 0
    endloop
  endfacet
  facet normal -0.751702 0.659503 0
    outer loop
      vertex 201.388 9.93467 3
      vertex 201.237 9.76256 0
      vertex 201.237 9.76256 3
    endloop
  endfacet
  facet normal 0.829803 0.558056 0
    outer loop
      vertex 198.612 9.93467 3
      vertex 198.484 10.125 0
      vertex 198.484 10.125 3
    endloop
  endfacet
  facet normal 0.829803 0.558056 0
    outer loop
      vertex 198.484 10.125 0
      vertex 198.612 9.93467 3
      vertex 198.612 9.93467 0
    endloop
  endfacet
  facet normal 0.442835 0.896603 -0
    outer loop
      vertex 199.33 9.38321 0
      vertex 199.125 9.48446 3
      vertex 199.33 9.38321 3
    endloop
  endfacet
  facet normal 0.442835 0.896603 0
    outer loop
      vertex 199.125 9.48446 3
      vertex 199.33 9.38321 0
      vertex 199.125 9.48446 0
    endloop
  endfacet
  facet normal -0.980497 0.196536 0
    outer loop
      vertex 201.69 10.5471 0
      vertex 201.735 10.7716 3
      vertex 201.735 10.7716 0
    endloop
  endfacet
  facet normal -0.980497 0.196536 0
    outer loop
      vertex 201.735 10.7716 3
      vertex 201.69 10.5471 0
      vertex 201.69 10.5471 3
    endloop
  endfacet
  facet normal 0.659568 0.751645 -0
    outer loop
      vertex 198.935 9.61163 0
      vertex 198.763 9.76256 3
      vertex 198.935 9.61163 3
    endloop
  endfacet
  facet normal 0.659568 0.751645 0
    outer loop
      vertex 198.763 9.76256 3
      vertex 198.935 9.61163 0
      vertex 198.763 9.76256 0
    endloop
  endfacet
  facet normal 0.897293 0.441435 0
    outer loop
      vertex 198.484 10.125 3
      vertex 198.383 10.3303 0
      vertex 198.383 10.3303 3
    endloop
  endfacet
  facet normal 0.897293 0.441435 0
    outer loop
      vertex 198.383 10.3303 0
      vertex 198.484 10.125 3
      vertex 198.484 10.125 0
    endloop
  endfacet
  facet normal -0.897293 0.441435 0
    outer loop
      vertex 201.516 10.125 0
      vertex 201.617 10.3303 3
      vertex 201.617 10.3303 0
    endloop
  endfacet
  facet normal -0.897293 0.441435 0
    outer loop
      vertex 201.617 10.3303 3
      vertex 201.516 10.125 0
      vertex 201.516 10.125 3
    endloop
  endfacet
  facet normal -0.556223 0.831033 0
    outer loop
      vertex 201.065 9.61163 0
      vertex 200.875 9.48446 3
      vertex 201.065 9.61163 3
    endloop
  endfacet
  facet normal -0.556223 0.831033 0
    outer loop
      vertex 200.875 9.48446 3
      vertex 201.065 9.61163 0
      vertex 200.875 9.48446 0
    endloop
  endfacet
  facet normal -0.44301 -0.896516 0
    outer loop
      vertex 200.67 12.6168 0
      vertex 200.875 12.5155 3
      vertex 200.67 12.6168 3
    endloop
  endfacet
  facet normal -0.44301 -0.896516 -0
    outer loop
      vertex 200.875 12.5155 3
      vertex 200.67 12.6168 0
      vertex 200.875 12.5155 0
    endloop
  endfacet
  facet normal 0.751702 0.659503 0
    outer loop
      vertex 198.763 9.76256 3
      vertex 198.612 9.93467 0
      vertex 198.612 9.93467 3
    endloop
  endfacet
  facet normal 0.751702 0.659503 0
    outer loop
      vertex 198.612 9.93467 0
      vertex 198.763 9.76256 3
      vertex 198.763 9.76256 0
    endloop
  endfacet
  facet normal -0.99785 0.0655331 0
    outer loop
      vertex 201.735 10.7716 0
      vertex 201.75 11 3
      vertex 201.75 11 0
    endloop
  endfacet
  facet normal -0.99785 0.0655331 0
    outer loop
      vertex 201.75 11 3
      vertex 201.735 10.7716 0
      vertex 201.735 10.7716 3
    endloop
  endfacet
  facet normal -0.0655168 0.997851 0
    outer loop
      vertex 200.228 9.26497 0
      vertex 200 9.25 3
      vertex 200.228 9.26497 3
    endloop
  endfacet
  facet normal -0.0655168 0.997851 0
    outer loop
      vertex 200 9.25 3
      vertex 200.228 9.26497 0
      vertex 200 9.25 0
    endloop
  endfacet
  facet normal 0.0655168 0.997851 -0
    outer loop
      vertex 200 9.25 0
      vertex 199.772 9.26497 3
      vertex 200 9.25 3
    endloop
  endfacet
  facet normal 0.0655168 0.997851 0
    outer loop
      vertex 199.772 9.26497 3
      vertex 200 9.25 0
      vertex 199.772 9.26497 0
    endloop
  endfacet
  facet normal 0.32112 0.947038 -0
    outer loop
      vertex 199.547 9.30963 0
      vertex 199.33 9.38321 3
      vertex 199.547 9.30963 3
    endloop
  endfacet
  facet normal 0.32112 0.947038 0
    outer loop
      vertex 199.33 9.38321 3
      vertex 199.547 9.30963 0
      vertex 199.33 9.38321 0
    endloop
  endfacet
  facet normal -0.194439 -0.980915 0
    outer loop
      vertex 200.228 12.735 0
      vertex 200.453 12.6904 3
      vertex 200.228 12.735 3
    endloop
  endfacet
  facet normal -0.194439 -0.980915 -0
    outer loop
      vertex 200.453 12.6904 3
      vertex 200.228 12.735 0
      vertex 200.453 12.6904 0
    endloop
  endfacet
  facet normal 0.556223 0.831033 -0
    outer loop
      vertex 199.125 9.48446 0
      vertex 198.935 9.61163 3
      vertex 199.125 9.48446 3
    endloop
  endfacet
  facet normal 0.556223 0.831033 0
    outer loop
      vertex 198.935 9.61163 3
      vertex 199.125 9.48446 0
      vertex 198.935 9.61163 0
    endloop
  endfacet
  facet normal 0.659741 -0.751493 0
    outer loop
      vertex 203.763 12.2374 0
      vertex 203.935 12.3884 3
      vertex 203.763 12.2374 3
    endloop
  endfacet
  facet normal 0.659741 -0.751493 0
    outer loop
      vertex 203.935 12.3884 3
      vertex 203.763 12.2374 0
      vertex 203.935 12.3884 0
    endloop
  endfacet
  facet normal -0.980497 -0.196536 0
    outer loop
      vertex 206.735 11.2284 0
      vertex 206.69 11.4529 3
      vertex 206.69 11.4529 0
    endloop
  endfacet
  facet normal -0.980497 -0.196536 0
    outer loop
      vertex 206.69 11.4529 3
      vertex 206.735 11.2284 0
      vertex 206.735 11.2284 3
    endloop
  endfacet
  facet normal -0.99785 -0.0655331 0
    outer loop
      vertex 206.75 11 0
      vertex 206.735 11.2284 3
      vertex 206.735 11.2284 0
    endloop
  endfacet
  facet normal -0.99785 -0.0655331 0
    outer loop
      vertex 206.735 11.2284 3
      vertex 206.75 11 0
      vertex 206.75 11 3
    endloop
  endfacet
  facet normal -0.947717 -0.319111 0
    outer loop
      vertex 206.69 11.4529 0
      vertex 206.617 11.6697 3
      vertex 206.617 11.6697 0
    endloop
  endfacet
  facet normal -0.947717 -0.319111 0
    outer loop
      vertex 206.617 11.6697 3
      vertex 206.69 11.4529 0
      vertex 206.69 11.4529 3
    endloop
  endfacet
  facet normal 0.751683 -0.659524 0
    outer loop
      vertex 203.612 12.0653 3
      vertex 203.763 12.2374 0
      vertex 203.763 12.2374 3
    endloop
  endfacet
  facet normal 0.751683 -0.659524 0
    outer loop
      vertex 203.763 12.2374 0
      vertex 203.612 12.0653 3
      vertex 203.612 12.0653 0
    endloop
  endfacet
  facet normal -0.321199 -0.947012 0
    outer loop
      vertex 205.453 12.6904 0
      vertex 205.67 12.6168 3
      vertex 205.453 12.6904 3
    endloop
  endfacet
  facet normal -0.321199 -0.947012 -0
    outer loop
      vertex 205.67 12.6168 3
      vertex 205.453 12.6904 0
      vertex 205.67 12.6168 0
    endloop
  endfacet
  facet normal 0.321199 -0.947012 0
    outer loop
      vertex 204.33 12.6168 0
      vertex 204.547 12.6904 3
      vertex 204.33 12.6168 3
    endloop
  endfacet
  facet normal 0.321199 -0.947012 0
    outer loop
      vertex 204.547 12.6904 3
      vertex 204.33 12.6168 0
      vertex 204.547 12.6904 0
    endloop
  endfacet
  facet normal -0.897293 -0.441435 0
    outer loop
      vertex 206.617 11.6697 0
      vertex 206.516 11.875 3
      vertex 206.516 11.875 0
    endloop
  endfacet
  facet normal -0.897293 -0.441435 0
    outer loop
      vertex 206.516 11.875 3
      vertex 206.617 11.6697 0
      vertex 206.617 11.6697 3
    endloop
  endfacet
  facet normal -0.829762 -0.558117 0
    outer loop
      vertex 206.516 11.875 0
      vertex 206.388 12.0653 3
      vertex 206.388 12.0653 0
    endloop
  endfacet
  facet normal -0.829762 -0.558117 0
    outer loop
      vertex 206.388 12.0653 3
      vertex 206.516 11.875 0
      vertex 206.516 11.875 3
    endloop
  endfacet
  facet normal -0.947717 0.319111 0
    outer loop
      vertex 206.617 10.3303 0
      vertex 206.69 10.5471 3
      vertex 206.69 10.5471 0
    endloop
  endfacet
  facet normal -0.947717 0.319111 0
    outer loop
      vertex 206.69 10.5471 3
      vertex 206.617 10.3303 0
      vertex 206.617 10.3303 3
    endloop
  endfacet
  facet normal -0.659568 0.751645 0
    outer loop
      vertex 206.237 9.76256 0
      vertex 206.065 9.61163 3
      vertex 206.237 9.76256 3
    endloop
  endfacet
  facet normal -0.659568 0.751645 0
    outer loop
      vertex 206.065 9.61163 3
      vertex 206.237 9.76256 0
      vertex 206.065 9.61163 0
    endloop
  endfacet
  facet normal 0.0656476 -0.997843 0
    outer loop
      vertex 204.772 12.735 0
      vertex 205 12.75 3
      vertex 204.772 12.735 3
    endloop
  endfacet
  facet normal 0.0656476 -0.997843 0
    outer loop
      vertex 205 12.75 3
      vertex 204.772 12.735 0
      vertex 205 12.75 0
    endloop
  endfacet
  facet normal 0.194691 0.980865 -0
    outer loop
      vertex 204.772 9.26497 0
      vertex 204.547 9.30963 3
      vertex 204.772 9.26497 3
    endloop
  endfacet
  facet normal 0.194691 0.980865 0
    outer loop
      vertex 204.547 9.30963 3
      vertex 204.772 9.26497 0
      vertex 204.547 9.30963 0
    endloop
  endfacet
  facet normal -0.0656476 -0.997843 0
    outer loop
      vertex 205 12.75 0
      vertex 205.228 12.735 3
      vertex 205 12.75 3
    endloop
  endfacet
  facet normal -0.0656476 -0.997843 -0
    outer loop
      vertex 205.228 12.735 3
      vertex 205 12.75 0
      vertex 205.228 12.735 0
    endloop
  endfacet
  facet normal -0.751683 -0.659524 0
    outer loop
      vertex 206.388 12.0653 0
      vertex 206.237 12.2374 3
      vertex 206.237 12.2374 0
    endloop
  endfacet
  facet normal -0.751683 -0.659524 0
    outer loop
      vertex 206.237 12.2374 3
      vertex 206.388 12.0653 0
      vertex 206.388 12.0653 3
    endloop
  endfacet
  facet normal 0.99785 -0.0655331 0
    outer loop
      vertex 203.25 11 3
      vertex 203.265 11.2284 0
      vertex 203.265 11.2284 3
    endloop
  endfacet
  facet normal 0.99785 -0.0655331 0
    outer loop
      vertex 203.265 11.2284 0
      vertex 203.25 11 3
      vertex 203.25 11 0
    endloop
  endfacet
  facet normal 0.980497 -0.196536 0
    outer loop
      vertex 203.265 11.2284 3
      vertex 203.31 11.4529 0
      vertex 203.31 11.4529 3
    endloop
  endfacet
  facet normal 0.980497 -0.196536 0
    outer loop
      vertex 203.31 11.4529 0
      vertex 203.265 11.2284 3
      vertex 203.265 11.2284 0
    endloop
  endfacet
  facet normal 0.897293 0.441435 0
    outer loop
      vertex 203.484 10.125 3
      vertex 203.383 10.3303 0
      vertex 203.383 10.3303 3
    endloop
  endfacet
  facet normal 0.897293 0.441435 0
    outer loop
      vertex 203.383 10.3303 0
      vertex 203.484 10.125 3
      vertex 203.484 10.125 0
    endloop
  endfacet
  facet normal 0.947717 -0.319111 0
    outer loop
      vertex 203.31 11.4529 3
      vertex 203.383 11.6697 0
      vertex 203.383 11.6697 3
    endloop
  endfacet
  facet normal 0.947717 -0.319111 0
    outer loop
      vertex 203.383 11.6697 0
      vertex 203.31 11.4529 3
      vertex 203.31 11.4529 0
    endloop
  endfacet
  facet normal 0.194439 -0.980915 0
    outer loop
      vertex 204.547 12.6904 0
      vertex 204.772 12.735 3
      vertex 204.547 12.6904 3
    endloop
  endfacet
  facet normal 0.194439 -0.980915 0
    outer loop
      vertex 204.772 12.735 3
      vertex 204.547 12.6904 0
      vertex 204.772 12.735 0
    endloop
  endfacet
  facet normal -0.442835 0.896603 0
    outer loop
      vertex 205.875 9.48446 0
      vertex 205.67 9.38321 3
      vertex 205.875 9.48446 3
    endloop
  endfacet
  facet normal -0.442835 0.896603 0
    outer loop
      vertex 205.67 9.38321 3
      vertex 205.875 9.48446 0
      vertex 205.67 9.38321 0
    endloop
  endfacet
  facet normal -0.659741 -0.751493 0
    outer loop
      vertex 206.065 12.3884 0
      vertex 206.237 12.2374 3
      vertex 206.065 12.3884 3
    endloop
  endfacet
  facet normal -0.659741 -0.751493 -0
    outer loop
      vertex 206.237 12.2374 3
      vertex 206.065 12.3884 0
      vertex 206.237 12.2374 0
    endloop
  endfacet
  facet normal -0.32112 0.947038 0
    outer loop
      vertex 205.67 9.38321 0
      vertex 205.453 9.30963 3
      vertex 205.67 9.38321 3
    endloop
  endfacet
  facet normal -0.32112 0.947038 0
    outer loop
      vertex 205.453 9.30963 3
      vertex 205.67 9.38321 0
      vertex 205.453 9.30963 0
    endloop
  endfacet
  facet normal -0.829803 0.558056 0
    outer loop
      vertex 206.388 9.93467 0
      vertex 206.516 10.125 3
      vertex 206.516 10.125 0
    endloop
  endfacet
  facet normal -0.829803 0.558056 0
    outer loop
      vertex 206.516 10.125 3
      vertex 206.388 9.93467 0
      vertex 206.388 9.93467 3
    endloop
  endfacet
  facet normal 0.897293 -0.441435 0
    outer loop
      vertex 203.383 11.6697 3
      vertex 203.484 11.875 0
      vertex 203.484 11.875 3
    endloop
  endfacet
  facet normal 0.897293 -0.441435 0
    outer loop
      vertex 203.484 11.875 0
      vertex 203.383 11.6697 3
      vertex 203.383 11.6697 0
    endloop
  endfacet
  facet normal 0.556012 -0.831174 0
    outer loop
      vertex 203.935 12.3884 0
      vertex 204.125 12.5155 3
      vertex 203.935 12.3884 3
    endloop
  endfacet
  facet normal 0.556012 -0.831174 0
    outer loop
      vertex 204.125 12.5155 3
      vertex 203.935 12.3884 0
      vertex 204.125 12.5155 0
    endloop
  endfacet
  facet normal 0.980497 0.196536 0
    outer loop
      vertex 203.31 10.5471 3
      vertex 203.265 10.7716 0
      vertex 203.265 10.7716 3
    endloop
  endfacet
  facet normal 0.980497 0.196536 0
    outer loop
      vertex 203.265 10.7716 0
      vertex 203.31 10.5471 3
      vertex 203.31 10.5471 0
    endloop
  endfacet
  facet normal -0.556012 -0.831174 0
    outer loop
      vertex 205.875 12.5155 0
      vertex 206.065 12.3884 3
      vertex 205.875 12.5155 3
    endloop
  endfacet
  facet normal -0.556012 -0.831174 -0
    outer loop
      vertex 206.065 12.3884 3
      vertex 205.875 12.5155 0
      vertex 206.065 12.3884 0
    endloop
  endfacet
  facet normal 0.99785 0.0655331 0
    outer loop
      vertex 203.265 10.7716 3
      vertex 203.25 11 0
      vertex 203.25 11 3
    endloop
  endfacet
  facet normal 0.99785 0.0655331 0
    outer loop
      vertex 203.25 11 0
      vertex 203.265 10.7716 3
      vertex 203.265 10.7716 0
    endloop
  endfacet
  facet normal 0.947717 0.319111 0
    outer loop
      vertex 203.383 10.3303 3
      vertex 203.31 10.5471 0
      vertex 203.31 10.5471 3
    endloop
  endfacet
  facet normal 0.947717 0.319111 0
    outer loop
      vertex 203.31 10.5471 0
      vertex 203.383 10.3303 3
      vertex 203.383 10.3303 0
    endloop
  endfacet
  facet normal 0.829762 -0.558117 0
    outer loop
      vertex 203.484 11.875 3
      vertex 203.612 12.0653 0
      vertex 203.612 12.0653 3
    endloop
  endfacet
  facet normal 0.829762 -0.558117 0
    outer loop
      vertex 203.612 12.0653 0
      vertex 203.484 11.875 3
      vertex 203.484 11.875 0
    endloop
  endfacet
  facet normal 0.44301 -0.896516 0
    outer loop
      vertex 204.125 12.5155 0
      vertex 204.33 12.6168 3
      vertex 204.125 12.5155 3
    endloop
  endfacet
  facet normal 0.44301 -0.896516 0
    outer loop
      vertex 204.33 12.6168 3
      vertex 204.125 12.5155 0
      vertex 204.33 12.6168 0
    endloop
  endfacet
  facet normal -0.194691 0.980865 0
    outer loop
      vertex 205.453 9.30963 0
      vertex 205.228 9.26497 3
      vertex 205.453 9.30963 3
    endloop
  endfacet
  facet normal -0.194691 0.980865 0
    outer loop
      vertex 205.228 9.26497 3
      vertex 205.453 9.30963 0
      vertex 205.228 9.26497 0
    endloop
  endfacet
  facet normal -0.751702 0.659503 0
    outer loop
      vertex 206.237 9.76256 0
      vertex 206.388 9.93467 3
      vertex 206.388 9.93467 0
    endloop
  endfacet
  facet normal -0.751702 0.659503 0
    outer loop
      vertex 206.388 9.93467 3
      vertex 206.237 9.76256 0
      vertex 206.237 9.76256 3
    endloop
  endfacet
  facet normal 0.829803 0.558056 0
    outer loop
      vertex 203.612 9.93467 3
      vertex 203.484 10.125 0
      vertex 203.484 10.125 3
    endloop
  endfacet
  facet normal 0.829803 0.558056 0
    outer loop
      vertex 203.484 10.125 0
      vertex 203.612 9.93467 3
      vertex 203.612 9.93467 0
    endloop
  endfacet
  facet normal 0.442835 0.896603 -0
    outer loop
      vertex 204.33 9.38321 0
      vertex 204.125 9.48446 3
      vertex 204.33 9.38321 3
    endloop
  endfacet
  facet normal 0.442835 0.896603 0
    outer loop
      vertex 204.125 9.48446 3
      vertex 204.33 9.38321 0
      vertex 204.125 9.48446 0
    endloop
  endfacet
  facet normal -0.980497 0.196536 0
    outer loop
      vertex 206.69 10.5471 0
      vertex 206.735 10.7716 3
      vertex 206.735 10.7716 0
    endloop
  endfacet
  facet normal -0.980497 0.196536 0
    outer loop
      vertex 206.735 10.7716 3
      vertex 206.69 10.5471 0
      vertex 206.69 10.5471 3
    endloop
  endfacet
  facet normal 0.659568 0.751645 -0
    outer loop
      vertex 203.935 9.61163 0
      vertex 203.763 9.76256 3
      vertex 203.935 9.61163 3
    endloop
  endfacet
  facet normal 0.659568 0.751645 0
    outer loop
      vertex 203.763 9.76256 3
      vertex 203.935 9.61163 0
      vertex 203.763 9.76256 0
    endloop
  endfacet
  facet normal -0.897293 0.441435 0
    outer loop
      vertex 206.516 10.125 0
      vertex 206.617 10.3303 3
      vertex 206.617 10.3303 0
    endloop
  endfacet
  facet normal -0.897293 0.441435 0
    outer loop
      vertex 206.617 10.3303 3
      vertex 206.516 10.125 0
      vertex 206.516 10.125 3
    endloop
  endfacet
  facet normal -0.556223 0.831033 0
    outer loop
      vertex 206.065 9.61163 0
      vertex 205.875 9.48446 3
      vertex 206.065 9.61163 3
    endloop
  endfacet
  facet normal -0.556223 0.831033 0
    outer loop
      vertex 205.875 9.48446 3
      vertex 206.065 9.61163 0
      vertex 205.875 9.48446 0
    endloop
  endfacet
  facet normal -0.44301 -0.896516 0
    outer loop
      vertex 205.67 12.6168 0
      vertex 205.875 12.5155 3
      vertex 205.67 12.6168 3
    endloop
  endfacet
  facet normal -0.44301 -0.896516 -0
    outer loop
      vertex 205.875 12.5155 3
      vertex 205.67 12.6168 0
      vertex 205.875 12.5155 0
    endloop
  endfacet
  facet normal 0.751702 0.659503 0
    outer loop
      vertex 203.763 9.76256 3
      vertex 203.612 9.93467 0
      vertex 203.612 9.93467 3
    endloop
  endfacet
  facet normal 0.751702 0.659503 0
    outer loop
      vertex 203.612 9.93467 0
      vertex 203.763 9.76256 3
      vertex 203.763 9.76256 0
    endloop
  endfacet
  facet normal -0.99785 0.0655331 0
    outer loop
      vertex 206.735 10.7716 0
      vertex 206.75 11 3
      vertex 206.75 11 0
    endloop
  endfacet
  facet normal -0.99785 0.0655331 0
    outer loop
      vertex 206.75 11 3
      vertex 206.735 10.7716 0
      vertex 206.735 10.7716 3
    endloop
  endfacet
  facet normal -0.0655168 0.997851 0
    outer loop
      vertex 205.228 9.26497 0
      vertex 205 9.25 3
      vertex 205.228 9.26497 3
    endloop
  endfacet
  facet normal -0.0655168 0.997851 0
    outer loop
      vertex 205 9.25 3
      vertex 205.228 9.26497 0
      vertex 205 9.25 0
    endloop
  endfacet
  facet normal 0.0655168 0.997851 -0
    outer loop
      vertex 205 9.25 0
      vertex 204.772 9.26497 3
      vertex 205 9.25 3
    endloop
  endfacet
  facet normal 0.0655168 0.997851 0
    outer loop
      vertex 204.772 9.26497 3
      vertex 205 9.25 0
      vertex 204.772 9.26497 0
    endloop
  endfacet
  facet normal 0.32112 0.947038 -0
    outer loop
      vertex 204.547 9.30963 0
      vertex 204.33 9.38321 3
      vertex 204.547 9.30963 3
    endloop
  endfacet
  facet normal 0.32112 0.947038 0
    outer loop
      vertex 204.33 9.38321 3
      vertex 204.547 9.30963 0
      vertex 204.33 9.38321 0
    endloop
  endfacet
  facet normal -0.194439 -0.980915 0
    outer loop
      vertex 205.228 12.735 0
      vertex 205.453 12.6904 3
      vertex 205.228 12.735 3
    endloop
  endfacet
  facet normal -0.194439 -0.980915 -0
    outer loop
      vertex 205.453 12.6904 3
      vertex 205.228 12.735 0
      vertex 205.453 12.6904 0
    endloop
  endfacet
  facet normal 0.556223 0.831033 -0
    outer loop
      vertex 204.125 9.48446 0
      vertex 203.935 9.61163 3
      vertex 204.125 9.48446 3
    endloop
  endfacet
  facet normal 0.556223 0.831033 0
    outer loop
      vertex 203.935 9.61163 3
      vertex 204.125 9.48446 0
      vertex 203.935 9.61163 0
    endloop
  endfacet
  facet normal 0.659741 -0.751493 0
    outer loop
      vertex 208.763 12.2374 0
      vertex 208.935 12.3884 3
      vertex 208.763 12.2374 3
    endloop
  endfacet
  facet normal 0.659741 -0.751493 0
    outer loop
      vertex 208.935 12.3884 3
      vertex 208.763 12.2374 0
      vertex 208.935 12.3884 0
    endloop
  endfacet
  facet normal -0.980497 -0.196536 0
    outer loop
      vertex 211.735 11.2284 0
      vertex 211.69 11.4529 3
      vertex 211.69 11.4529 0
    endloop
  endfacet
  facet normal -0.980497 -0.196536 0
    outer loop
      vertex 211.69 11.4529 3
      vertex 211.735 11.2284 0
      vertex 211.735 11.2284 3
    endloop
  endfacet
  facet normal -0.99785 -0.0655331 0
    outer loop
      vertex 211.75 11 0
      vertex 211.735 11.2284 3
      vertex 211.735 11.2284 0
    endloop
  endfacet
  facet normal -0.99785 -0.0655331 0
    outer loop
      vertex 211.735 11.2284 3
      vertex 211.75 11 0
      vertex 211.75 11 3
    endloop
  endfacet
  facet normal -0.947717 -0.319111 0
    outer loop
      vertex 211.69 11.4529 0
      vertex 211.617 11.6697 3
      vertex 211.617 11.6697 0
    endloop
  endfacet
  facet normal -0.947717 -0.319111 0
    outer loop
      vertex 211.617 11.6697 3
      vertex 211.69 11.4529 0
      vertex 211.69 11.4529 3
    endloop
  endfacet
  facet normal 0.751683 -0.659524 0
    outer loop
      vertex 208.612 12.0653 3
      vertex 208.763 12.2374 0
      vertex 208.763 12.2374 3
    endloop
  endfacet
  facet normal 0.751683 -0.659524 0
    outer loop
      vertex 208.763 12.2374 0
      vertex 208.612 12.0653 3
      vertex 208.612 12.0653 0
    endloop
  endfacet
  facet normal -0.321199 -0.947012 0
    outer loop
      vertex 210.453 12.6904 0
      vertex 210.67 12.6168 3
      vertex 210.453 12.6904 3
    endloop
  endfacet
  facet normal -0.321199 -0.947012 -0
    outer loop
      vertex 210.67 12.6168 3
      vertex 210.453 12.6904 0
      vertex 210.67 12.6168 0
    endloop
  endfacet
  facet normal 0.321199 -0.947012 0
    outer loop
      vertex 209.33 12.6168 0
      vertex 209.547 12.6904 3
      vertex 209.33 12.6168 3
    endloop
  endfacet
  facet normal 0.321199 -0.947012 0
    outer loop
      vertex 209.547 12.6904 3
      vertex 209.33 12.6168 0
      vertex 209.547 12.6904 0
    endloop
  endfacet
  facet normal -0.897293 -0.441435 0
    outer loop
      vertex 211.617 11.6697 0
      vertex 211.516 11.875 3
      vertex 211.516 11.875 0
    endloop
  endfacet
  facet normal -0.897293 -0.441435 0
    outer loop
      vertex 211.516 11.875 3
      vertex 211.617 11.6697 0
      vertex 211.617 11.6697 3
    endloop
  endfacet
  facet normal -0.829762 -0.558117 0
    outer loop
      vertex 211.516 11.875 0
      vertex 211.388 12.0653 3
      vertex 211.388 12.0653 0
    endloop
  endfacet
  facet normal -0.829762 -0.558117 0
    outer loop
      vertex 211.388 12.0653 3
      vertex 211.516 11.875 0
      vertex 211.516 11.875 3
    endloop
  endfacet
  facet normal 0.556012 -0.831174 0
    outer loop
      vertex 208.935 12.3884 0
      vertex 209.125 12.5155 3
      vertex 208.935 12.3884 3
    endloop
  endfacet
  facet normal 0.556012 -0.831174 0
    outer loop
      vertex 209.125 12.5155 3
      vertex 208.935 12.3884 0
      vertex 209.125 12.5155 0
    endloop
  endfacet
  facet normal -0.947717 0.319111 0
    outer loop
      vertex 211.617 10.3303 0
      vertex 211.69 10.5471 3
      vertex 211.69 10.5471 0
    endloop
  endfacet
  facet normal -0.947717 0.319111 0
    outer loop
      vertex 211.69 10.5471 3
      vertex 211.617 10.3303 0
      vertex 211.617 10.3303 3
    endloop
  endfacet
  facet normal -0.659568 0.751645 0
    outer loop
      vertex 211.237 9.76256 0
      vertex 211.065 9.61163 3
      vertex 211.237 9.76256 3
    endloop
  endfacet
  facet normal -0.659568 0.751645 0
    outer loop
      vertex 211.065 9.61163 3
      vertex 211.237 9.76256 0
      vertex 211.065 9.61163 0
    endloop
  endfacet
  facet normal 0.0656476 -0.997843 0
    outer loop
      vertex 209.772 12.735 0
      vertex 210 12.75 3
      vertex 209.772 12.735 3
    endloop
  endfacet
  facet normal 0.0656476 -0.997843 0
    outer loop
      vertex 210 12.75 3
      vertex 209.772 12.735 0
      vertex 210 12.75 0
    endloop
  endfacet
  facet normal 0.194691 0.980865 -0
    outer loop
      vertex 209.772 9.26497 0
      vertex 209.547 9.30963 3
      vertex 209.772 9.26497 3
    endloop
  endfacet
  facet normal 0.194691 0.980865 0
    outer loop
      vertex 209.547 9.30963 3
      vertex 209.772 9.26497 0
      vertex 209.547 9.30963 0
    endloop
  endfacet
  facet normal -0.0656476 -0.997843 0
    outer loop
      vertex 210 12.75 0
      vertex 210.228 12.735 3
      vertex 210 12.75 3
    endloop
  endfacet
  facet normal -0.0656476 -0.997843 -0
    outer loop
      vertex 210.228 12.735 3
      vertex 210 12.75 0
      vertex 210.228 12.735 0
    endloop
  endfacet
  facet normal -0.751683 -0.659524 0
    outer loop
      vertex 211.388 12.0653 0
      vertex 211.237 12.2374 3
      vertex 211.237 12.2374 0
    endloop
  endfacet
  facet normal -0.751683 -0.659524 0
    outer loop
      vertex 211.237 12.2374 3
      vertex 211.388 12.0653 0
      vertex 211.388 12.0653 3
    endloop
  endfacet
  facet normal 0.99785 -0.0655331 0
    outer loop
      vertex 208.25 11 3
      vertex 208.265 11.2284 0
      vertex 208.265 11.2284 3
    endloop
  endfacet
  facet normal 0.99785 -0.0655331 0
    outer loop
      vertex 208.265 11.2284 0
      vertex 208.25 11 3
      vertex 208.25 11 0
    endloop
  endfacet
  facet normal 0.980497 -0.196536 0
    outer loop
      vertex 208.265 11.2284 3
      vertex 208.31 11.4529 0
      vertex 208.31 11.4529 3
    endloop
  endfacet
  facet normal 0.980497 -0.196536 0
    outer loop
      vertex 208.31 11.4529 0
      vertex 208.265 11.2284 3
      vertex 208.265 11.2284 0
    endloop
  endfacet
  facet normal 0.897293 0.441435 0
    outer loop
      vertex 208.484 10.125 3
      vertex 208.383 10.3303 0
      vertex 208.383 10.3303 3
    endloop
  endfacet
  facet normal 0.897293 0.441435 0
    outer loop
      vertex 208.383 10.3303 0
      vertex 208.484 10.125 3
      vertex 208.484 10.125 0
    endloop
  endfacet
  facet normal 0.947717 -0.319111 0
    outer loop
      vertex 208.31 11.4529 3
      vertex 208.383 11.6697 0
      vertex 208.383 11.6697 3
    endloop
  endfacet
  facet normal 0.947717 -0.319111 0
    outer loop
      vertex 208.383 11.6697 0
      vertex 208.31 11.4529 3
      vertex 208.31 11.4529 0
    endloop
  endfacet
  facet normal 0.194439 -0.980915 0
    outer loop
      vertex 209.547 12.6904 0
      vertex 209.772 12.735 3
      vertex 209.547 12.6904 3
    endloop
  endfacet
  facet normal 0.194439 -0.980915 0
    outer loop
      vertex 209.772 12.735 3
      vertex 209.547 12.6904 0
      vertex 209.772 12.735 0
    endloop
  endfacet
  facet normal -0.442835 0.896603 0
    outer loop
      vertex 210.875 9.48446 0
      vertex 210.67 9.38321 3
      vertex 210.875 9.48446 3
    endloop
  endfacet
  facet normal -0.442835 0.896603 0
    outer loop
      vertex 210.67 9.38321 3
      vertex 210.875 9.48446 0
      vertex 210.67 9.38321 0
    endloop
  endfacet
  facet normal -0.659741 -0.751493 0
    outer loop
      vertex 211.065 12.3884 0
      vertex 211.237 12.2374 3
      vertex 211.065 12.3884 3
    endloop
  endfacet
  facet normal -0.659741 -0.751493 -0
    outer loop
      vertex 211.237 12.2374 3
      vertex 211.065 12.3884 0
      vertex 211.237 12.2374 0
    endloop
  endfacet
  facet normal -0.32112 0.947038 0
    outer loop
      vertex 210.67 9.38321 0
      vertex 210.453 9.30963 3
      vertex 210.67 9.38321 3
    endloop
  endfacet
  facet normal -0.32112 0.947038 0
    outer loop
      vertex 210.453 9.30963 3
      vertex 210.67 9.38321 0
      vertex 210.453 9.30963 0
    endloop
  endfacet
  facet normal -0.829803 0.558056 0
    outer loop
      vertex 211.388 9.93467 0
      vertex 211.516 10.125 3
      vertex 211.516 10.125 0
    endloop
  endfacet
  facet normal -0.829803 0.558056 0
    outer loop
      vertex 211.516 10.125 3
      vertex 211.388 9.93467 0
      vertex 211.388 9.93467 3
    endloop
  endfacet
  facet normal 0.897293 -0.441435 0
    outer loop
      vertex 208.383 11.6697 3
      vertex 208.484 11.875 0
      vertex 208.484 11.875 3
    endloop
  endfacet
  facet normal 0.897293 -0.441435 0
    outer loop
      vertex 208.484 11.875 0
      vertex 208.383 11.6697 3
      vertex 208.383 11.6697 0
    endloop
  endfacet
  facet normal 0.980497 0.196536 0
    outer loop
      vertex 208.31 10.5471 3
      vertex 208.265 10.7716 0
      vertex 208.265 10.7716 3
    endloop
  endfacet
  facet normal 0.980497 0.196536 0
    outer loop
      vertex 208.265 10.7716 0
      vertex 208.31 10.5471 3
      vertex 208.31 10.5471 0
    endloop
  endfacet
  facet normal -0.556012 -0.831174 0
    outer loop
      vertex 210.875 12.5155 0
      vertex 211.065 12.3884 3
      vertex 210.875 12.5155 3
    endloop
  endfacet
  facet normal -0.556012 -0.831174 -0
    outer loop
      vertex 211.065 12.3884 3
      vertex 210.875 12.5155 0
      vertex 211.065 12.3884 0
    endloop
  endfacet
  facet normal 0.99785 0.0655331 0
    outer loop
      vertex 208.265 10.7716 3
      vertex 208.25 11 0
      vertex 208.25 11 3
    endloop
  endfacet
  facet normal 0.99785 0.0655331 0
    outer loop
      vertex 208.25 11 0
      vertex 208.265 10.7716 3
      vertex 208.265 10.7716 0
    endloop
  endfacet
  facet normal 0.947717 0.319111 0
    outer loop
      vertex 208.383 10.3303 3
      vertex 208.31 10.5471 0
      vertex 208.31 10.5471 3
    endloop
  endfacet
  facet normal 0.947717 0.319111 0
    outer loop
      vertex 208.31 10.5471 0
      vertex 208.383 10.3303 3
      vertex 208.383 10.3303 0
    endloop
  endfacet
  facet normal 0.829762 -0.558117 0
    outer loop
      vertex 208.484 11.875 3
      vertex 208.612 12.0653 0
      vertex 208.612 12.0653 3
    endloop
  endfacet
  facet normal 0.829762 -0.558117 0
    outer loop
      vertex 208.612 12.0653 0
      vertex 208.484 11.875 3
      vertex 208.484 11.875 0
    endloop
  endfacet
  facet normal 0.44301 -0.896516 0
    outer loop
      vertex 209.125 12.5155 0
      vertex 209.33 12.6168 3
      vertex 209.125 12.5155 3
    endloop
  endfacet
  facet normal 0.44301 -0.896516 0
    outer loop
      vertex 209.33 12.6168 3
      vertex 209.125 12.5155 0
      vertex 209.33 12.6168 0
    endloop
  endfacet
  facet normal -0.194691 0.980865 0
    outer loop
      vertex 210.453 9.30963 0
      vertex 210.228 9.26497 3
      vertex 210.453 9.30963 3
    endloop
  endfacet
  facet normal -0.194691 0.980865 0
    outer loop
      vertex 210.228 9.26497 3
      vertex 210.453 9.30963 0
      vertex 210.228 9.26497 0
    endloop
  endfacet
  facet normal -0.751702 0.659503 0
    outer loop
      vertex 211.237 9.76256 0
      vertex 211.388 9.93467 3
      vertex 211.388 9.93467 0
    endloop
  endfacet
  facet normal -0.751702 0.659503 0
    outer loop
      vertex 211.388 9.93467 3
      vertex 211.237 9.76256 0
      vertex 211.237 9.76256 3
    endloop
  endfacet
  facet normal 0.829803 0.558056 0
    outer loop
      vertex 208.612 9.93467 3
      vertex 208.484 10.125 0
      vertex 208.484 10.125 3
    endloop
  endfacet
  facet normal 0.829803 0.558056 0
    outer loop
      vertex 208.484 10.125 0
      vertex 208.612 9.93467 3
      vertex 208.612 9.93467 0
    endloop
  endfacet
  facet normal 0.442835 0.896603 -0
    outer loop
      vertex 209.33 9.38321 0
      vertex 209.125 9.48446 3
      vertex 209.33 9.38321 3
    endloop
  endfacet
  facet normal 0.442835 0.896603 0
    outer loop
      vertex 209.125 9.48446 3
      vertex 209.33 9.38321 0
      vertex 209.125 9.48446 0
    endloop
  endfacet
  facet normal -0.980497 0.196536 0
    outer loop
      vertex 211.69 10.5471 0
      vertex 211.735 10.7716 3
      vertex 211.735 10.7716 0
    endloop
  endfacet
  facet normal -0.980497 0.196536 0
    outer loop
      vertex 211.735 10.7716 3
      vertex 211.69 10.5471 0
      vertex 211.69 10.5471 3
    endloop
  endfacet
  facet normal 0.659568 0.751645 -0
    outer loop
      vertex 208.935 9.61163 0
      vertex 208.763 9.76256 3
      vertex 208.935 9.61163 3
    endloop
  endfacet
  facet normal 0.659568 0.751645 0
    outer loop
      vertex 208.763 9.76256 3
      vertex 208.935 9.61163 0
      vertex 208.763 9.76256 0
    endloop
  endfacet
  facet normal -0.897293 0.441435 0
    outer loop
      vertex 211.516 10.125 0
      vertex 211.617 10.3303 3
      vertex 211.617 10.3303 0
    endloop
  endfacet
  facet normal -0.897293 0.441435 0
    outer loop
      vertex 211.617 10.3303 3
      vertex 211.516 10.125 0
      vertex 211.516 10.125 3
    endloop
  endfacet
  facet normal -0.556223 0.831033 0
    outer loop
      vertex 211.065 9.61163 0
      vertex 210.875 9.48446 3
      vertex 211.065 9.61163 3
    endloop
  endfacet
  facet normal -0.556223 0.831033 0
    outer loop
      vertex 210.875 9.48446 3
      vertex 211.065 9.61163 0
      vertex 210.875 9.48446 0
    endloop
  endfacet
  facet normal -0.44301 -0.896516 0
    outer loop
      vertex 210.67 12.6168 0
      vertex 210.875 12.5155 3
      vertex 210.67 12.6168 3
    endloop
  endfacet
  facet normal -0.44301 -0.896516 -0
    outer loop
      vertex 210.875 12.5155 3
      vertex 210.67 12.6168 0
      vertex 210.875 12.5155 0
    endloop
  endfacet
  facet normal 0.751702 0.659503 0
    outer loop
      vertex 208.763 9.76256 3
      vertex 208.612 9.93467 0
      vertex 208.612 9.93467 3
    endloop
  endfacet
  facet normal 0.751702 0.659503 0
    outer loop
      vertex 208.612 9.93467 0
      vertex 208.763 9.76256 3
      vertex 208.763 9.76256 0
    endloop
  endfacet
  facet normal -0.99785 0.0655331 0
    outer loop
      vertex 211.735 10.7716 0
      vertex 211.75 11 3
      vertex 211.75 11 0
    endloop
  endfacet
  facet normal -0.99785 0.0655331 0
    outer loop
      vertex 211.75 11 3
      vertex 211.735 10.7716 0
      vertex 211.735 10.7716 3
    endloop
  endfacet
  facet normal -0.0655168 0.997851 0
    outer loop
      vertex 210.228 9.26497 0
      vertex 210 9.25 3
      vertex 210.228 9.26497 3
    endloop
  endfacet
  facet normal -0.0655168 0.997851 0
    outer loop
      vertex 210 9.25 3
      vertex 210.228 9.26497 0
      vertex 210 9.25 0
    endloop
  endfacet
  facet normal 0.0655168 0.997851 -0
    outer loop
      vertex 210 9.25 0
      vertex 209.772 9.26497 3
      vertex 210 9.25 3
    endloop
  endfacet
  facet normal 0.0655168 0.997851 0
    outer loop
      vertex 209.772 9.26497 3
      vertex 210 9.25 0
      vertex 209.772 9.26497 0
    endloop
  endfacet
  facet normal 0.32112 0.947038 -0
    outer loop
      vertex 209.547 9.30963 0
      vertex 209.33 9.38321 3
      vertex 209.547 9.30963 3
    endloop
  endfacet
  facet normal 0.32112 0.947038 0
    outer loop
      vertex 209.33 9.38321 3
      vertex 209.547 9.30963 0
      vertex 209.33 9.38321 0
    endloop
  endfacet
  facet normal -0.194439 -0.980915 0
    outer loop
      vertex 210.228 12.735 0
      vertex 210.453 12.6904 3
      vertex 210.228 12.735 3
    endloop
  endfacet
  facet normal -0.194439 -0.980915 -0
    outer loop
      vertex 210.453 12.6904 3
      vertex 210.228 12.735 0
      vertex 210.453 12.6904 0
    endloop
  endfacet
  facet normal 0.556223 0.831033 -0
    outer loop
      vertex 209.125 9.48446 0
      vertex 208.935 9.61163 3
      vertex 209.125 9.48446 3
    endloop
  endfacet
  facet normal 0.556223 0.831033 0
    outer loop
      vertex 208.935 9.61163 3
      vertex 209.125 9.48446 0
      vertex 208.935 9.61163 0
    endloop
  endfacet
  facet normal 0.321127 -0.947036 0
    outer loop
      vertex 212.776 3.40222 0
      vertex 213.148 3.52836 3
      vertex 212.776 3.40222 3
    endloop
  endfacet
  facet normal 0.321127 -0.947036 0
    outer loop
      vertex 213.148 3.52836 3
      vertex 212.776 3.40222 0
      vertex 213.148 3.52836 0
    endloop
  endfacet
  facet normal 0 -1 0
    outer loop
      vertex 183 3.3 0
      vertex 212 3.3 3
      vertex 183 3.3 3
    endloop
  endfacet
  facet normal 0 -1 -0
    outer loop
      vertex 212 3.3 3
      vertex 183 3.3 0
      vertex 212 3.3 0
    endloop
  endfacet
  facet normal 0.195527 -0.980698 0
    outer loop
      vertex 212.392 3.32566 0
      vertex 212.776 3.40222 3
      vertex 212.392 3.32566 3
    endloop
  endfacet
  facet normal 0.195527 -0.980698 0
    outer loop
      vertex 212.776 3.40222 3
      vertex 212.392 3.32566 0
      vertex 212.776 3.40222 0
    endloop
  endfacet
  facet normal 0.997803 0.0662484 0
    outer loop
      vertex 215 15.7 3
      vertex 214.974 16.0916 0
      vertex 214.974 16.0916 3
    endloop
  endfacet
  facet normal 0.997803 0.0662484 0
    outer loop
      vertex 214.974 16.0916 0
      vertex 215 15.7 3
      vertex 215 15.7 0
    endloop
  endfacet
  facet normal 0.0653194 -0.997864 0
    outer loop
      vertex 212 3.3 0
      vertex 212.392 3.32566 3
      vertex 212 3.3 3
    endloop
  endfacet
  facet normal 0.0653194 -0.997864 0
    outer loop
      vertex 212.392 3.32566 3
      vertex 212 3.3 0
      vertex 212.392 3.32566 0
    endloop
  endfacet
  facet normal -0.321127 -0.947036 0
    outer loop
      vertex 181.852 3.52836 0
      vertex 182.224 3.40222 3
      vertex 181.852 3.52836 3
    endloop
  endfacet
  facet normal -0.321127 -0.947036 -0
    outer loop
      vertex 182.224 3.40222 3
      vertex 181.852 3.52836 0
      vertex 182.224 3.40222 0
    endloop
  endfacet
  facet normal -0.555877 0.831265 0
    outer loop
      vertex 181.5 18.2981 0
      vertex 181.174 18.0801 3
      vertex 181.5 18.2981 3
    endloop
  endfacet
  facet normal -0.555877 0.831265 0
    outer loop
      vertex 181.174 18.0801 3
      vertex 181.5 18.2981 0
      vertex 181.174 18.0801 0
    endloop
  endfacet
  facet normal -0.195379 0.980728 0
    outer loop
      vertex 182.608 18.6743 0
      vertex 182.224 18.5978 3
      vertex 182.608 18.6743 3
    endloop
  endfacet
  facet normal -0.195379 0.980728 0
    outer loop
      vertex 182.224 18.5978 3
      vertex 182.608 18.6743 0
      vertex 182.224 18.5978 0
    endloop
  endfacet
  facet normal -0.659406 -0.751787 0
    outer loop
      vertex 180.879 4.17868 0
      vertex 181.174 3.91993 3
      vertex 180.879 4.17868 3
    endloop
  endfacet
  facet normal -0.659406 -0.751787 -0
    outer loop
      vertex 181.174 3.91993 3
      vertex 180.879 4.17868 0
      vertex 181.174 3.91993 0
    endloop
  endfacet
  facet normal 0.831485 -0.555547 0
    outer loop
      vertex 214.38 4.47372 3
      vertex 214.598 4.8 0
      vertex 214.598 4.8 3
    endloop
  endfacet
  facet normal 0.831485 -0.555547 0
    outer loop
      vertex 214.598 4.8 0
      vertex 214.38 4.47372 3
      vertex 214.38 4.47372 0
    endloop
  endfacet
  facet normal -0.997803 -0.0662535 0
    outer loop
      vertex 180.026 5.90843 0
      vertex 180 6.3 3
      vertex 180 6.3 0
    endloop
  endfacet
  facet normal -0.997803 -0.0662535 0
    outer loop
      vertex 180 6.3 3
      vertex 180.026 5.90843 0
      vertex 180.026 5.90843 3
    endloop
  endfacet
  facet normal -0.981057 -0.193719 0
    outer loop
      vertex 180.102 5.52354 0
      vertex 180.026 5.90843 3
      vertex 180.026 5.90843 0
    endloop
  endfacet
  facet normal -0.981057 -0.193719 0
    outer loop
      vertex 180.026 5.90843 3
      vertex 180.102 5.52354 0
      vertex 180.102 5.52354 3
    endloop
  endfacet
  facet normal -0.44211 0.896961 0
    outer loop
      vertex 181.852 18.4716 0
      vertex 181.5 18.2981 3
      vertex 181.852 18.4716 3
    endloop
  endfacet
  facet normal -0.44211 0.896961 0
    outer loop
      vertex 181.5 18.2981 3
      vertex 181.852 18.4716 0
      vertex 181.5 18.2981 0
    endloop
  endfacet
  facet normal -0.751471 0.659766 0
    outer loop
      vertex 180.62 17.5263 0
      vertex 180.879 17.8213 3
      vertex 180.879 17.8213 0
    endloop
  endfacet
  facet normal -0.751471 0.659766 0
    outer loop
      vertex 180.879 17.8213 3
      vertex 180.62 17.5263 0
      vertex 180.62 17.5263 3
    endloop
  endfacet
  facet normal -0.442233 -0.8969 0
    outer loop
      vertex 181.5 3.70192 0
      vertex 181.852 3.52836 3
      vertex 181.5 3.70192 3
    endloop
  endfacet
  facet normal -0.442233 -0.8969 -0
    outer loop
      vertex 181.852 3.52836 3
      vertex 181.5 3.70192 0
      vertex 181.852 3.52836 0
    endloop
  endfacet
  facet normal 0.659478 0.751724 -0
    outer loop
      vertex 214.121 17.8213 0
      vertex 213.826 18.0801 3
      vertex 214.121 17.8213 3
    endloop
  endfacet
  facet normal 0.659478 0.751724 0
    outer loop
      vertex 213.826 18.0801 3
      vertex 214.121 17.8213 0
      vertex 213.826 18.0801 0
    endloop
  endfacet
  facet normal 1 -0 0
    outer loop
      vertex 180 4 3
      vertex 180 6.3 0
      vertex 180 6.3 3
    endloop
  endfacet
  facet normal 1 0 0
    outer loop
      vertex 180 6.3 0
      vertex 180 4 3
      vertex 180 4 0
    endloop
  endfacet
  facet normal 1 -0 0
    outer loop
      vertex 180 15.7 3
      vertex 180 18 0
      vertex 180 18 3
    endloop
  endfacet
  facet normal 1 0 0
    outer loop
      vertex 180 18 0
      vertex 180 15.7 3
      vertex 180 15.7 0
    endloop
  endfacet
  facet normal 0 1 -0
    outer loop
      vertex 212 18.7 0
      vertex 183 18.7 3
      vertex 212 18.7 3
    endloop
  endfacet
  facet normal 0 1 0
    outer loop
      vertex 183 18.7 3
      vertex 212 18.7 0
      vertex 183 18.7 0
    endloop
  endfacet
  facet normal 0.0654208 0.997858 -0
    outer loop
      vertex 212.392 18.6743 0
      vertex 212 18.7 3
      vertex 212.392 18.6743 3
    endloop
  endfacet
  facet normal 0.0654208 0.997858 0
    outer loop
      vertex 212 18.7 3
      vertex 212.392 18.6743 0
      vertex 212 18.7 0
    endloop
  endfacet
  facet normal 1 -0 0
    outer loop
      vertex 215 6.3 3
      vertex 215 15.7 0
      vertex 215 15.7 3
    endloop
  endfacet
  facet normal 1 0 0
    outer loop
      vertex 215 15.7 0
      vertex 215 6.3 3
      vertex 215 6.3 0
    endloop
  endfacet
  facet normal -0.0654208 0.997858 0
    outer loop
      vertex 183 18.7 0
      vertex 182.608 18.6743 3
      vertex 183 18.7 3
    endloop
  endfacet
  facet normal -0.0654208 0.997858 0
    outer loop
      vertex 182.608 18.6743 3
      vertex 183 18.7 0
      vertex 182.608 18.6743 0
    endloop
  endfacet
  facet normal -0.831485 -0.555547 0
    outer loop
      vertex 180.62 4.47372 0
      vertex 180.402 4.8 3
      vertex 180.402 4.8 0
    endloop
  endfacet
  facet normal -0.831485 -0.555547 0
    outer loop
      vertex 180.402 4.8 3
      vertex 180.62 4.47372 0
      vertex 180.62 4.47372 3
    endloop
  endfacet
  facet normal -0.321264 0.94699 0
    outer loop
      vertex 182.224 18.5978 0
      vertex 181.852 18.4716 3
      vertex 182.224 18.5978 3
    endloop
  endfacet
  facet normal -0.321264 0.94699 0
    outer loop
      vertex 181.852 18.4716 3
      vertex 182.224 18.5978 0
      vertex 181.852 18.4716 0
    endloop
  endfacet
  facet normal -0.659478 0.751724 0
    outer loop
      vertex 181.174 18.0801 0
      vertex 180.879 17.8213 3
      vertex 181.174 18.0801 3
    endloop
  endfacet
  facet normal -0.659478 0.751724 0
    outer loop
      vertex 180.879 17.8213 3
      vertex 181.174 18.0801 0
      vertex 180.879 17.8213 0
    endloop
  endfacet
  facet normal -0.896455 0.443134 0
    outer loop
      vertex 180.228 16.848 0
      vertex 180.402 17.2 3
      vertex 180.402 17.2 0
    endloop
  endfacet
  facet normal -0.896455 0.443134 0
    outer loop
      vertex 180.402 17.2 3
      vertex 180.228 16.848 0
      vertex 180.228 16.848 3
    endloop
  endfacet
  facet normal -0.195527 -0.980698 0
    outer loop
      vertex 182.224 3.40222 0
      vertex 182.608 3.32566 3
      vertex 182.224 3.40222 3
    endloop
  endfacet
  facet normal -0.195527 -0.980698 -0
    outer loop
      vertex 182.608 3.32566 3
      vertex 182.224 3.40222 0
      vertex 182.608 3.32566 0
    endloop
  endfacet
  facet normal -0.0653194 -0.997864 0
    outer loop
      vertex 182.608 3.32566 0
      vertex 183 3.3 3
      vertex 182.608 3.32566 3
    endloop
  endfacet
  facet normal -0.0653194 -0.997864 -0
    outer loop
      vertex 183 3.3 3
      vertex 182.608 3.32566 0
      vertex 183 3.3 0
    endloop
  endfacet
  facet normal 0.659406 -0.751787 0
    outer loop
      vertex 213.826 3.91993 0
      vertex 214.121 4.17868 3
      vertex 213.826 3.91993 3
    endloop
  endfacet
  facet normal 0.659406 -0.751787 0
    outer loop
      vertex 214.121 4.17868 3
      vertex 213.826 3.91993 0
      vertex 214.121 4.17868 0
    endloop
  endfacet
  facet normal 0.321264 0.94699 -0
    outer loop
      vertex 213.148 18.4716 0
      vertex 212.776 18.5978 3
      vertex 213.148 18.4716 3
    endloop
  endfacet
  facet normal 0.321264 0.94699 0
    outer loop
      vertex 212.776 18.5978 3
      vertex 213.148 18.4716 0
      vertex 212.776 18.5978 0
    endloop
  endfacet
  facet normal -0.981058 0.193714 0
    outer loop
      vertex 180.026 16.0916 0
      vertex 180.102 16.4765 3
      vertex 180.102 16.4765 0
    endloop
  endfacet
  facet normal -0.981058 0.193714 0
    outer loop
      vertex 180.102 16.4765 3
      vertex 180.026 16.0916 0
      vertex 180.026 16.0916 3
    endloop
  endfacet
  facet normal -0.831501 0.555523 0
    outer loop
      vertex 180.402 17.2 0
      vertex 180.62 17.5263 3
      vertex 180.62 17.5263 0
    endloop
  endfacet
  facet normal -0.831501 0.555523 0
    outer loop
      vertex 180.62 17.5263 3
      vertex 180.402 17.2 0
      vertex 180.402 17.2 3
    endloop
  endfacet
  facet normal 0.947013 0.321194 0
    outer loop
      vertex 214.898 16.4765 3
      vertex 214.772 16.848 0
      vertex 214.772 16.848 3
    endloop
  endfacet
  facet normal 0.947013 0.321194 0
    outer loop
      vertex 214.772 16.848 0
      vertex 214.898 16.4765 3
      vertex 214.898 16.4765 0
    endloop
  endfacet
  facet normal 0.195379 0.980728 -0
    outer loop
      vertex 212.776 18.5978 0
      vertex 212.392 18.6743 3
      vertex 212.776 18.5978 3
    endloop
  endfacet
  facet normal 0.195379 0.980728 0
    outer loop
      vertex 212.392 18.6743 3
      vertex 212.776 18.5978 0
      vertex 212.392 18.6743 0
    endloop
  endfacet
  facet normal -0.947013 0.321194 0
    outer loop
      vertex 180.102 16.4765 0
      vertex 180.228 16.848 3
      vertex 180.228 16.848 0
    endloop
  endfacet
  facet normal -0.947013 0.321194 0
    outer loop
      vertex 180.228 16.848 3
      vertex 180.102 16.4765 0
      vertex 180.102 16.4765 3
    endloop
  endfacet
  facet normal -0.751515 -0.659716 0
    outer loop
      vertex 180.879 4.17868 0
      vertex 180.62 4.47372 3
      vertex 180.62 4.47372 0
    endloop
  endfacet
  facet normal -0.751515 -0.659716 0
    outer loop
      vertex 180.62 4.47372 3
      vertex 180.879 4.17868 0
      vertex 180.879 4.17868 3
    endloop
  endfacet
  facet normal -0.555894 -0.831253 0
    outer loop
      vertex 181.174 3.91993 0
      vertex 181.5 3.70192 3
      vertex 181.174 3.91993 3
    endloop
  endfacet
  facet normal -0.555894 -0.831253 -0
    outer loop
      vertex 181.5 3.70192 3
      vertex 181.174 3.91993 0
      vertex 181.5 3.70192 0
    endloop
  endfacet
  facet normal 0.751515 -0.659716 0
    outer loop
      vertex 214.121 4.17868 3
      vertex 214.38 4.47372 0
      vertex 214.38 4.47372 3
    endloop
  endfacet
  facet normal 0.751515 -0.659716 0
    outer loop
      vertex 214.38 4.47372 0
      vertex 214.121 4.17868 3
      vertex 214.121 4.17868 0
    endloop
  endfacet
  facet normal 0.896425 -0.443195 0
    outer loop
      vertex 214.598 4.8 3
      vertex 214.772 5.15194 0
      vertex 214.772 5.15194 3
    endloop
  endfacet
  facet normal 0.896425 -0.443195 0
    outer loop
      vertex 214.772 5.15194 0
      vertex 214.598 4.8 3
      vertex 214.598 4.8 0
    endloop
  endfacet
  facet normal 0.94704 -0.321117 0
    outer loop
      vertex 214.772 5.15194 3
      vertex 214.898 5.52354 0
      vertex 214.898 5.52354 3
    endloop
  endfacet
  facet normal 0.94704 -0.321117 0
    outer loop
      vertex 214.898 5.52354 0
      vertex 214.772 5.15194 3
      vertex 214.772 5.15194 0
    endloop
  endfacet
  facet normal -0.896425 -0.443195 0
    outer loop
      vertex 180.402 4.8 0
      vertex 180.228 5.15194 3
      vertex 180.228 5.15194 0
    endloop
  endfacet
  facet normal -0.896425 -0.443195 0
    outer loop
      vertex 180.228 5.15194 3
      vertex 180.402 4.8 0
      vertex 180.402 4.8 3
    endloop
  endfacet
  facet normal -0.997803 0.0662484 0
    outer loop
      vertex 180 15.7 0
      vertex 180.026 16.0916 3
      vertex 180.026 16.0916 0
    endloop
  endfacet
  facet normal -0.997803 0.0662484 0
    outer loop
      vertex 180.026 16.0916 3
      vertex 180 15.7 0
      vertex 180 15.7 3
    endloop
  endfacet
  facet normal 0.751471 0.659766 0
    outer loop
      vertex 214.38 17.5263 3
      vertex 214.121 17.8213 0
      vertex 214.121 17.8213 3
    endloop
  endfacet
  facet normal 0.751471 0.659766 0
    outer loop
      vertex 214.121 17.8213 0
      vertex 214.38 17.5263 3
      vertex 214.38 17.5263 0
    endloop
  endfacet
  facet normal 0.981057 -0.193719 0
    outer loop
      vertex 214.898 5.52354 3
      vertex 214.974 5.90843 0
      vertex 214.974 5.90843 3
    endloop
  endfacet
  facet normal 0.981057 -0.193719 0
    outer loop
      vertex 214.974 5.90843 0
      vertex 214.898 5.52354 3
      vertex 214.898 5.52354 0
    endloop
  endfacet
  facet normal 0.896455 0.443134 0
    outer loop
      vertex 214.772 16.848 3
      vertex 214.598 17.2 0
      vertex 214.598 17.2 3
    endloop
  endfacet
  facet normal 0.896455 0.443134 0
    outer loop
      vertex 214.598 17.2 0
      vertex 214.772 16.848 3
      vertex 214.772 16.848 0
    endloop
  endfacet
  facet normal 0.831501 0.555523 0
    outer loop
      vertex 214.598 17.2 3
      vertex 214.38 17.5263 0
      vertex 214.38 17.5263 3
    endloop
  endfacet
  facet normal 0.831501 0.555523 0
    outer loop
      vertex 214.38 17.5263 0
      vertex 214.598 17.2 3
      vertex 214.598 17.2 0
    endloop
  endfacet
  facet normal 0.981058 0.193714 0
    outer loop
      vertex 214.974 16.0916 3
      vertex 214.898 16.4765 0
      vertex 214.898 16.4765 3
    endloop
  endfacet
  facet normal 0.981058 0.193714 0
    outer loop
      vertex 214.898 16.4765 0
      vertex 214.974 16.0916 3
      vertex 214.974 16.0916 0
    endloop
  endfacet
  facet normal 0.555877 0.831265 -0
    outer loop
      vertex 213.826 18.0801 0
      vertex 213.5 18.2981 3
      vertex 213.826 18.0801 3
    endloop
  endfacet
  facet normal 0.555877 0.831265 0
    outer loop
      vertex 213.5 18.2981 3
      vertex 213.826 18.0801 0
      vertex 213.5 18.2981 0
    endloop
  endfacet
  facet normal 0.44211 0.896961 -0
    outer loop
      vertex 213.5 18.2981 0
      vertex 213.148 18.4716 3
      vertex 213.5 18.2981 3
    endloop
  endfacet
  facet normal 0.44211 0.896961 0
    outer loop
      vertex 213.148 18.4716 3
      vertex 213.5 18.2981 0
      vertex 213.148 18.4716 0
    endloop
  endfacet
  facet normal -0.94704 -0.321117 0
    outer loop
      vertex 180.228 5.15194 0
      vertex 180.102 5.52354 3
      vertex 180.102 5.52354 0
    endloop
  endfacet
  facet normal -0.94704 -0.321117 0
    outer loop
      vertex 180.102 5.52354 3
      vertex 180.228 5.15194 0
      vertex 180.228 5.15194 3
    endloop
  endfacet
  facet normal 0.997803 -0.0662535 0
    outer loop
      vertex 214.974 5.90843 3
      vertex 215 6.3 0
      vertex 215 6.3 3
    endloop
  endfacet
  facet normal 0.997803 -0.0662535 0
    outer loop
      vertex 215 6.3 0
      vertex 214.974 5.90843 3
      vertex 214.974 5.90843 0
    endloop
  endfacet
  facet normal 0.442233 -0.8969 0
    outer loop
      vertex 213.148 3.52836 0
      vertex 213.5 3.70192 3
      vertex 213.148 3.52836 3
    endloop
  endfacet
  facet normal 0.442233 -0.8969 0
    outer loop
      vertex 213.5 3.70192 3
      vertex 213.148 3.52836 0
      vertex 213.5 3.70192 0
    endloop
  endfacet
  facet normal 0.555894 -0.831253 0
    outer loop
      vertex 213.5 3.70192 0
      vertex 213.826 3.91993 3
      vertex 213.5 3.70192 3
    endloop
  endfacet
  facet normal 0.555894 -0.831253 0
    outer loop
      vertex 213.826 3.91993 3
      vertex 213.5 3.70192 0
      vertex 213.826 3.91993 0
    endloop
  endfacet
  facet normal 0.321144 -0.94703 0
    outer loop
      vertex 177.035 0.136292 0
      vertex 177.531 0.304489 3
      vertex 177.035 0.136292 3
    endloop
  endfacet
  facet normal 0.321144 -0.94703 0
    outer loop
      vertex 177.531 0.304489 3
      vertex 177.035 0.136292 0
      vertex 177.531 0.304489 0
    endloop
  endfacet
  facet normal 0.195135 -0.980776 0
    outer loop
      vertex 176.522 0.0342255 0
      vertex 177.035 0.136292 3
      vertex 176.522 0.0342255 3
    endloop
  endfacet
  facet normal 0.195135 -0.980776 0
    outer loop
      vertex 177.035 0.136292 3
      vertex 176.522 0.0342255 0
      vertex 177.035 0.136292 0
    endloop
  endfacet
  facet normal 0.555626 0.831432 -0
    outer loop
      vertex 178.435 21.1734 0
      vertex 178 21.4641 3
      vertex 178.435 21.1734 3
    endloop
  endfacet
  facet normal 0.555626 0.831432 0
    outer loop
      vertex 178 21.4641 3
      vertex 178.435 21.1734 0
      vertex 178 21.4641 0
    endloop
  endfacet
  facet normal 0.0654256 -0.997857 0
    outer loop
      vertex 176 0 0
      vertex 176.522 0.0342255 3
      vertex 176 0 3
    endloop
  endfacet
  facet normal 0.0654256 -0.997857 0
    outer loop
      vertex 176.522 0.0342255 3
      vertex 176 0 0
      vertex 176.522 0.0342255 0
    endloop
  endfacet
  facet normal 0.195197 0.980764 -0
    outer loop
      vertex 177.035 21.8637 0
      vertex 176.522 21.9658 3
      vertex 177.035 21.8637 3
    endloop
  endfacet
  facet normal 0.195197 0.980764 0
    outer loop
      vertex 176.522 21.9658 3
      vertex 177.035 21.8637 0
      vertex 176.522 21.9658 0
    endloop
  endfacet
  facet normal -0.896875 -0.442284 0
    outer loop
      vertex 0.535904 2 0
      vertex 0.304489 2.46927 3
      vertex 0.304489 2.46927 0
    endloop
  endfacet
  facet normal -0.896875 -0.442284 0
    outer loop
      vertex 0.304489 2.46927 3
      vertex 0.535904 2 0
      vertex 0.535904 2 3
    endloop
  endfacet
  facet normal -0.555591 0.831456 0
    outer loop
      vertex 2 21.4641 0
      vertex 1.56496 21.1734 3
      vertex 2 21.4641 3
    endloop
  endfacet
  facet normal -0.555591 0.831456 0
    outer loop
      vertex 1.56496 21.1734 3
      vertex 2 21.4641 0
      vertex 1.56496 21.1734 0
    endloop
  endfacet
  facet normal 0 -1 0
    outer loop
      vertex 4 0 0
      vertex 176 0 3
      vertex 4 0 3
    endloop
  endfacet
  facet normal 0 -1 -0
    outer loop
      vertex 176 0 3
      vertex 4 0 0
      vertex 176 0 0
    endloop
  endfacet
  facet normal -0.555564 -0.831474 0
    outer loop
      vertex 1.56496 0.826584 0
      vertex 2 0.535904 3
      vertex 1.56496 0.826584 3
    endloop
  endfacet
  facet normal -0.555564 -0.831474 -0
    outer loop
      vertex 2 0.535904 3
      vertex 1.56496 0.826584 0
      vertex 2 0.535904 0
    endloop
  endfacet
  facet normal 0.0653771 0.997861 -0
    outer loop
      vertex 176.522 21.9658 0
      vertex 176 22 3
      vertex 176.522 21.9658 3
    endloop
  endfacet
  facet normal 0.0653771 0.997861 0
    outer loop
      vertex 176 22 3
      vertex 176.522 21.9658 0
      vertex 176 22 0
    endloop
  endfacet
  facet normal 0 1 -0
    outer loop
      vertex 176 22 0
      vertex 4 22 3
      vertex 176 22 3
    endloop
  endfacet
  facet normal 0 1 0
    outer loop
      vertex 4 22 3
      vertex 176 22 0
      vertex 4 22 0
    endloop
  endfacet
  facet normal -0.442284 -0.896875 0
    outer loop
      vertex 2 0.535904 0
      vertex 2.46927 0.304489 3
      vertex 2 0.535904 3
    endloop
  endfacet
  facet normal -0.442284 -0.896875 -0
    outer loop
      vertex 2.46927 0.304489 3
      vertex 2 0.535904 0
      vertex 2.46927 0.304489 0
    endloop
  endfacet
  facet normal -0.831474 -0.555564 0
    outer loop
      vertex 0.826584 1.56496 0
      vertex 0.535904 2 3
      vertex 0.535904 2 0
    endloop
  endfacet
  facet normal -0.831474 -0.555564 0
    outer loop
      vertex 0.535904 2 3
      vertex 0.826584 1.56496 0
      vertex 0.826584 1.56496 3
    endloop
  endfacet
  facet normal -0.0654119 -0.997858 0
    outer loop
      vertex 3.47789 0.0342255 0
      vertex 4 0 3
      vertex 3.47789 0.0342255 3
    endloop
  endfacet
  facet normal -0.0654119 -0.997858 -0
    outer loop
      vertex 4 0 3
      vertex 3.47789 0.0342255 0
      vertex 4 0 0
    endloop
  endfacet
  facet normal 0.659722 0.75151 -0
    outer loop
      vertex 178.828 20.8284 0
      vertex 178.435 21.1734 3
      vertex 178.828 20.8284 3
    endloop
  endfacet
  facet normal 0.659722 0.75151 0
    outer loop
      vertex 178.435 21.1734 3
      vertex 178.828 20.8284 0
      vertex 178.435 21.1734 0
    endloop
  endfacet
  facet normal 0.947026 0.321156 0
    outer loop
      vertex 179.864 19.0353 3
      vertex 179.696 19.5307 0
      vertex 179.696 19.5307 3
    endloop
  endfacet
  facet normal 0.947026 0.321156 0
    outer loop
      vertex 179.696 19.5307 0
      vertex 179.864 19.0353 3
      vertex 179.864 19.0353 0
    endloop
  endfacet
  facet normal -0.0653634 0.997862 0
    outer loop
      vertex 4 22 0
      vertex 3.47789 21.9658 3
      vertex 4 22 3
    endloop
  endfacet
  facet normal -0.0653634 0.997862 0
    outer loop
      vertex 3.47789 21.9658 3
      vertex 4 22 0
      vertex 3.47789 21.9658 0
    endloop
  endfacet
  facet normal -0.44226 0.896887 0
    outer loop
      vertex 2.46927 21.6955 0
      vertex 2 21.4641 3
      vertex 2.46927 21.6955 3
    endloop
  endfacet
  facet normal -0.44226 0.896887 0
    outer loop
      vertex 2 21.4641 3
      vertex 2.46927 21.6955 0
      vertex 2 21.4641 0
    endloop
  endfacet
  facet normal 0.980815 0.19494 0
    outer loop
      vertex 179.966 18.5221 3
      vertex 179.864 19.0353 0
      vertex 179.864 19.0353 3
    endloop
  endfacet
  facet normal 0.980815 0.19494 0
    outer loop
      vertex 179.864 19.0353 0
      vertex 179.966 18.5221 3
      vertex 179.966 18.5221 0
    endloop
  endfacet
  facet normal -0.980791 0.195062 0
    outer loop
      vertex 0.0342255 18.5221 0
      vertex 0.136292 19.0353 3
      vertex 0.136292 19.0353 0
    endloop
  endfacet
  facet normal -0.980791 0.195062 0
    outer loop
      vertex 0.136292 19.0353 3
      vertex 0.0342255 18.5221 0
      vertex 0.0342255 18.5221 3
    endloop
  endfacet
  facet normal -0.195135 0.980776 0
    outer loop
      vertex 3.47789 21.9658 0
      vertex 2.96472 21.8637 3
      vertex 3.47789 21.9658 3
    endloop
  endfacet
  facet normal -0.195135 0.980776 0
    outer loop
      vertex 2.96472 21.8637 3
      vertex 3.47789 21.9658 0
      vertex 2.96472 21.8637 0
    endloop
  endfacet
  facet normal -0.997858 0.0654131 0
    outer loop
      vertex 0 18 0
      vertex 0.0342255 18.5221 3
      vertex 0.0342255 18.5221 0
    endloop
  endfacet
  facet normal -0.997858 0.0654131 0
    outer loop
      vertex 0.0342255 18.5221 3
      vertex 0 18 0
      vertex 0 18 3
    endloop
  endfacet
  facet normal -0.321464 -0.946922 0
    outer loop
      vertex 2.46927 0.304489 0
      vertex 2.96472 0.136292 3
      vertex 2.46927 0.304489 3
    endloop
  endfacet
  facet normal -0.321464 -0.946922 -0
    outer loop
      vertex 2.96472 0.136292 3
      vertex 2.46927 0.304489 0
      vertex 2.96472 0.136292 0
    endloop
  endfacet
  facet normal -0.751855 0.659328 0
    outer loop
      vertex 0.826584 20.435 0
      vertex 1.17157 20.8284 3
      vertex 1.17157 20.8284 0
    endloop
  endfacet
  facet normal -0.751855 0.659328 0
    outer loop
      vertex 1.17157 20.8284 3
      vertex 0.826584 20.435 0
      vertex 0.826584 20.435 3
    endloop
  endfacet
  facet normal -0.659353 0.751834 0
    outer loop
      vertex 1.56496 21.1734 0
      vertex 1.17157 20.8284 3
      vertex 1.56496 21.1734 3
    endloop
  endfacet
  facet normal -0.659353 0.751834 0
    outer loop
      vertex 1.17157 20.8284 3
      vertex 1.56496 21.1734 0
      vertex 1.17157 20.8284 0
    endloop
  endfacet
  facet normal -0.980789 -0.195073 0
    outer loop
      vertex 0.136292 2.96472 0
      vertex 0.0342255 3.47789 3
      vertex 0.0342255 3.47789 0
    endloop
  endfacet
  facet normal -0.980789 -0.195073 0
    outer loop
      vertex 0.0342255 3.47789 3
      vertex 0.136292 2.96472 0
      vertex 0.136292 2.96472 3
    endloop
  endfacet
  facet normal -0.946922 -0.321464 0
    outer loop
      vertex 0.304489 2.46927 0
      vertex 0.136292 2.96472 3
      vertex 0.136292 2.96472 0
    endloop
  endfacet
  facet normal -0.946922 -0.321464 0
    outer loop
      vertex 0.136292 2.96472 3
      vertex 0.304489 2.46927 0
      vertex 0.304489 2.46927 3
    endloop
  endfacet
  facet normal -0.321469 0.94692 0
    outer loop
      vertex 2.96472 21.8637 0
      vertex 2.46927 21.6955 3
      vertex 2.96472 21.8637 3
    endloop
  endfacet
  facet normal -0.321469 0.94692 0
    outer loop
      vertex 2.46927 21.6955 3
      vertex 2.96472 21.8637 0
      vertex 2.46927 21.6955 0
    endloop
  endfacet
  facet normal -0.997858 -0.0654119 0
    outer loop
      vertex 0.0342255 3.47789 0
      vertex 0 4 3
      vertex 0 4 0
    endloop
  endfacet
  facet normal -0.997858 -0.0654119 0
    outer loop
      vertex 0 4 3
      vertex 0.0342255 3.47789 0
      vertex 0.0342255 3.47789 3
    endloop
  endfacet
  facet normal 0.997886 -0.0649827 0
    outer loop
      vertex 179.966 3.47789 3
      vertex 180 4 0
      vertex 180 4 3
    endloop
  endfacet
  facet normal 0.997886 -0.0649827 0
    outer loop
      vertex 180 4 0
      vertex 179.966 3.47789 3
      vertex 179.966 3.47789 0
    endloop
  endfacet
  facet normal 0.751842 0.659343 0
    outer loop
      vertex 179.173 20.435 3
      vertex 178.828 20.8284 0
      vertex 178.828 20.8284 3
    endloop
  endfacet
  facet normal 0.751842 0.659343 0
    outer loop
      vertex 178.828 20.8284 0
      vertex 179.173 20.435 3
      vertex 179.173 20.435 0
    endloop
  endfacet
  facet normal 0.442465 0.896786 -0
    outer loop
      vertex 178 21.4641 0
      vertex 177.531 21.6955 3
      vertex 178 21.4641 3
    endloop
  endfacet
  facet normal 0.442465 0.896786 0
    outer loop
      vertex 177.531 21.6955 3
      vertex 178 21.4641 0
      vertex 177.531 21.6955 0
    endloop
  endfacet
  facet normal -0.751847 -0.659337 0
    outer loop
      vertex 1.17157 1.17157 0
      vertex 0.826584 1.56496 3
      vertex 0.826584 1.56496 0
    endloop
  endfacet
  facet normal -0.751847 -0.659337 0
    outer loop
      vertex 0.826584 1.56496 3
      vertex 1.17157 1.17157 0
      vertex 1.17157 1.17157 3
    endloop
  endfacet
  facet normal -0.195073 -0.980789 0
    outer loop
      vertex 2.96472 0.136292 0
      vertex 3.47789 0.0342255 3
      vertex 2.96472 0.136292 3
    endloop
  endfacet
  facet normal -0.195073 -0.980789 -0
    outer loop
      vertex 3.47789 0.0342255 3
      vertex 2.96472 0.136292 0
      vertex 3.47789 0.0342255 0
    endloop
  endfacet
  facet normal 0.659707 -0.751523 0
    outer loop
      vertex 178.435 0.826584 0
      vertex 178.828 1.17157 3
      vertex 178.435 0.826584 3
    endloop
  endfacet
  facet normal 0.659707 -0.751523 0
    outer loop
      vertex 178.828 1.17157 3
      vertex 178.435 0.826584 0
      vertex 178.828 1.17157 0
    endloop
  endfacet
  facet normal -0.946912 0.321493 0
    outer loop
      vertex 0.136292 19.0353 0
      vertex 0.304489 19.5307 3
      vertex 0.304489 19.5307 0
    endloop
  endfacet
  facet normal -0.946912 0.321493 0
    outer loop
      vertex 0.304489 19.5307 3
      vertex 0.136292 19.0353 0
      vertex 0.136292 19.0353 3
    endloop
  endfacet
  facet normal 0.896443 0.443159 0
    outer loop
      vertex 179.696 19.5307 3
      vertex 179.464 20 0
      vertex 179.464 20 3
    endloop
  endfacet
  facet normal 0.896443 0.443159 0
    outer loop
      vertex 179.464 20 0
      vertex 179.696 19.5307 3
      vertex 179.696 19.5307 0
    endloop
  endfacet
  facet normal -0.83145 0.5556 0
    outer loop
      vertex 0.535904 20 0
      vertex 0.826584 20.435 3
      vertex 0.826584 20.435 0
    endloop
  endfacet
  facet normal -0.83145 0.5556 0
    outer loop
      vertex 0.826584 20.435 3
      vertex 0.535904 20 0
      vertex 0.535904 20 3
    endloop
  endfacet
  facet normal -0.659337 -0.751847 0
    outer loop
      vertex 1.17157 1.17157 0
      vertex 1.56496 0.826584 3
      vertex 1.17157 1.17157 3
    endloop
  endfacet
  facet normal -0.659337 -0.751847 -0
    outer loop
      vertex 1.56496 0.826584 3
      vertex 1.17157 1.17157 0
      vertex 1.56496 0.826584 0
    endloop
  endfacet
  facet normal 0.32115 0.947028 -0
    outer loop
      vertex 177.531 21.6955 0
      vertex 177.035 21.8637 3
      vertex 177.531 21.6955 3
    endloop
  endfacet
  facet normal 0.32115 0.947028 0
    outer loop
      vertex 177.035 21.8637 3
      vertex 177.531 21.6955 0
      vertex 177.035 21.8637 0
    endloop
  endfacet
  facet normal -0.896886 0.442261 0
    outer loop
      vertex 0.304489 19.5307 0
      vertex 0.535904 20 3
      vertex 0.535904 20 0
    endloop
  endfacet
  facet normal -0.896886 0.442261 0
    outer loop
      vertex 0.535904 20 3
      vertex 0.304489 19.5307 0
      vertex 0.304489 19.5307 3
    endloop
  endfacet
  facet normal 0.997886 0.064984 0
    outer loop
      vertex 180 18 3
      vertex 179.966 18.5221 0
      vertex 179.966 18.5221 3
    endloop
  endfacet
  facet normal 0.997886 0.064984 0
    outer loop
      vertex 179.966 18.5221 0
      vertex 180 18 3
      vertex 180 18 0
    endloop
  endfacet
  facet normal 0.751834 -0.659353 0
    outer loop
      vertex 178.828 1.17157 3
      vertex 179.173 1.56496 0
      vertex 179.173 1.56496 3
    endloop
  endfacet
  facet normal 0.751834 -0.659353 0
    outer loop
      vertex 179.173 1.56496 0
      vertex 178.828 1.17157 3
      vertex 178.828 1.17157 0
    endloop
  endfacet
  facet normal 0.896432 -0.443182 0
    outer loop
      vertex 179.464 2 3
      vertex 179.696 2.46927 0
      vertex 179.696 2.46927 3
    endloop
  endfacet
  facet normal 0.896432 -0.443182 0
    outer loop
      vertex 179.696 2.46927 0
      vertex 179.464 2 3
      vertex 179.464 2 0
    endloop
  endfacet
  facet normal 0.831191 -0.555987 0
    outer loop
      vertex 179.173 1.56496 3
      vertex 179.464 2 0
      vertex 179.464 2 3
    endloop
  endfacet
  facet normal 0.831191 -0.555987 0
    outer loop
      vertex 179.464 2 0
      vertex 179.173 1.56496 3
      vertex 179.173 1.56496 0
    endloop
  endfacet
  facet normal 0.947036 -0.321126 0
    outer loop
      vertex 179.696 2.46927 3
      vertex 179.864 2.96472 0
      vertex 179.864 2.96472 3
    endloop
  endfacet
  facet normal 0.947036 -0.321126 0
    outer loop
      vertex 179.864 2.96472 0
      vertex 179.696 2.46927 3
      vertex 179.696 2.46927 0
    endloop
  endfacet
  facet normal 0.831167 0.556022 0
    outer loop
      vertex 179.464 20 3
      vertex 179.173 20.435 0
      vertex 179.173 20.435 3
    endloop
  endfacet
  facet normal 0.831167 0.556022 0
    outer loop
      vertex 179.173 20.435 0
      vertex 179.464 20 3
      vertex 179.464 20 0
    endloop
  endfacet
  facet normal 0.442488 -0.896774 0
    outer loop
      vertex 177.531 0.304489 0
      vertex 178 0.535904 3
      vertex 177.531 0.304489 3
    endloop
  endfacet
  facet normal 0.442488 -0.896774 0
    outer loop
      vertex 178 0.535904 3
      vertex 177.531 0.304489 0
      vertex 178 0.535904 0
    endloop
  endfacet
  facet normal 0.980813 -0.194951 0
    outer loop
      vertex 179.864 2.96472 3
      vertex 179.966 3.47789 0
      vertex 179.966 3.47789 3
    endloop
  endfacet
  facet normal 0.980813 -0.194951 0
    outer loop
      vertex 179.966 3.47789 0
      vertex 179.864 2.96472 3
      vertex 179.864 2.96472 0
    endloop
  endfacet
  facet normal 0.5556 -0.83145 0
    outer loop
      vertex 178 0.535904 0
      vertex 178.435 0.826584 3
      vertex 178 0.535904 3
    endloop
  endfacet
  facet normal 0.5556 -0.83145 0
    outer loop
      vertex 178.435 0.826584 3
      vertex 178 0.535904 0
      vertex 178.435 0.826584 0
    endloop
  endfacet
  facet normal 0.74076 -0.64979 0.170434
    outer loop
      vertex 38.3173 4.59649 18
      vertex 38.2828 4.55716 18
      vertex 40.3801 3.01371 3
    endloop
  endfacet
  facet normal 0.192233 -0.966436 0.170432
    outer loop
      vertex 38.7765 1.94222 3
      vertex 38.0522 4.44342 18
      vertex 38.3916 1.86566 3
    endloop
  endfacet
  facet normal -0.192233 -0.966436 0.170432
    outer loop
      vertex 37.9478 4.44342 18
      vertex 37.2235 1.94222 3
      vertex 37.6084 1.86566 3
    endloop
  endfacet
  facet normal 0.983286 0.0640332 0.170436
    outer loop
      vertex 41 4.84 3
      vertex 38.3966 4.89221 18
      vertex 38.4 4.84 18
    endloop
  endfacet
  facet normal 0.983255 0.0645325 0.170429
    outer loop
      vertex 40.9743 5.23158 3
      vertex 38.3966 4.89221 18
      vertex 41 4.84 3
    endloop
  endfacet
  facet normal -0.649745 0.7408 0.170432
    outer loop
      vertex 36.1737 7.22006 3
      vertex 35.8787 6.96132 3
      vertex 37.7565 5.15734 18
    endloop
  endfacet
  facet normal -0.819327 -0.547407 0.170436
    outer loop
      vertex 37.6827 4.59649 18
      vertex 35.4019 3.34 3
      vertex 35.6199 3.01371 3
    endloop
  endfacet
  facet normal -0.883325 -0.436675 0.170444
    outer loop
      vertex 37.6304 4.68693 18
      vertex 35.4019 3.34 3
      vertex 37.6536 4.64 18
    endloop
  endfacet
  facet normal 0.649745 0.7408 0.170432
    outer loop
      vertex 39.8263 7.22006 3
      vertex 38.2435 5.15734 18
      vertex 40.1213 6.96132 3
    endloop
  endfacet
  facet normal 0.0644292 -0.983261 0.170432
    outer loop
      vertex 38.0522 4.44342 18
      vertex 38 1.84 3
      vertex 38.3916 1.86566 3
    endloop
  endfacet
  facet normal -0.983286 -0.0640332 0.170436
    outer loop
      vertex 37.6 4.84 18
      vertex 35 4.84 3
      vertex 37.6034 4.78779 18
    endloop
  endfacet
  facet normal -0.933171 0.316457 0.170435
    outer loop
      vertex 37.6304 4.99307 18
      vertex 35.1022 5.61646 3
      vertex 37.6136 4.94353 18
    endloop
  endfacet
  facet normal 0.31681 0.933051 0.170431
    outer loop
      vertex 38.7765 7.73778 3
      vertex 38.1531 5.20955 18
      vertex 39.148 7.61164 3
    endloop
  endfacet
  facet normal 0.740758 -0.649792 0.170434
    outer loop
      vertex 40.3801 3.01371 3
      vertex 38.2828 4.55716 18
      vertex 40.1213 2.71868 3
    endloop
  endfacet
  facet normal -0.435992 -0.883665 0.170434
    outer loop
      vertex 37.8 4.49359 18
      vertex 36.5 2.24192 3
      vertex 37.8469 4.47045 18
    endloop
  endfacet
  facet normal -0.966464 -0.192097 0.17043
    outer loop
      vertex 37.6034 4.78779 18
      vertex 35.0257 4.44842 3
      vertex 35.1022 4.06354 3
    endloop
  endfacet
  facet normal -0.966466 -0.192088 0.17043
    outer loop
      vertex 37.6034 4.78779 18
      vertex 35.1022 4.06354 3
      vertex 37.6136 4.73647 18
    endloop
  endfacet
  facet normal 0.819066 -0.547801 0.170429
    outer loop
      vertex 38.3464 4.64 18
      vertex 38.3173 4.59649 18
      vertex 40.5981 3.34 3
    endloop
  endfacet
  facet normal -0.54743 -0.819312 0.170432
    outer loop
      vertex 37.7565 4.52266 18
      vertex 36.1737 2.45994 3
      vertex 36.5 2.24192 3
    endloop
  endfacet
  facet normal 0.819006 0.547886 0.170442
    outer loop
      vertex 40.3801 6.66628 3
      vertex 38.3173 5.0835 18
      vertex 38.3464 5.04 18
    endloop
  endfacet
  facet normal 0.192209 0.966441 0.170432
    outer loop
      vertex 38.3916 7.81433 3
      vertex 38.1035 5.22637 18
      vertex 38.7765 7.73778 3
    endloop
  endfacet
  facet normal -0.650071 -0.740515 0.170427
    outer loop
      vertex 37.7172 4.55716 18
      vertex 36.1737 2.45994 3
      vertex 37.7565 4.52266 18
    endloop
  endfacet
  facet normal 0.192341 -0.966415 0.170434
    outer loop
      vertex 38.1035 4.45363 18
      vertex 38.0522 4.44342 18
      vertex 38.7765 1.94222 3
    endloop
  endfacet
  facet normal 0.883325 -0.436675 0.170444
    outer loop
      vertex 38.3696 4.68693 18
      vertex 38.3464 4.64 18
      vertex 40.5981 3.34 3
    endloop
  endfacet
  facet normal 0.649744 -0.7408 0.170433
    outer loop
      vertex 40.1213 2.71868 3
      vertex 38.2828 4.55716 18
      vertex 39.8263 2.45994 3
    endloop
  endfacet
  facet normal 0.650069 0.740514 0.170438
    outer loop
      vertex 40.1213 6.96132 3
      vertex 38.2435 5.15734 18
      vertex 38.2828 5.12284 18
    endloop
  endfacet
  facet normal -0.883813 0.435691 0.170432
    outer loop
      vertex 35.4019 6.34 3
      vertex 35.2284 5.98805 3
      vertex 37.6536 5.04 18
    endloop
  endfacet
  facet normal -0.192341 -0.966415 0.170434
    outer loop
      vertex 37.8965 4.45363 18
      vertex 37.2235 1.94222 3
      vertex 37.9478 4.44342 18
    endloop
  endfacet
  facet normal 0.81932 0.547419 0.170434
    outer loop
      vertex 40.3801 6.66628 3
      vertex 38.3464 5.04 18
      vertex 40.5981 6.34 3
    endloop
  endfacet
  facet normal 0.966464 -0.192097 0.17043
    outer loop
      vertex 40.9743 4.44842 3
      vertex 38.3966 4.78779 18
      vertex 40.8978 4.06354 3
    endloop
  endfacet
  facet normal 0.966464 0.192097 0.17043
    outer loop
      vertex 40.8978 5.61646 3
      vertex 38.3966 4.89221 18
      vertex 40.9743 5.23158 3
    endloop
  endfacet
  facet normal 0.966466 0.192088 0.17043
    outer loop
      vertex 40.8978 5.61646 3
      vertex 38.3864 4.94353 18
      vertex 38.3966 4.89221 18
    endloop
  endfacet
  facet normal -0.933171 -0.316457 0.170435
    outer loop
      vertex 37.6136 4.73647 18
      vertex 35.1022 4.06354 3
      vertex 37.6304 4.68693 18
    endloop
  endfacet
  facet normal -0.74076 -0.64979 0.170434
    outer loop
      vertex 37.6827 4.59649 18
      vertex 35.6199 3.01371 3
      vertex 37.7172 4.55716 18
    endloop
  endfacet
  facet normal 0.883814 -0.435692 0.170428
    outer loop
      vertex 40.7716 3.69195 3
      vertex 38.3696 4.68693 18
      vertex 40.5981 3.34 3
    endloop
  endfacet
  facet normal 0.933029 -0.316877 0.170428
    outer loop
      vertex 40.8978 4.06354 3
      vertex 38.3696 4.68693 18
      vertex 40.7716 3.69195 3
    endloop
  endfacet
  facet normal -0.81932 0.547419 0.170434
    outer loop
      vertex 35.6199 6.66628 3
      vertex 35.4019 6.34 3
      vertex 37.6536 5.04 18
    endloop
  endfacet
  facet normal 0.54743 0.819312 0.170432
    outer loop
      vertex 39.5 7.43808 3
      vertex 38.2435 5.15734 18
      vertex 39.8263 7.22006 3
    endloop
  endfacet
  facet normal -0.31681 -0.933051 0.170431
    outer loop
      vertex 37.8469 4.47045 18
      vertex 36.852 2.06836 3
      vertex 37.2235 1.94222 3
    endloop
  endfacet
  facet normal -0.933029 -0.316877 0.170428
    outer loop
      vertex 37.6304 4.68693 18
      vertex 35.1022 4.06354 3
      vertex 35.2284 3.69195 3
    endloop
  endfacet
  facet normal -0.0644206 -0.983261 0.170432
    outer loop
      vertex 38 4.44 18
      vertex 37.9478 4.44342 18
      vertex 38 1.84 3
    endloop
  endfacet
  facet normal 0.435992 0.883665 0.170434
    outer loop
      vertex 39.5 7.43808 3
      vertex 38.1531 5.20955 18
      vertex 38.2 5.18641 18
    endloop
  endfacet
  facet normal 0.740842 0.649696 0.170436
    outer loop
      vertex 40.3801 6.66628 3
      vertex 38.2828 5.12284 18
      vertex 38.3173 5.0835 18
    endloop
  endfacet
  facet normal 0.883813 0.435691 0.170432
    outer loop
      vertex 40.5981 6.34 3
      vertex 38.3464 5.04 18
      vertex 40.7716 5.98805 3
    endloop
  endfacet
  facet normal -0.883814 -0.435692 0.170428
    outer loop
      vertex 37.6304 4.68693 18
      vertex 35.2284 3.69195 3
      vertex 35.4019 3.34 3
    endloop
  endfacet
  facet normal -0.0644292 -0.983261 0.170432
    outer loop
      vertex 37.9478 4.44342 18
      vertex 37.6084 1.86566 3
      vertex 38 1.84 3
    endloop
  endfacet
  facet normal -0.983255 -0.0645325 0.170429
    outer loop
      vertex 37.6034 4.78779 18
      vertex 35 4.84 3
      vertex 35.0257 4.44842 3
    endloop
  endfacet
  facet normal 0.933171 -0.316457 0.170435
    outer loop
      vertex 38.3864 4.73647 18
      vertex 38.3696 4.68693 18
      vertex 40.8978 4.06354 3
    endloop
  endfacet
  facet normal -0.316451 0.933172 0.170437
    outer loop
      vertex 37.8965 5.22637 18
      vertex 37.2235 7.73778 3
      vertex 37.8469 5.20955 18
    endloop
  endfacet
  facet normal -0.31681 0.933051 0.170431
    outer loop
      vertex 37.2235 7.73778 3
      vertex 36.852 7.61164 3
      vertex 37.8469 5.20955 18
    endloop
  endfacet
  facet normal 0.31681 -0.933051 0.170431
    outer loop
      vertex 39.148 2.06836 3
      vertex 38.1531 4.47045 18
      vertex 38.7765 1.94222 3
    endloop
  endfacet
  facet normal 0.88333 0.436677 0.170416
    outer loop
      vertex 40.7716 5.98805 3
      vertex 38.3464 5.04 18
      vertex 38.3696 4.99307 18
    endloop
  endfacet
  facet normal -0.192341 0.966415 0.17043
    outer loop
      vertex 37.9478 5.23658 18
      vertex 37.6084 7.81433 3
      vertex 37.8965 5.22637 18
    endloop
  endfacet
  facet normal -0.740769 0.64978 0.170434
    outer loop
      vertex 35.8787 6.96132 3
      vertex 35.6199 6.66628 3
      vertex 37.7172 5.12284 18
    endloop
  endfacet
  facet normal -0.819066 -0.547801 0.170429
    outer loop
      vertex 37.6536 4.64 18
      vertex 35.4019 3.34 3
      vertex 37.6827 4.59649 18
    endloop
  endfacet
  facet normal -0.435763 0.883778 0.17043
    outer loop
      vertex 36.852 7.61164 3
      vertex 36.5 7.43808 3
      vertex 37.8469 5.20955 18
    endloop
  endfacet
  facet normal 0.933171 0.316457 0.170435
    outer loop
      vertex 40.8978 5.61646 3
      vertex 38.3696 4.99307 18
      vertex 38.3864 4.94353 18
    endloop
  endfacet
  facet normal -0.0644206 0.983262 0.170431
    outer loop
      vertex 38 5.24 18
      vertex 37.6084 7.81433 3
      vertex 37.9478 5.23658 18
    endloop
  endfacet
  facet normal -0.740842 0.649696 0.170436
    outer loop
      vertex 37.7172 5.12284 18
      vertex 35.6199 6.66628 3
      vertex 37.6827 5.0835 18
    endloop
  endfacet
  facet normal -0.316451 -0.933172 0.170437
    outer loop
      vertex 37.8469 4.47045 18
      vertex 37.2235 1.94222 3
      vertex 37.8965 4.45363 18
    endloop
  endfacet
  facet normal 0.435992 -0.883665 0.170434
    outer loop
      vertex 38.2 4.49359 18
      vertex 38.1531 4.47045 18
      vertex 39.5 2.24192 3
    endloop
  endfacet
  facet normal 0.316451 0.933172 0.170437
    outer loop
      vertex 38.7765 7.73778 3
      vertex 38.1035 5.22637 18
      vertex 38.1531 5.20955 18
    endloop
  endfacet
  facet normal 0.819327 -0.547407 0.170436
    outer loop
      vertex 40.5981 3.34 3
      vertex 38.3173 4.59649 18
      vertex 40.3801 3.01371 3
    endloop
  endfacet
  facet normal 0.983255 -0.0645325 0.170429
    outer loop
      vertex 41 4.84 3
      vertex 38.3966 4.78779 18
      vertex 40.9743 4.44842 3
    endloop
  endfacet
  facet normal 0.983286 -0.0640332 0.170436
    outer loop
      vertex 38.4 4.84 18
      vertex 38.3966 4.78779 18
      vertex 41 4.84 3
    endloop
  endfacet
  facet normal 0.547497 0.819268 0.170431
    outer loop
      vertex 39.5 7.43808 3
      vertex 38.2 5.18641 18
      vertex 38.2435 5.15734 18
    endloop
  endfacet
  facet normal -0.547497 0.819268 0.170431
    outer loop
      vertex 37.8 5.18641 18
      vertex 36.5 7.43808 3
      vertex 37.7565 5.15734 18
    endloop
  endfacet
  facet normal -0.435763 -0.883778 0.17043
    outer loop
      vertex 37.8469 4.47045 18
      vertex 36.5 2.24192 3
      vertex 36.852 2.06836 3
    endloop
  endfacet
  facet normal -0.547497 -0.819268 0.170431
    outer loop
      vertex 37.7565 4.52266 18
      vertex 36.5 2.24192 3
      vertex 37.8 4.49359 18
    endloop
  endfacet
  facet normal 0.933029 0.316877 0.170428
    outer loop
      vertex 40.7716 5.98805 3
      vertex 38.3696 4.99307 18
      vertex 40.8978 5.61646 3
    endloop
  endfacet
  facet normal -0.650069 0.740514 0.170438
    outer loop
      vertex 37.7565 5.15734 18
      vertex 35.8787 6.96132 3
      vertex 37.7172 5.12284 18
    endloop
  endfacet
  facet normal 0.547497 -0.819268 0.170431
    outer loop
      vertex 38.2435 4.52266 18
      vertex 38.2 4.49359 18
      vertex 39.5 2.24192 3
    endloop
  endfacet
  facet normal -0.819006 0.547886 0.170442
    outer loop
      vertex 37.6827 5.0835 18
      vertex 35.6199 6.66628 3
      vertex 37.6536 5.04 18
    endloop
  endfacet
  facet normal 0.435763 -0.883778 0.17043
    outer loop
      vertex 39.5 2.24192 3
      vertex 38.1531 4.47045 18
      vertex 39.148 2.06836 3
    endloop
  endfacet
  facet normal 0.0644206 -0.983261 0.170432
    outer loop
      vertex 38 4.44 18
      vertex 38 1.84 3
      vertex 38.0522 4.44342 18
    endloop
  endfacet
  facet normal 0.0644206 0.983262 0.170431
    outer loop
      vertex 38.3916 7.81433 3
      vertex 38 5.24 18
      vertex 38.0522 5.23658 18
    endloop
  endfacet
  facet normal -0.54743 0.819312 0.170432
    outer loop
      vertex 36.5 7.43808 3
      vertex 36.1737 7.22006 3
      vertex 37.7565 5.15734 18
    endloop
  endfacet
  facet normal -0.192209 0.966441 0.170432
    outer loop
      vertex 37.6084 7.81433 3
      vertex 37.2235 7.73778 3
      vertex 37.8965 5.22637 18
    endloop
  endfacet
  facet normal 0.316451 -0.933172 0.170437
    outer loop
      vertex 38.1531 4.47045 18
      vertex 38.1035 4.45363 18
      vertex 38.7765 1.94222 3
    endloop
  endfacet
  facet normal -0.740758 -0.649792 0.170434
    outer loop
      vertex 37.7172 4.55716 18
      vertex 35.6199 3.01371 3
      vertex 35.8787 2.71868 3
    endloop
  endfacet
  facet normal -0.649744 -0.7408 0.170433
    outer loop
      vertex 37.7172 4.55716 18
      vertex 35.8787 2.71868 3
      vertex 36.1737 2.45994 3
    endloop
  endfacet
  facet normal -0.933029 0.316877 0.170428
    outer loop
      vertex 35.2284 5.98805 3
      vertex 35.1022 5.61646 3
      vertex 37.6304 4.99307 18
    endloop
  endfacet
  facet normal 0.0644542 0.983259 0.170432
    outer loop
      vertex 38 7.84 3
      vertex 38 5.24 18
      vertex 38.3916 7.81433 3
    endloop
  endfacet
  facet normal 0 0 1
    outer loop
      vertex 38.3966 4.89221 18
      vertex 38.3966 4.78779 18
      vertex 38.4 4.84 18
    endloop
  endfacet
  facet normal 0 0 1
    outer loop
      vertex 38.3864 4.94353 18
      vertex 38.3966 4.78779 18
      vertex 38.3966 4.89221 18
    endloop
  endfacet
  facet normal 0 0 1
    outer loop
      vertex 38.3864 4.94353 18
      vertex 38.3864 4.73647 18
      vertex 38.3966 4.78779 18
    endloop
  endfacet
  facet normal 0 0 1
    outer loop
      vertex 38.3696 4.99307 18
      vertex 38.3864 4.73647 18
      vertex 38.3864 4.94353 18
    endloop
  endfacet
  facet normal 0 0 1
    outer loop
      vertex 38.3696 4.99307 18
      vertex 38.3696 4.68693 18
      vertex 38.3864 4.73647 18
    endloop
  endfacet
  facet normal 0 0 1
    outer loop
      vertex 38.3464 5.04 18
      vertex 38.3696 4.68693 18
      vertex 38.3696 4.99307 18
    endloop
  endfacet
  facet normal 0 0 1
    outer loop
      vertex 38.3464 5.04 18
      vertex 38.3464 4.64 18
      vertex 38.3696 4.68693 18
    endloop
  endfacet
  facet normal 0 0 1
    outer loop
      vertex 38.3173 5.0835 18
      vertex 38.3464 4.64 18
      vertex 38.3464 5.04 18
    endloop
  endfacet
  facet normal 0 0 1
    outer loop
      vertex 38.3173 5.0835 18
      vertex 38.3173 4.59649 18
      vertex 38.3464 4.64 18
    endloop
  endfacet
  facet normal 0 0 1
    outer loop
      vertex 38.2828 5.12284 18
      vertex 38.3173 4.59649 18
      vertex 38.3173 5.0835 18
    endloop
  endfacet
  facet normal 0 0 1
    outer loop
      vertex 38.2828 5.12284 18
      vertex 38.2828 4.55716 18
      vertex 38.3173 4.59649 18
    endloop
  endfacet
  facet normal 0 0 1
    outer loop
      vertex 38.2435 5.15734 18
      vertex 38.2828 4.55716 18
      vertex 38.2828 5.12284 18
    endloop
  endfacet
  facet normal 0 0 1
    outer loop
      vertex 38.2435 5.15734 18
      vertex 38.2435 4.52266 18
      vertex 38.2828 4.55716 18
    endloop
  endfacet
  facet normal 0 0 1
    outer loop
      vertex 38.2 5.18641 18
      vertex 38.2435 4.52266 18
      vertex 38.2435 5.15734 18
    endloop
  endfacet
  facet normal 0 0 1
    outer loop
      vertex 38.2 5.18641 18
      vertex 38.2 4.49359 18
      vertex 38.2435 4.52266 18
    endloop
  endfacet
  facet normal 0 0 1
    outer loop
      vertex 38.1531 5.20955 18
      vertex 38.2 4.49359 18
      vertex 38.2 5.18641 18
    endloop
  endfacet
  facet normal 0 0 1
    outer loop
      vertex 38.1531 5.20955 18
      vertex 38.1531 4.47045 18
      vertex 38.2 4.49359 18
    endloop
  endfacet
  facet normal 0 0 1
    outer loop
      vertex 38.1035 5.22637 18
      vertex 38.1531 4.47045 18
      vertex 38.1531 5.20955 18
    endloop
  endfacet
  facet normal 0 0 1
    outer loop
      vertex 38.1035 5.22637 18
      vertex 38.1035 4.45363 18
      vertex 38.1531 4.47045 18
    endloop
  endfacet
  facet normal 0 0 1
    outer loop
      vertex 38.0522 5.23658 18
      vertex 38.1035 4.45363 18
      vertex 38.1035 5.22637 18
    endloop
  endfacet
  facet normal 0 0 1
    outer loop
      vertex 38.0522 5.23658 18
      vertex 38.0522 4.44342 18
      vertex 38.1035 4.45363 18
    endloop
  endfacet
  facet normal 0 0 1
    outer loop
      vertex 38 5.24 18
      vertex 38.0522 4.44342 18
      vertex 38.0522 5.23658 18
    endloop
  endfacet
  facet normal 0 0 1
    outer loop
      vertex 38 5.24 18
      vertex 38 4.44 18
      vertex 38.0522 4.44342 18
    endloop
  endfacet
  facet normal -0 0 1
    outer loop
      vertex 37.9478 5.23658 18
      vertex 38 4.44 18
      vertex 38 5.24 18
    endloop
  endfacet
  facet normal 0 0 1
    outer loop
      vertex 37.9478 5.23658 18
      vertex 37.9478 4.44342 18
      vertex 38 4.44 18
    endloop
  endfacet
  facet normal -0 0 1
    outer loop
      vertex 37.8965 5.22637 18
      vertex 37.9478 4.44342 18
      vertex 37.9478 5.23658 18
    endloop
  endfacet
  facet normal 0 0 1
    outer loop
      vertex 37.8965 5.22637 18
      vertex 37.8965 4.45363 18
      vertex 37.9478 4.44342 18
    endloop
  endfacet
  facet normal -0 0 1
    outer loop
      vertex 37.8469 5.20955 18
      vertex 37.8965 4.45363 18
      vertex 37.8965 5.22637 18
    endloop
  endfacet
  facet normal 0 0 1
    outer loop
      vertex 37.8469 5.20955 18
      vertex 37.8469 4.47045 18
      vertex 37.8965 4.45363 18
    endloop
  endfacet
  facet normal -0 0 1
    outer loop
      vertex 37.8 5.18641 18
      vertex 37.8469 4.47045 18
      vertex 37.8469 5.20955 18
    endloop
  endfacet
  facet normal 0 0 1
    outer loop
      vertex 37.8 5.18641 18
      vertex 37.8 4.49359 18
      vertex 37.8469 4.47045 18
    endloop
  endfacet
  facet normal -0 0 1
    outer loop
      vertex 37.7565 5.15734 18
      vertex 37.8 4.49359 18
      vertex 37.8 5.18641 18
    endloop
  endfacet
  facet normal 0 0 1
    outer loop
      vertex 37.7565 5.15734 18
      vertex 37.7565 4.52266 18
      vertex 37.8 4.49359 18
    endloop
  endfacet
  facet normal -0 0 1
    outer loop
      vertex 37.7172 5.12284 18
      vertex 37.7565 4.52266 18
      vertex 37.7565 5.15734 18
    endloop
  endfacet
  facet normal 0 0 1
    outer loop
      vertex 37.7172 5.12284 18
      vertex 37.7172 4.55716 18
      vertex 37.7565 4.52266 18
    endloop
  endfacet
  facet normal -0 0 1
    outer loop
      vertex 37.6827 5.0835 18
      vertex 37.7172 4.55716 18
      vertex 37.7172 5.12284 18
    endloop
  endfacet
  facet normal 0 0 1
    outer loop
      vertex 37.6827 5.0835 18
      vertex 37.6827 4.59649 18
      vertex 37.7172 4.55716 18
    endloop
  endfacet
  facet normal -0 0 1
    outer loop
      vertex 37.6536 5.04 18
      vertex 37.6827 4.59649 18
      vertex 37.6827 5.0835 18
    endloop
  endfacet
  facet normal 0 0 1
    outer loop
      vertex 37.6536 5.04 18
      vertex 37.6536 4.64 18
      vertex 37.6827 4.59649 18
    endloop
  endfacet
  facet normal -0 0 1
    outer loop
      vertex 37.6304 4.99307 18
      vertex 37.6536 4.64 18
      vertex 37.6536 5.04 18
    endloop
  endfacet
  facet normal 0 0 1
    outer loop
      vertex 37.6304 4.99307 18
      vertex 37.6304 4.68693 18
      vertex 37.6536 4.64 18
    endloop
  endfacet
  facet normal -0 0 1
    outer loop
      vertex 37.6136 4.94353 18
      vertex 37.6304 4.68693 18
      vertex 37.6304 4.99307 18
    endloop
  endfacet
  facet normal 0 0 1
    outer loop
      vertex 37.6136 4.94353 18
      vertex 37.6136 4.73647 18
      vertex 37.6304 4.68693 18
    endloop
  endfacet
  facet normal -0 0 1
    outer loop
      vertex 37.6034 4.89221 18
      vertex 37.6136 4.73647 18
      vertex 37.6136 4.94353 18
    endloop
  endfacet
  facet normal 0 0 1
    outer loop
      vertex 37.6034 4.89221 18
      vertex 37.6034 4.78779 18
      vertex 37.6136 4.73647 18
    endloop
  endfacet
  facet normal 0 -0 1
    outer loop
      vertex 37.6034 4.78779 18
      vertex 37.6034 4.89221 18
      vertex 37.6 4.84 18
    endloop
  endfacet
  facet normal 0.54743 -0.819312 0.170432
    outer loop
      vertex 39.8263 2.45994 3
      vertex 38.2435 4.52266 18
      vertex 39.5 2.24192 3
    endloop
  endfacet
  facet normal 0.966466 -0.192088 0.17043
    outer loop
      vertex 38.3966 4.78779 18
      vertex 38.3864 4.73647 18
      vertex 40.8978 4.06354 3
    endloop
  endfacet
  facet normal 0.740769 0.64978 0.170434
    outer loop
      vertex 40.1213 6.96132 3
      vertex 38.2828 5.12284 18
      vertex 40.3801 6.66628 3
    endloop
  endfacet
  facet normal 0.435763 0.883778 0.17043
    outer loop
      vertex 39.148 7.61164 3
      vertex 38.1531 5.20955 18
      vertex 39.5 7.43808 3
    endloop
  endfacet
  facet normal -0.435992 0.883665 0.170434
    outer loop
      vertex 37.8469 5.20955 18
      vertex 36.5 7.43808 3
      vertex 37.8 5.18641 18
    endloop
  endfacet
  facet normal -0.0644542 0.983259 0.170432
    outer loop
      vertex 38 7.84 3
      vertex 37.6084 7.81433 3
      vertex 38 5.24 18
    endloop
  endfacet
  facet normal -0.966466 0.192088 0.17043
    outer loop
      vertex 37.6136 4.94353 18
      vertex 35.1022 5.61646 3
      vertex 37.6034 4.89221 18
    endloop
  endfacet
  facet normal 0.650071 -0.740515 0.170427
    outer loop
      vertex 38.2828 4.55716 18
      vertex 38.2435 4.52266 18
      vertex 39.8263 2.45994 3
    endloop
  endfacet
  facet normal -0.88333 0.436677 0.170416
    outer loop
      vertex 37.6536 5.04 18
      vertex 35.2284 5.98805 3
      vertex 37.6304 4.99307 18
    endloop
  endfacet
  facet normal 0.192341 0.966415 0.17043
    outer loop
      vertex 38.3916 7.81433 3
      vertex 38.0522 5.23658 18
      vertex 38.1035 5.22637 18
    endloop
  endfacet
  facet normal -0.966464 0.192097 0.17043
    outer loop
      vertex 35.1022 5.61646 3
      vertex 35.0257 5.23158 3
      vertex 37.6034 4.89221 18
    endloop
  endfacet
  facet normal -0.983255 0.0645325 0.170429
    outer loop
      vertex 35.0257 5.23158 3
      vertex 35 4.84 3
      vertex 37.6034 4.89221 18
    endloop
  endfacet
  facet normal -0.983286 0.0640332 0.170436
    outer loop
      vertex 37.6034 4.89221 18
      vertex 35 4.84 3
      vertex 37.6 4.84 18
    endloop
  endfacet
  facet normal 0.74076 -0.64979 0.170434
    outer loop
      vertex 51.3173 4.59649 18
      vertex 51.2828 4.55716 18
      vertex 53.3801 3.01371 3
    endloop
  endfacet
  facet normal 0.192233 -0.966436 0.170432
    outer loop
      vertex 51.7765 1.94222 3
      vertex 51.0522 4.44342 18
      vertex 51.3916 1.86566 3
    endloop
  endfacet
  facet normal -0.192233 -0.966436 0.170432
    outer loop
      vertex 50.9478 4.44342 18
      vertex 50.2235 1.94222 3
      vertex 50.6084 1.86566 3
    endloop
  endfacet
  facet normal 0.983286 0.0640332 0.170436
    outer loop
      vertex 54 4.84 3
      vertex 51.3966 4.89221 18
      vertex 51.4 4.84 18
    endloop
  endfacet
  facet normal 0.983255 0.0645325 0.170429
    outer loop
      vertex 53.9743 5.23158 3
      vertex 51.3966 4.89221 18
      vertex 54 4.84 3
    endloop
  endfacet
  facet normal -0.649745 0.7408 0.170432
    outer loop
      vertex 49.1737 7.22006 3
      vertex 48.8787 6.96132 3
      vertex 50.7565 5.15734 18
    endloop
  endfacet
  facet normal -0.819327 -0.547407 0.170436
    outer loop
      vertex 50.6827 4.59649 18
      vertex 48.4019 3.34 3
      vertex 48.6199 3.01371 3
    endloop
  endfacet
  facet normal -0.883325 -0.436675 0.170444
    outer loop
      vertex 50.6304 4.68693 18
      vertex 48.4019 3.34 3
      vertex 50.6536 4.64 18
    endloop
  endfacet
  facet normal 0.649745 0.7408 0.170432
    outer loop
      vertex 52.8263 7.22006 3
      vertex 51.2435 5.15734 18
      vertex 53.1213 6.96132 3
    endloop
  endfacet
  facet normal 0.0644292 -0.983261 0.170432
    outer loop
      vertex 51.0522 4.44342 18
      vertex 51 1.84 3
      vertex 51.3916 1.86566 3
    endloop
  endfacet
  facet normal -0.983286 -0.0640332 0.170436
    outer loop
      vertex 50.6 4.84 18
      vertex 48 4.84 3
      vertex 50.6034 4.78779 18
    endloop
  endfacet
  facet normal -0.933171 0.316457 0.170435
    outer loop
      vertex 50.6304 4.99307 18
      vertex 48.1022 5.61646 3
      vertex 50.6136 4.94353 18
    endloop
  endfacet
  facet normal 0.31681 0.933051 0.170431
    outer loop
      vertex 51.7765 7.73778 3
      vertex 51.1531 5.20955 18
      vertex 52.148 7.61164 3
    endloop
  endfacet
  facet normal 0.740758 -0.649792 0.170434
    outer loop
      vertex 53.3801 3.01371 3
      vertex 51.2828 4.55716 18
      vertex 53.1213 2.71868 3
    endloop
  endfacet
  facet normal -0.435992 -0.883665 0.170434
    outer loop
      vertex 50.8 4.49359 18
      vertex 49.5 2.24192 3
      vertex 50.8469 4.47045 18
    endloop
  endfacet
  facet normal -0.966464 -0.192097 0.17043
    outer loop
      vertex 50.6034 4.78779 18
      vertex 48.0257 4.44842 3
      vertex 48.1022 4.06354 3
    endloop
  endfacet
  facet normal -0.966466 -0.192088 0.17043
    outer loop
      vertex 50.6034 4.78779 18
      vertex 48.1022 4.06354 3
      vertex 50.6136 4.73647 18
    endloop
  endfacet
  facet normal 0.819066 -0.547801 0.170429
    outer loop
      vertex 51.3464 4.64 18
      vertex 51.3173 4.59649 18
      vertex 53.5981 3.34 3
    endloop
  endfacet
  facet normal -0.54743 -0.819312 0.170432
    outer loop
      vertex 50.7565 4.52266 18
      vertex 49.1737 2.45994 3
      vertex 49.5 2.24192 3
    endloop
  endfacet
  facet normal 0.819006 0.547886 0.170442
    outer loop
      vertex 53.3801 6.66628 3
      vertex 51.3173 5.0835 18
      vertex 51.3464 5.04 18
    endloop
  endfacet
  facet normal 0.192209 0.966441 0.170432
    outer loop
      vertex 51.3916 7.81433 3
      vertex 51.1035 5.22637 18
      vertex 51.7765 7.73778 3
    endloop
  endfacet
  facet normal -0.650071 -0.740515 0.170427
    outer loop
      vertex 50.7172 4.55716 18
      vertex 49.1737 2.45994 3
      vertex 50.7565 4.52266 18
    endloop
  endfacet
  facet normal 0.192341 -0.966415 0.170434
    outer loop
      vertex 51.1035 4.45363 18
      vertex 51.0522 4.44342 18
      vertex 51.7765 1.94222 3
    endloop
  endfacet
  facet normal 0.883325 -0.436675 0.170444
    outer loop
      vertex 51.3696 4.68693 18
      vertex 51.3464 4.64 18
      vertex 53.5981 3.34 3
    endloop
  endfacet
  facet normal 0.649744 -0.7408 0.170433
    outer loop
      vertex 53.1213 2.71868 3
      vertex 51.2828 4.55716 18
      vertex 52.8263 2.45994 3
    endloop
  endfacet
  facet normal 0.650069 0.740514 0.170438
    outer loop
      vertex 53.1213 6.96132 3
      vertex 51.2435 5.15734 18
      vertex 51.2828 5.12284 18
    endloop
  endfacet
  facet normal -0.883813 0.435691 0.170432
    outer loop
      vertex 48.4019 6.34 3
      vertex 48.2284 5.98805 3
      vertex 50.6536 5.04 18
    endloop
  endfacet
  facet normal -0.192341 -0.966415 0.170434
    outer loop
      vertex 50.8965 4.45363 18
      vertex 50.2235 1.94222 3
      vertex 50.9478 4.44342 18
    endloop
  endfacet
  facet normal 0.81932 0.547419 0.170434
    outer loop
      vertex 53.3801 6.66628 3
      vertex 51.3464 5.04 18
      vertex 53.5981 6.34 3
    endloop
  endfacet
  facet normal 0.966464 -0.192097 0.17043
    outer loop
      vertex 53.9743 4.44842 3
      vertex 51.3966 4.78779 18
      vertex 53.8978 4.06354 3
    endloop
  endfacet
  facet normal 0.966464 0.192097 0.17043
    outer loop
      vertex 53.8978 5.61646 3
      vertex 51.3966 4.89221 18
      vertex 53.9743 5.23158 3
    endloop
  endfacet
  facet normal 0.966466 0.192088 0.17043
    outer loop
      vertex 53.8978 5.61646 3
      vertex 51.3864 4.94353 18
      vertex 51.3966 4.89221 18
    endloop
  endfacet
  facet normal -0.933171 -0.316457 0.170435
    outer loop
      vertex 50.6136 4.73647 18
      vertex 48.1022 4.06354 3
      vertex 50.6304 4.68693 18
    endloop
  endfacet
  facet normal -0.74076 -0.64979 0.170434
    outer loop
      vertex 50.6827 4.59649 18
      vertex 48.6199 3.01371 3
      vertex 50.7172 4.55716 18
    endloop
  endfacet
  facet normal 0.883814 -0.435692 0.170428
    outer loop
      vertex 53.7716 3.69195 3
      vertex 51.3696 4.68693 18
      vertex 53.5981 3.34 3
    endloop
  endfacet
  facet normal 0.933029 -0.316877 0.170428
    outer loop
      vertex 53.8978 4.06354 3
      vertex 51.3696 4.68693 18
      vertex 53.7716 3.69195 3
    endloop
  endfacet
  facet normal -0.81932 0.547419 0.170434
    outer loop
      vertex 48.6199 6.66628 3
      vertex 48.4019 6.34 3
      vertex 50.6536 5.04 18
    endloop
  endfacet
  facet normal 0.54743 0.819312 0.170432
    outer loop
      vertex 52.5 7.43808 3
      vertex 51.2435 5.15734 18
      vertex 52.8263 7.22006 3
    endloop
  endfacet
  facet normal -0.31681 -0.933051 0.170431
    outer loop
      vertex 50.8469 4.47045 18
      vertex 49.852 2.06836 3
      vertex 50.2235 1.94222 3
    endloop
  endfacet
  facet normal -0.933029 -0.316877 0.170428
    outer loop
      vertex 50.6304 4.68693 18
      vertex 48.1022 4.06354 3
      vertex 48.2284 3.69195 3
    endloop
  endfacet
  facet normal -0.0644206 -0.983261 0.170432
    outer loop
      vertex 51 4.44 18
      vertex 50.9478 4.44342 18
      vertex 51 1.84 3
    endloop
  endfacet
  facet normal 0.435992 0.883665 0.170434
    outer loop
      vertex 52.5 7.43808 3
      vertex 51.1531 5.20955 18
      vertex 51.2 5.18641 18
    endloop
  endfacet
  facet normal 0.740842 0.649696 0.170436
    outer loop
      vertex 53.3801 6.66628 3
      vertex 51.2828 5.12284 18
      vertex 51.3173 5.0835 18
    endloop
  endfacet
  facet normal 0.883813 0.435691 0.170432
    outer loop
      vertex 53.5981 6.34 3
      vertex 51.3464 5.04 18
      vertex 53.7716 5.98805 3
    endloop
  endfacet
  facet normal -0.883814 -0.435692 0.170428
    outer loop
      vertex 50.6304 4.68693 18
      vertex 48.2284 3.69195 3
      vertex 48.4019 3.34 3
    endloop
  endfacet
  facet normal -0.0644292 -0.983261 0.170432
    outer loop
      vertex 50.9478 4.44342 18
      vertex 50.6084 1.86566 3
      vertex 51 1.84 3
    endloop
  endfacet
  facet normal -0.983255 -0.0645325 0.170429
    outer loop
      vertex 50.6034 4.78779 18
      vertex 48 4.84 3
      vertex 48.0257 4.44842 3
    endloop
  endfacet
  facet normal 0.933171 -0.316457 0.170435
    outer loop
      vertex 51.3864 4.73647 18
      vertex 51.3696 4.68693 18
      vertex 53.8978 4.06354 3
    endloop
  endfacet
  facet normal -0.316451 0.933172 0.170437
    outer loop
      vertex 50.8965 5.22637 18
      vertex 50.2235 7.73778 3
      vertex 50.8469 5.20955 18
    endloop
  endfacet
  facet normal -0.31681 0.933051 0.170431
    outer loop
      vertex 50.2235 7.73778 3
      vertex 49.852 7.61164 3
      vertex 50.8469 5.20955 18
    endloop
  endfacet
  facet normal 0.31681 -0.933051 0.170431
    outer loop
      vertex 52.148 2.06836 3
      vertex 51.1531 4.47045 18
      vertex 51.7765 1.94222 3
    endloop
  endfacet
  facet normal 0.88333 0.436677 0.170416
    outer loop
      vertex 53.7716 5.98805 3
      vertex 51.3464 5.04 18
      vertex 51.3696 4.99307 18
    endloop
  endfacet
  facet normal -0.192341 0.966415 0.17043
    outer loop
      vertex 50.9478 5.23658 18
      vertex 50.6084 7.81433 3
      vertex 50.8965 5.22637 18
    endloop
  endfacet
  facet normal -0.740769 0.64978 0.170434
    outer loop
      vertex 48.8787 6.96132 3
      vertex 48.6199 6.66628 3
      vertex 50.7172 5.12284 18
    endloop
  endfacet
  facet normal -0.819066 -0.547801 0.170429
    outer loop
      vertex 50.6536 4.64 18
      vertex 48.4019 3.34 3
      vertex 50.6827 4.59649 18
    endloop
  endfacet
  facet normal -0.435763 0.883778 0.17043
    outer loop
      vertex 49.852 7.61164 3
      vertex 49.5 7.43808 3
      vertex 50.8469 5.20955 18
    endloop
  endfacet
  facet normal 0.933171 0.316457 0.170435
    outer loop
      vertex 53.8978 5.61646 3
      vertex 51.3696 4.99307 18
      vertex 51.3864 4.94353 18
    endloop
  endfacet
  facet normal -0.0644206 0.983262 0.170431
    outer loop
      vertex 51 5.24 18
      vertex 50.6084 7.81433 3
      vertex 50.9478 5.23658 18
    endloop
  endfacet
  facet normal -0.740842 0.649696 0.170436
    outer loop
      vertex 50.7172 5.12284 18
      vertex 48.6199 6.66628 3
      vertex 50.6827 5.0835 18
    endloop
  endfacet
  facet normal -0.316451 -0.933172 0.170437
    outer loop
      vertex 50.8469 4.47045 18
      vertex 50.2235 1.94222 3
      vertex 50.8965 4.45363 18
    endloop
  endfacet
  facet normal 0.435992 -0.883665 0.170434
    outer loop
      vertex 51.2 4.49359 18
      vertex 51.1531 4.47045 18
      vertex 52.5 2.24192 3
    endloop
  endfacet
  facet normal 0.316451 0.933172 0.170437
    outer loop
      vertex 51.7765 7.73778 3
      vertex 51.1035 5.22637 18
      vertex 51.1531 5.20955 18
    endloop
  endfacet
  facet normal 0.819327 -0.547407 0.170436
    outer loop
      vertex 53.5981 3.34 3
      vertex 51.3173 4.59649 18
      vertex 53.3801 3.01371 3
    endloop
  endfacet
  facet normal 0.983255 -0.0645325 0.170429
    outer loop
      vertex 54 4.84 3
      vertex 51.3966 4.78779 18
      vertex 53.9743 4.44842 3
    endloop
  endfacet
  facet normal 0.983286 -0.0640332 0.170436
    outer loop
      vertex 51.4 4.84 18
      vertex 51.3966 4.78779 18
      vertex 54 4.84 3
    endloop
  endfacet
  facet normal 0.547497 0.819268 0.170431
    outer loop
      vertex 52.5 7.43808 3
      vertex 51.2 5.18641 18
      vertex 51.2435 5.15734 18
    endloop
  endfacet
  facet normal -0.547497 0.819268 0.170431
    outer loop
      vertex 50.8 5.18641 18
      vertex 49.5 7.43808 3
      vertex 50.7565 5.15734 18
    endloop
  endfacet
  facet normal -0.435763 -0.883778 0.17043
    outer loop
      vertex 50.8469 4.47045 18
      vertex 49.5 2.24192 3
      vertex 49.852 2.06836 3
    endloop
  endfacet
  facet normal -0.547497 -0.819268 0.170431
    outer loop
      vertex 50.7565 4.52266 18
      vertex 49.5 2.24192 3
      vertex 50.8 4.49359 18
    endloop
  endfacet
  facet normal 0.933029 0.316877 0.170428
    outer loop
      vertex 53.7716 5.98805 3
      vertex 51.3696 4.99307 18
      vertex 53.8978 5.61646 3
    endloop
  endfacet
  facet normal -0.650069 0.740514 0.170438
    outer loop
      vertex 50.7565 5.15734 18
      vertex 48.8787 6.96132 3
      vertex 50.7172 5.12284 18
    endloop
  endfacet
  facet normal 0.547497 -0.819268 0.170431
    outer loop
      vertex 51.2435 4.52266 18
      vertex 51.2 4.49359 18
      vertex 52.5 2.24192 3
    endloop
  endfacet
  facet normal -0.819006 0.547886 0.170442
    outer loop
      vertex 50.6827 5.0835 18
      vertex 48.6199 6.66628 3
      vertex 50.6536 5.04 18
    endloop
  endfacet
  facet normal 0.435763 -0.883778 0.17043
    outer loop
      vertex 52.5 2.24192 3
      vertex 51.1531 4.47045 18
      vertex 52.148 2.06836 3
    endloop
  endfacet
  facet normal 0.0644206 -0.983261 0.170432
    outer loop
      vertex 51 4.44 18
      vertex 51 1.84 3
      vertex 51.0522 4.44342 18
    endloop
  endfacet
  facet normal 0.0644206 0.983262 0.170431
    outer loop
      vertex 51.3916 7.81433 3
      vertex 51 5.24 18
      vertex 51.0522 5.23658 18
    endloop
  endfacet
  facet normal -0.54743 0.819312 0.170432
    outer loop
      vertex 49.5 7.43808 3
      vertex 49.1737 7.22006 3
      vertex 50.7565 5.15734 18
    endloop
  endfacet
  facet normal -0.192209 0.966441 0.170432
    outer loop
      vertex 50.6084 7.81433 3
      vertex 50.2235 7.73778 3
      vertex 50.8965 5.22637 18
    endloop
  endfacet
  facet normal 0.316451 -0.933172 0.170437
    outer loop
      vertex 51.1531 4.47045 18
      vertex 51.1035 4.45363 18
      vertex 51.7765 1.94222 3
    endloop
  endfacet
  facet normal -0.740758 -0.649792 0.170434
    outer loop
      vertex 50.7172 4.55716 18
      vertex 48.6199 3.01371 3
      vertex 48.8787 2.71868 3
    endloop
  endfacet
  facet normal -0.649744 -0.7408 0.170433
    outer loop
      vertex 50.7172 4.55716 18
      vertex 48.8787 2.71868 3
      vertex 49.1737 2.45994 3
    endloop
  endfacet
  facet normal -0.933029 0.316877 0.170428
    outer loop
      vertex 48.2284 5.98805 3
      vertex 48.1022 5.61646 3
      vertex 50.6304 4.99307 18
    endloop
  endfacet
  facet normal 0.0644542 0.983259 0.170432
    outer loop
      vertex 51 7.84 3
      vertex 51 5.24 18
      vertex 51.3916 7.81433 3
    endloop
  endfacet
  facet normal 0 0 1
    outer loop
      vertex 51.3966 4.89221 18
      vertex 51.3966 4.78779 18
      vertex 51.4 4.84 18
    endloop
  endfacet
  facet normal 0 0 1
    outer loop
      vertex 51.3864 4.94353 18
      vertex 51.3966 4.78779 18
      vertex 51.3966 4.89221 18
    endloop
  endfacet
  facet normal 0 0 1
    outer loop
      vertex 51.3864 4.94353 18
      vertex 51.3864 4.73647 18
      vertex 51.3966 4.78779 18
    endloop
  endfacet
  facet normal 0 0 1
    outer loop
      vertex 51.3696 4.99307 18
      vertex 51.3864 4.73647 18
      vertex 51.3864 4.94353 18
    endloop
  endfacet
  facet normal 0 0 1
    outer loop
      vertex 51.3696 4.99307 18
      vertex 51.3696 4.68693 18
      vertex 51.3864 4.73647 18
    endloop
  endfacet
  facet normal 0 0 1
    outer loop
      vertex 51.3464 5.04 18
      vertex 51.3696 4.68693 18
      vertex 51.3696 4.99307 18
    endloop
  endfacet
  facet normal 0 0 1
    outer loop
      vertex 51.3464 5.04 18
      vertex 51.3464 4.64 18
      vertex 51.3696 4.68693 18
    endloop
  endfacet
  facet normal 0 0 1
    outer loop
      vertex 51.3173 5.0835 18
      vertex 51.3464 4.64 18
      vertex 51.3464 5.04 18
    endloop
  endfacet
  facet normal 0 0 1
    outer loop
      vertex 51.3173 5.0835 18
      vertex 51.3173 4.59649 18
      vertex 51.3464 4.64 18
    endloop
  endfacet
  facet normal 0 0 1
    outer loop
      vertex 51.2828 5.12284 18
      vertex 51.3173 4.59649 18
      vertex 51.3173 5.0835 18
    endloop
  endfacet
  facet normal 0 0 1
    outer loop
      vertex 51.2828 5.12284 18
      vertex 51.2828 4.55716 18
      vertex 51.3173 4.59649 18
    endloop
  endfacet
  facet normal 0 0 1
    outer loop
      vertex 51.2435 5.15734 18
      vertex 51.2828 4.55716 18
      vertex 51.2828 5.12284 18
    endloop
  endfacet
  facet normal 0 0 1
    outer loop
      vertex 51.2435 5.15734 18
      vertex 51.2435 4.52266 18
      vertex 51.2828 4.55716 18
    endloop
  endfacet
  facet normal 0 0 1
    outer loop
      vertex 51.2 5.18641 18
      vertex 51.2435 4.52266 18
      vertex 51.2435 5.15734 18
    endloop
  endfacet
  facet normal 0 0 1
    outer loop
      vertex 51.2 5.18641 18
      vertex 51.2 4.49359 18
      vertex 51.2435 4.52266 18
    endloop
  endfacet
  facet normal 0 0 1
    outer loop
      vertex 51.1531 5.20955 18
      vertex 51.2 4.49359 18
      vertex 51.2 5.18641 18
    endloop
  endfacet
  facet normal 0 0 1
    outer loop
      vertex 51.1531 5.20955 18
      vertex 51.1531 4.47045 18
      vertex 51.2 4.49359 18
    endloop
  endfacet
  facet normal 0 0 1
    outer loop
      vertex 51.1035 5.22637 18
      vertex 51.1531 4.47045 18
      vertex 51.1531 5.20955 18
    endloop
  endfacet
  facet normal 0 0 1
    outer loop
      vertex 51.1035 5.22637 18
      vertex 51.1035 4.45363 18
      vertex 51.1531 4.47045 18
    endloop
  endfacet
  facet normal 0 0 1
    outer loop
      vertex 51.0522 5.23658 18
      vertex 51.1035 4.45363 18
      vertex 51.1035 5.22637 18
    endloop
  endfacet
  facet normal 0 0 1
    outer loop
      vertex 51.0522 5.23658 18
      vertex 51.0522 4.44342 18
      vertex 51.1035 4.45363 18
    endloop
  endfacet
  facet normal 0 0 1
    outer loop
      vertex 51 5.24 18
      vertex 51.0522 4.44342 18
      vertex 51.0522 5.23658 18
    endloop
  endfacet
  facet normal 0 0 1
    outer loop
      vertex 51 5.24 18
      vertex 51 4.44 18
      vertex 51.0522 4.44342 18
    endloop
  endfacet
  facet normal -0 0 1
    outer loop
      vertex 50.9478 5.23658 18
      vertex 51 4.44 18
      vertex 51 5.24 18
    endloop
  endfacet
  facet normal 0 0 1
    outer loop
      vertex 50.9478 5.23658 18
      vertex 50.9478 4.44342 18
      vertex 51 4.44 18
    endloop
  endfacet
  facet normal -0 0 1
    outer loop
      vertex 50.8965 5.22637 18
      vertex 50.9478 4.44342 18
      vertex 50.9478 5.23658 18
    endloop
  endfacet
  facet normal 0 0 1
    outer loop
      vertex 50.8965 5.22637 18
      vertex 50.8965 4.45363 18
      vertex 50.9478 4.44342 18
    endloop
  endfacet
  facet normal -0 0 1
    outer loop
      vertex 50.8469 5.20955 18
      vertex 50.8965 4.45363 18
      vertex 50.8965 5.22637 18
    endloop
  endfacet
  facet normal 0 0 1
    outer loop
      vertex 50.8469 5.20955 18
      vertex 50.8469 4.47045 18
      vertex 50.8965 4.45363 18
    endloop
  endfacet
  facet normal -0 0 1
    outer loop
      vertex 50.8 5.18641 18
      vertex 50.8469 4.47045 18
      vertex 50.8469 5.20955 18
    endloop
  endfacet
  facet normal 0 0 1
    outer loop
      vertex 50.8 5.18641 18
      vertex 50.8 4.49359 18
      vertex 50.8469 4.47045 18
    endloop
  endfacet
  facet normal -0 0 1
    outer loop
      vertex 50.7565 5.15734 18
      vertex 50.8 4.49359 18
      vertex 50.8 5.18641 18
    endloop
  endfacet
  facet normal 0 0 1
    outer loop
      vertex 50.7565 5.15734 18
      vertex 50.7565 4.52266 18
      vertex 50.8 4.49359 18
    endloop
  endfacet
  facet normal -0 0 1
    outer loop
      vertex 50.7172 5.12284 18
      vertex 50.7565 4.52266 18
      vertex 50.7565 5.15734 18
    endloop
  endfacet
  facet normal 0 0 1
    outer loop
      vertex 50.7172 5.12284 18
      vertex 50.7172 4.55716 18
      vertex 50.7565 4.52266 18
    endloop
  endfacet
  facet normal -0 0 1
    outer loop
      vertex 50.6827 5.0835 18
      vertex 50.7172 4.55716 18
      vertex 50.7172 5.12284 18
    endloop
  endfacet
  facet normal 0 0 1
    outer loop
      vertex 50.6827 5.0835 18
      vertex 50.6827 4.59649 18
      vertex 50.7172 4.55716 18
    endloop
  endfacet
  facet normal -0 0 1
    outer loop
      vertex 50.6536 5.04 18
      vertex 50.6827 4.59649 18
      vertex 50.6827 5.0835 18
    endloop
  endfacet
  facet normal 0 0 1
    outer loop
      vertex 50.6536 5.04 18
      vertex 50.6536 4.64 18
      vertex 50.6827 4.59649 18
    endloop
  endfacet
  facet normal -0 0 1
    outer loop
      vertex 50.6304 4.99307 18
      vertex 50.6536 4.64 18
      vertex 50.6536 5.04 18
    endloop
  endfacet
  facet normal 0 0 1
    outer loop
      vertex 50.6304 4.99307 18
      vertex 50.6304 4.68693 18
      vertex 50.6536 4.64 18
    endloop
  endfacet
  facet normal -0 0 1
    outer loop
      vertex 50.6136 4.94353 18
      vertex 50.6304 4.68693 18
      vertex 50.6304 4.99307 18
    endloop
  endfacet
  facet normal 0 0 1
    outer loop
      vertex 50.6136 4.94353 18
      vertex 50.6136 4.73647 18
      vertex 50.6304 4.68693 18
    endloop
  endfacet
  facet normal -0 0 1
    outer loop
      vertex 50.6034 4.89221 18
      vertex 50.6136 4.73647 18
      vertex 50.6136 4.94353 18
    endloop
  endfacet
  facet normal 0 0 1
    outer loop
      vertex 50.6034 4.89221 18
      vertex 50.6034 4.78779 18
      vertex 50.6136 4.73647 18
    endloop
  endfacet
  facet normal 0 -0 1
    outer loop
      vertex 50.6034 4.78779 18
      vertex 50.6034 4.89221 18
      vertex 50.6 4.84 18
    endloop
  endfacet
  facet normal 0.54743 -0.819312 0.170432
    outer loop
      vertex 52.8263 2.45994 3
      vertex 51.2435 4.52266 18
      vertex 52.5 2.24192 3
    endloop
  endfacet
  facet normal 0.966466 -0.192088 0.17043
    outer loop
      vertex 51.3966 4.78779 18
      vertex 51.3864 4.73647 18
      vertex 53.8978 4.06354 3
    endloop
  endfacet
  facet normal 0.740769 0.64978 0.170434
    outer loop
      vertex 53.1213 6.96132 3
      vertex 51.2828 5.12284 18
      vertex 53.3801 6.66628 3
    endloop
  endfacet
  facet normal 0.435763 0.883778 0.17043
    outer loop
      vertex 52.148 7.61164 3
      vertex 51.1531 5.20955 18
      vertex 52.5 7.43808 3
    endloop
  endfacet
  facet normal -0.435992 0.883665 0.170434
    outer loop
      vertex 50.8469 5.20955 18
      vertex 49.5 7.43808 3
      vertex 50.8 5.18641 18
    endloop
  endfacet
  facet normal -0.0644542 0.983259 0.170432
    outer loop
      vertex 51 7.84 3
      vertex 50.6084 7.81433 3
      vertex 51 5.24 18
    endloop
  endfacet
  facet normal -0.966466 0.192088 0.17043
    outer loop
      vertex 50.6136 4.94353 18
      vertex 48.1022 5.61646 3
      vertex 50.6034 4.89221 18
    endloop
  endfacet
  facet normal 0.650071 -0.740515 0.170427
    outer loop
      vertex 51.2828 4.55716 18
      vertex 51.2435 4.52266 18
      vertex 52.8263 2.45994 3
    endloop
  endfacet
  facet normal -0.88333 0.436677 0.170416
    outer loop
      vertex 50.6536 5.04 18
      vertex 48.2284 5.98805 3
      vertex 50.6304 4.99307 18
    endloop
  endfacet
  facet normal 0.192341 0.966415 0.17043
    outer loop
      vertex 51.3916 7.81433 3
      vertex 51.0522 5.23658 18
      vertex 51.1035 5.22637 18
    endloop
  endfacet
  facet normal -0.966464 0.192097 0.17043
    outer loop
      vertex 48.1022 5.61646 3
      vertex 48.0257 5.23158 3
      vertex 50.6034 4.89221 18
    endloop
  endfacet
  facet normal -0.983255 0.0645325 0.170429
    outer loop
      vertex 48.0257 5.23158 3
      vertex 48 4.84 3
      vertex 50.6034 4.89221 18
    endloop
  endfacet
  facet normal -0.983286 0.0640332 0.170436
    outer loop
      vertex 50.6034 4.89221 18
      vertex 48 4.84 3
      vertex 50.6 4.84 18
    endloop
  endfacet
  facet normal 0.74076 -0.64979 0.170434
    outer loop
      vertex 64.3173 4.59649 18
      vertex 64.2828 4.55716 18
      vertex 66.3801 3.01371 3
    endloop
  endfacet
  facet normal 0.192233 -0.966436 0.170432
    outer loop
      vertex 64.7765 1.94222 3
      vertex 64.0522 4.44342 18
      vertex 64.3916 1.86566 3
    endloop
  endfacet
  facet normal -0.192233 -0.966436 0.170432
    outer loop
      vertex 63.9478 4.44342 18
      vertex 63.2235 1.94222 3
      vertex 63.6084 1.86566 3
    endloop
  endfacet
  facet normal 0.983286 0.0640332 0.170436
    outer loop
      vertex 67 4.84 3
      vertex 64.3966 4.89221 18
      vertex 64.4 4.84 18
    endloop
  endfacet
  facet normal 0.983255 0.0645325 0.170429
    outer loop
      vertex 66.9743 5.23158 3
      vertex 64.3966 4.89221 18
      vertex 67 4.84 3
    endloop
  endfacet
  facet normal -0.649745 0.7408 0.170432
    outer loop
      vertex 62.1737 7.22006 3
      vertex 61.8787 6.96132 3
      vertex 63.7565 5.15734 18
    endloop
  endfacet
  facet normal -0.819327 -0.547407 0.170436
    outer loop
      vertex 63.6827 4.59649 18
      vertex 61.4019 3.34 3
      vertex 61.6199 3.01371 3
    endloop
  endfacet
  facet normal -0.883325 -0.436675 0.170444
    outer loop
      vertex 63.6304 4.68693 18
      vertex 61.4019 3.34 3
      vertex 63.6536 4.64 18
    endloop
  endfacet
  facet normal 0.649745 0.7408 0.170432
    outer loop
      vertex 65.8263 7.22006 3
      vertex 64.2435 5.15734 18
      vertex 66.1213 6.96132 3
    endloop
  endfacet
  facet normal 0.0644292 -0.983261 0.170432
    outer loop
      vertex 64.0522 4.44342 18
      vertex 64 1.84 3
      vertex 64.3916 1.86566 3
    endloop
  endfacet
  facet normal -0.983286 -0.0640332 0.170436
    outer loop
      vertex 63.6 4.84 18
      vertex 61 4.84 3
      vertex 63.6034 4.78779 18
    endloop
  endfacet
  facet normal -0.933171 0.316457 0.170435
    outer loop
      vertex 63.6304 4.99307 18
      vertex 61.1022 5.61646 3
      vertex 63.6136 4.94353 18
    endloop
  endfacet
  facet normal 0.31681 0.933051 0.170431
    outer loop
      vertex 64.7765 7.73778 3
      vertex 64.1531 5.20955 18
      vertex 65.148 7.61164 3
    endloop
  endfacet
  facet normal 0.740758 -0.649792 0.170434
    outer loop
      vertex 66.3801 3.01371 3
      vertex 64.2828 4.55716 18
      vertex 66.1213 2.71868 3
    endloop
  endfacet
  facet normal -0.435992 -0.883665 0.170434
    outer loop
      vertex 63.8 4.49359 18
      vertex 62.5 2.24192 3
      vertex 63.8469 4.47045 18
    endloop
  endfacet
  facet normal -0.966464 -0.192097 0.17043
    outer loop
      vertex 63.6034 4.78779 18
      vertex 61.0257 4.44842 3
      vertex 61.1022 4.06354 3
    endloop
  endfacet
  facet normal -0.966466 -0.192088 0.17043
    outer loop
      vertex 63.6034 4.78779 18
      vertex 61.1022 4.06354 3
      vertex 63.6136 4.73647 18
    endloop
  endfacet
  facet normal 0.819066 -0.547801 0.170429
    outer loop
      vertex 64.3464 4.64 18
      vertex 64.3173 4.59649 18
      vertex 66.5981 3.34 3
    endloop
  endfacet
  facet normal -0.54743 -0.819312 0.170432
    outer loop
      vertex 63.7565 4.52266 18
      vertex 62.1737 2.45994 3
      vertex 62.5 2.24192 3
    endloop
  endfacet
  facet normal 0.819006 0.547886 0.170442
    outer loop
      vertex 66.3801 6.66628 3
      vertex 64.3173 5.0835 18
      vertex 64.3464 5.04 18
    endloop
  endfacet
  facet normal 0.192209 0.966441 0.170432
    outer loop
      vertex 64.3916 7.81433 3
      vertex 64.1035 5.22637 18
      vertex 64.7765 7.73778 3
    endloop
  endfacet
  facet normal -0.650071 -0.740515 0.170427
    outer loop
      vertex 63.7172 4.55716 18
      vertex 62.1737 2.45994 3
      vertex 63.7565 4.52266 18
    endloop
  endfacet
  facet normal 0.192341 -0.966415 0.170434
    outer loop
      vertex 64.1035 4.45363 18
      vertex 64.0522 4.44342 18
      vertex 64.7765 1.94222 3
    endloop
  endfacet
  facet normal 0.883325 -0.436675 0.170444
    outer loop
      vertex 64.3696 4.68693 18
      vertex 64.3464 4.64 18
      vertex 66.5981 3.34 3
    endloop
  endfacet
  facet normal 0.649744 -0.7408 0.170433
    outer loop
      vertex 66.1213 2.71868 3
      vertex 64.2828 4.55716 18
      vertex 65.8263 2.45994 3
    endloop
  endfacet
  facet normal 0.650069 0.740514 0.170438
    outer loop
      vertex 66.1213 6.96132 3
      vertex 64.2435 5.15734 18
      vertex 64.2828 5.12284 18
    endloop
  endfacet
  facet normal -0.883813 0.435691 0.170432
    outer loop
      vertex 61.4019 6.34 3
      vertex 61.2284 5.98805 3
      vertex 63.6536 5.04 18
    endloop
  endfacet
  facet normal -0.192341 -0.966415 0.170434
    outer loop
      vertex 63.8965 4.45363 18
      vertex 63.2235 1.94222 3
      vertex 63.9478 4.44342 18
    endloop
  endfacet
  facet normal 0.81932 0.547419 0.170434
    outer loop
      vertex 66.3801 6.66628 3
      vertex 64.3464 5.04 18
      vertex 66.5981 6.34 3
    endloop
  endfacet
  facet normal 0.966464 -0.192097 0.17043
    outer loop
      vertex 66.9743 4.44842 3
      vertex 64.3966 4.78779 18
      vertex 66.8978 4.06354 3
    endloop
  endfacet
  facet normal 0.966464 0.192097 0.17043
    outer loop
      vertex 66.8978 5.61646 3
      vertex 64.3966 4.89221 18
      vertex 66.9743 5.23158 3
    endloop
  endfacet
  facet normal 0.966466 0.192088 0.17043
    outer loop
      vertex 66.8978 5.61646 3
      vertex 64.3864 4.94353 18
      vertex 64.3966 4.89221 18
    endloop
  endfacet
  facet normal -0.933171 -0.316457 0.170435
    outer loop
      vertex 63.6136 4.73647 18
      vertex 61.1022 4.06354 3
      vertex 63.6304 4.68693 18
    endloop
  endfacet
  facet normal -0.74076 -0.64979 0.170434
    outer loop
      vertex 63.6827 4.59649 18
      vertex 61.6199 3.01371 3
      vertex 63.7172 4.55716 18
    endloop
  endfacet
  facet normal 0.883814 -0.435692 0.170428
    outer loop
      vertex 66.7716 3.69195 3
      vertex 64.3696 4.68693 18
      vertex 66.5981 3.34 3
    endloop
  endfacet
  facet normal 0.933029 -0.316877 0.170428
    outer loop
      vertex 66.8978 4.06354 3
      vertex 64.3696 4.68693 18
      vertex 66.7716 3.69195 3
    endloop
  endfacet
  facet normal -0.81932 0.547419 0.170434
    outer loop
      vertex 61.6199 6.66628 3
      vertex 61.4019 6.34 3
      vertex 63.6536 5.04 18
    endloop
  endfacet
  facet normal 0.54743 0.819312 0.170432
    outer loop
      vertex 65.5 7.43808 3
      vertex 64.2435 5.15734 18
      vertex 65.8263 7.22006 3
    endloop
  endfacet
  facet normal -0.31681 -0.933051 0.170431
    outer loop
      vertex 63.8469 4.47045 18
      vertex 62.852 2.06836 3
      vertex 63.2235 1.94222 3
    endloop
  endfacet
  facet normal -0.933029 -0.316877 0.170428
    outer loop
      vertex 63.6304 4.68693 18
      vertex 61.1022 4.06354 3
      vertex 61.2284 3.69195 3
    endloop
  endfacet
  facet normal -0.0644206 -0.983261 0.170432
    outer loop
      vertex 64 4.44 18
      vertex 63.9478 4.44342 18
      vertex 64 1.84 3
    endloop
  endfacet
  facet normal 0.435992 0.883665 0.170434
    outer loop
      vertex 65.5 7.43808 3
      vertex 64.1531 5.20955 18
      vertex 64.2 5.18641 18
    endloop
  endfacet
  facet normal 0.740842 0.649696 0.170436
    outer loop
      vertex 66.3801 6.66628 3
      vertex 64.2828 5.12284 18
      vertex 64.3173 5.0835 18
    endloop
  endfacet
  facet normal 0.883813 0.435691 0.170432
    outer loop
      vertex 66.5981 6.34 3
      vertex 64.3464 5.04 18
      vertex 66.7716 5.98805 3
    endloop
  endfacet
  facet normal -0.883814 -0.435692 0.170428
    outer loop
      vertex 63.6304 4.68693 18
      vertex 61.2284 3.69195 3
      vertex 61.4019 3.34 3
    endloop
  endfacet
  facet normal -0.0644292 -0.983261 0.170432
    outer loop
      vertex 63.9478 4.44342 18
      vertex 63.6084 1.86566 3
      vertex 64 1.84 3
    endloop
  endfacet
  facet normal -0.983255 -0.0645325 0.170429
    outer loop
      vertex 63.6034 4.78779 18
      vertex 61 4.84 3
      vertex 61.0257 4.44842 3
    endloop
  endfacet
  facet normal 0.933171 -0.316457 0.170435
    outer loop
      vertex 64.3864 4.73647 18
      vertex 64.3696 4.68693 18
      vertex 66.8978 4.06354 3
    endloop
  endfacet
  facet normal -0.316451 0.933172 0.170437
    outer loop
      vertex 63.8965 5.22637 18
      vertex 63.2235 7.73778 3
      vertex 63.8469 5.20955 18
    endloop
  endfacet
  facet normal -0.31681 0.933051 0.170431
    outer loop
      vertex 63.2235 7.73778 3
      vertex 62.852 7.61164 3
      vertex 63.8469 5.20955 18
    endloop
  endfacet
  facet normal 0.31681 -0.933051 0.170431
    outer loop
      vertex 65.148 2.06836 3
      vertex 64.1531 4.47045 18
      vertex 64.7765 1.94222 3
    endloop
  endfacet
  facet normal 0.88333 0.436677 0.170416
    outer loop
      vertex 66.7716 5.98805 3
      vertex 64.3464 5.04 18
      vertex 64.3696 4.99307 18
    endloop
  endfacet
  facet normal -0.192341 0.966415 0.17043
    outer loop
      vertex 63.9478 5.23658 18
      vertex 63.6084 7.81433 3
      vertex 63.8965 5.22637 18
    endloop
  endfacet
  facet normal -0.740769 0.64978 0.170434
    outer loop
      vertex 61.8787 6.96132 3
      vertex 61.6199 6.66628 3
      vertex 63.7172 5.12284 18
    endloop
  endfacet
  facet normal -0.819066 -0.547801 0.170429
    outer loop
      vertex 63.6536 4.64 18
      vertex 61.4019 3.34 3
      vertex 63.6827 4.59649 18
    endloop
  endfacet
  facet normal -0.435763 0.883778 0.17043
    outer loop
      vertex 62.852 7.61164 3
      vertex 62.5 7.43808 3
      vertex 63.8469 5.20955 18
    endloop
  endfacet
  facet normal 0.933171 0.316457 0.170435
    outer loop
      vertex 66.8978 5.61646 3
      vertex 64.3696 4.99307 18
      vertex 64.3864 4.94353 18
    endloop
  endfacet
  facet normal -0.0644206 0.983262 0.170431
    outer loop
      vertex 64 5.24 18
      vertex 63.6084 7.81433 3
      vertex 63.9478 5.23658 18
    endloop
  endfacet
  facet normal -0.740842 0.649696 0.170436
    outer loop
      vertex 63.7172 5.12284 18
      vertex 61.6199 6.66628 3
      vertex 63.6827 5.0835 18
    endloop
  endfacet
  facet normal -0.316451 -0.933172 0.170437
    outer loop
      vertex 63.8469 4.47045 18
      vertex 63.2235 1.94222 3
      vertex 63.8965 4.45363 18
    endloop
  endfacet
  facet normal 0.435992 -0.883665 0.170434
    outer loop
      vertex 64.2 4.49359 18
      vertex 64.1531 4.47045 18
      vertex 65.5 2.24192 3
    endloop
  endfacet
  facet normal 0.316451 0.933172 0.170437
    outer loop
      vertex 64.7765 7.73778 3
      vertex 64.1035 5.22637 18
      vertex 64.1531 5.20955 18
    endloop
  endfacet
  facet normal 0.819327 -0.547407 0.170436
    outer loop
      vertex 66.5981 3.34 3
      vertex 64.3173 4.59649 18
      vertex 66.3801 3.01371 3
    endloop
  endfacet
  facet normal 0.983255 -0.0645325 0.170429
    outer loop
      vertex 67 4.84 3
      vertex 64.3966 4.78779 18
      vertex 66.9743 4.44842 3
    endloop
  endfacet
  facet normal 0.983286 -0.0640332 0.170436
    outer loop
      vertex 64.4 4.84 18
      vertex 64.3966 4.78779 18
      vertex 67 4.84 3
    endloop
  endfacet
  facet normal 0.547497 0.819268 0.170431
    outer loop
      vertex 65.5 7.43808 3
      vertex 64.2 5.18641 18
      vertex 64.2435 5.15734 18
    endloop
  endfacet
  facet normal -0.547497 0.819268 0.170431
    outer loop
      vertex 63.8 5.18641 18
      vertex 62.5 7.43808 3
      vertex 63.7565 5.15734 18
    endloop
  endfacet
  facet normal -0.435763 -0.883778 0.17043
    outer loop
      vertex 63.8469 4.47045 18
      vertex 62.5 2.24192 3
      vertex 62.852 2.06836 3
    endloop
  endfacet
  facet normal -0.547497 -0.819268 0.170431
    outer loop
      vertex 63.7565 4.52266 18
      vertex 62.5 2.24192 3
      vertex 63.8 4.49359 18
    endloop
  endfacet
  facet normal 0.933029 0.316877 0.170428
    outer loop
      vertex 66.7716 5.98805 3
      vertex 64.3696 4.99307 18
      vertex 66.8978 5.61646 3
    endloop
  endfacet
  facet normal -0.650069 0.740514 0.170438
    outer loop
      vertex 63.7565 5.15734 18
      vertex 61.8787 6.96132 3
      vertex 63.7172 5.12284 18
    endloop
  endfacet
  facet normal 0.547497 -0.819268 0.170431
    outer loop
      vertex 64.2435 4.52266 18
      vertex 64.2 4.49359 18
      vertex 65.5 2.24192 3
    endloop
  endfacet
  facet normal -0.819006 0.547886 0.170442
    outer loop
      vertex 63.6827 5.0835 18
      vertex 61.6199 6.66628 3
      vertex 63.6536 5.04 18
    endloop
  endfacet
  facet normal 0.435763 -0.883778 0.17043
    outer loop
      vertex 65.5 2.24192 3
      vertex 64.1531 4.47045 18
      vertex 65.148 2.06836 3
    endloop
  endfacet
  facet normal 0.0644206 -0.983261 0.170432
    outer loop
      vertex 64 4.44 18
      vertex 64 1.84 3
      vertex 64.0522 4.44342 18
    endloop
  endfacet
  facet normal 0.0644206 0.983262 0.170431
    outer loop
      vertex 64.3916 7.81433 3
      vertex 64 5.24 18
      vertex 64.0522 5.23658 18
    endloop
  endfacet
  facet normal -0.54743 0.819312 0.170432
    outer loop
      vertex 62.5 7.43808 3
      vertex 62.1737 7.22006 3
      vertex 63.7565 5.15734 18
    endloop
  endfacet
  facet normal -0.192209 0.966441 0.170432
    outer loop
      vertex 63.6084 7.81433 3
      vertex 63.2235 7.73778 3
      vertex 63.8965 5.22637 18
    endloop
  endfacet
  facet normal 0.316451 -0.933172 0.170437
    outer loop
      vertex 64.1531 4.47045 18
      vertex 64.1035 4.45363 18
      vertex 64.7765 1.94222 3
    endloop
  endfacet
  facet normal -0.740758 -0.649792 0.170434
    outer loop
      vertex 63.7172 4.55716 18
      vertex 61.6199 3.01371 3
      vertex 61.8787 2.71868 3
    endloop
  endfacet
  facet normal -0.649744 -0.7408 0.170433
    outer loop
      vertex 63.7172 4.55716 18
      vertex 61.8787 2.71868 3
      vertex 62.1737 2.45994 3
    endloop
  endfacet
  facet normal -0.933029 0.316877 0.170428
    outer loop
      vertex 61.2284 5.98805 3
      vertex 61.1022 5.61646 3
      vertex 63.6304 4.99307 18
    endloop
  endfacet
  facet normal 0.0644542 0.983259 0.170432
    outer loop
      vertex 64 7.84 3
      vertex 64 5.24 18
      vertex 64.3916 7.81433 3
    endloop
  endfacet
  facet normal 0 0 1
    outer loop
      vertex 64.3966 4.89221 18
      vertex 64.3966 4.78779 18
      vertex 64.4 4.84 18
    endloop
  endfacet
  facet normal 0 0 1
    outer loop
      vertex 64.3864 4.94353 18
      vertex 64.3966 4.78779 18
      vertex 64.3966 4.89221 18
    endloop
  endfacet
  facet normal 0 0 1
    outer loop
      vertex 64.3864 4.94353 18
      vertex 64.3864 4.73647 18
      vertex 64.3966 4.78779 18
    endloop
  endfacet
  facet normal 0 0 1
    outer loop
      vertex 64.3696 4.99307 18
      vertex 64.3864 4.73647 18
      vertex 64.3864 4.94353 18
    endloop
  endfacet
  facet normal 0 0 1
    outer loop
      vertex 64.3696 4.99307 18
      vertex 64.3696 4.68693 18
      vertex 64.3864 4.73647 18
    endloop
  endfacet
  facet normal 0 0 1
    outer loop
      vertex 64.3464 5.04 18
      vertex 64.3696 4.68693 18
      vertex 64.3696 4.99307 18
    endloop
  endfacet
  facet normal 0 0 1
    outer loop
      vertex 64.3464 5.04 18
      vertex 64.3464 4.64 18
      vertex 64.3696 4.68693 18
    endloop
  endfacet
  facet normal 0 0 1
    outer loop
      vertex 64.3173 5.0835 18
      vertex 64.3464 4.64 18
      vertex 64.3464 5.04 18
    endloop
  endfacet
  facet normal 0 0 1
    outer loop
      vertex 64.3173 5.0835 18
      vertex 64.3173 4.59649 18
      vertex 64.3464 4.64 18
    endloop
  endfacet
  facet normal 0 0 1
    outer loop
      vertex 64.2828 5.12284 18
      vertex 64.3173 4.59649 18
      vertex 64.3173 5.0835 18
    endloop
  endfacet
  facet normal 0 0 1
    outer loop
      vertex 64.2828 5.12284 18
      vertex 64.2828 4.55716 18
      vertex 64.3173 4.59649 18
    endloop
  endfacet
  facet normal 0 0 1
    outer loop
      vertex 64.2435 5.15734 18
      vertex 64.2828 4.55716 18
      vertex 64.2828 5.12284 18
    endloop
  endfacet
  facet normal 0 0 1
    outer loop
      vertex 64.2435 5.15734 18
      vertex 64.2435 4.52266 18
      vertex 64.2828 4.55716 18
    endloop
  endfacet
  facet normal 0 0 1
    outer loop
      vertex 64.2 5.18641 18
      vertex 64.2435 4.52266 18
      vertex 64.2435 5.15734 18
    endloop
  endfacet
  facet normal 0 0 1
    outer loop
      vertex 64.2 5.18641 18
      vertex 64.2 4.49359 18
      vertex 64.2435 4.52266 18
    endloop
  endfacet
  facet normal 0 0 1
    outer loop
      vertex 64.1531 5.20955 18
      vertex 64.2 4.49359 18
      vertex 64.2 5.18641 18
    endloop
  endfacet
  facet normal 0 0 1
    outer loop
      vertex 64.1531 5.20955 18
      vertex 64.1531 4.47045 18
      vertex 64.2 4.49359 18
    endloop
  endfacet
  facet normal 0 0 1
    outer loop
      vertex 64.1035 5.22637 18
      vertex 64.1531 4.47045 18
      vertex 64.1531 5.20955 18
    endloop
  endfacet
  facet normal 0 0 1
    outer loop
      vertex 64.1035 5.22637 18
      vertex 64.1035 4.45363 18
      vertex 64.1531 4.47045 18
    endloop
  endfacet
  facet normal 0 0 1
    outer loop
      vertex 64.0522 5.23658 18
      vertex 64.1035 4.45363 18
      vertex 64.1035 5.22637 18
    endloop
  endfacet
  facet normal 0 0 1
    outer loop
      vertex 64.0522 5.23658 18
      vertex 64.0522 4.44342 18
      vertex 64.1035 4.45363 18
    endloop
  endfacet
  facet normal 0 0 1
    outer loop
      vertex 64 5.24 18
      vertex 64.0522 4.44342 18
      vertex 64.0522 5.23658 18
    endloop
  endfacet
  facet normal 0 0 1
    outer loop
      vertex 64 5.24 18
      vertex 64 4.44 18
      vertex 64.0522 4.44342 18
    endloop
  endfacet
  facet normal -0 0 1
    outer loop
      vertex 63.9478 5.23658 18
      vertex 64 4.44 18
      vertex 64 5.24 18
    endloop
  endfacet
  facet normal 0 0 1
    outer loop
      vertex 63.9478 5.23658 18
      vertex 63.9478 4.44342 18
      vertex 64 4.44 18
    endloop
  endfacet
  facet normal -0 0 1
    outer loop
      vertex 63.8965 5.22637 18
      vertex 63.9478 4.44342 18
      vertex 63.9478 5.23658 18
    endloop
  endfacet
  facet normal 0 0 1
    outer loop
      vertex 63.8965 5.22637 18
      vertex 63.8965 4.45363 18
      vertex 63.9478 4.44342 18
    endloop
  endfacet
  facet normal -0 0 1
    outer loop
      vertex 63.8469 5.20955 18
      vertex 63.8965 4.45363 18
      vertex 63.8965 5.22637 18
    endloop
  endfacet
  facet normal 0 0 1
    outer loop
      vertex 63.8469 5.20955 18
      vertex 63.8469 4.47045 18
      vertex 63.8965 4.45363 18
    endloop
  endfacet
  facet normal -0 0 1
    outer loop
      vertex 63.8 5.18641 18
      vertex 63.8469 4.47045 18
      vertex 63.8469 5.20955 18
    endloop
  endfacet
  facet normal 0 0 1
    outer loop
      vertex 63.8 5.18641 18
      vertex 63.8 4.49359 18
      vertex 63.8469 4.47045 18
    endloop
  endfacet
  facet normal -0 0 1
    outer loop
      vertex 63.7565 5.15734 18
      vertex 63.8 4.49359 18
      vertex 63.8 5.18641 18
    endloop
  endfacet
  facet normal 0 0 1
    outer loop
      vertex 63.7565 5.15734 18
      vertex 63.7565 4.52266 18
      vertex 63.8 4.49359 18
    endloop
  endfacet
  facet normal -0 0 1
    outer loop
      vertex 63.7172 5.12284 18
      vertex 63.7565 4.52266 18
      vertex 63.7565 5.15734 18
    endloop
  endfacet
  facet normal 0 0 1
    outer loop
      vertex 63.7172 5.12284 18
      vertex 63.7172 4.55716 18
      vertex 63.7565 4.52266 18
    endloop
  endfacet
  facet normal -0 0 1
    outer loop
      vertex 63.6827 5.0835 18
      vertex 63.7172 4.55716 18
      vertex 63.7172 5.12284 18
    endloop
  endfacet
  facet normal 0 0 1
    outer loop
      vertex 63.6827 5.0835 18
      vertex 63.6827 4.59649 18
      vertex 63.7172 4.55716 18
    endloop
  endfacet
  facet normal -0 0 1
    outer loop
      vertex 63.6536 5.04 18
      vertex 63.6827 4.59649 18
      vertex 63.6827 5.0835 18
    endloop
  endfacet
  facet normal 0 0 1
    outer loop
      vertex 63.6536 5.04 18
      vertex 63.6536 4.64 18
      vertex 63.6827 4.59649 18
    endloop
  endfacet
  facet normal -0 0 1
    outer loop
      vertex 63.6304 4.99307 18
      vertex 63.6536 4.64 18
      vertex 63.6536 5.04 18
    endloop
  endfacet
  facet normal 0 0 1
    outer loop
      vertex 63.6304 4.99307 18
      vertex 63.6304 4.68693 18
      vertex 63.6536 4.64 18
    endloop
  endfacet
  facet normal -0 0 1
    outer loop
      vertex 63.6136 4.94353 18
      vertex 63.6304 4.68693 18
      vertex 63.6304 4.99307 18
    endloop
  endfacet
  facet normal 0 0 1
    outer loop
      vertex 63.6136 4.94353 18
      vertex 63.6136 4.73647 18
      vertex 63.6304 4.68693 18
    endloop
  endfacet
  facet normal -0 0 1
    outer loop
      vertex 63.6034 4.89221 18
      vertex 63.6136 4.73647 18
      vertex 63.6136 4.94353 18
    endloop
  endfacet
  facet normal 0 0 1
    outer loop
      vertex 63.6034 4.89221 18
      vertex 63.6034 4.78779 18
      vertex 63.6136 4.73647 18
    endloop
  endfacet
  facet normal 0 -0 1
    outer loop
      vertex 63.6034 4.78779 18
      vertex 63.6034 4.89221 18
      vertex 63.6 4.84 18
    endloop
  endfacet
  facet normal 0.54743 -0.819312 0.170432
    outer loop
      vertex 65.8263 2.45994 3
      vertex 64.2435 4.52266 18
      vertex 65.5 2.24192 3
    endloop
  endfacet
  facet normal 0.966466 -0.192088 0.17043
    outer loop
      vertex 64.3966 4.78779 18
      vertex 64.3864 4.73647 18
      vertex 66.8978 4.06354 3
    endloop
  endfacet
  facet normal 0.740769 0.64978 0.170434
    outer loop
      vertex 66.1213 6.96132 3
      vertex 64.2828 5.12284 18
      vertex 66.3801 6.66628 3
    endloop
  endfacet
  facet normal 0.435763 0.883778 0.17043
    outer loop
      vertex 65.148 7.61164 3
      vertex 64.1531 5.20955 18
      vertex 65.5 7.43808 3
    endloop
  endfacet
  facet normal -0.435992 0.883665 0.170434
    outer loop
      vertex 63.8469 5.20955 18
      vertex 62.5 7.43808 3
      vertex 63.8 5.18641 18
    endloop
  endfacet
  facet normal -0.0644542 0.983259 0.170432
    outer loop
      vertex 64 7.84 3
      vertex 63.6084 7.81433 3
      vertex 64 5.24 18
    endloop
  endfacet
  facet normal -0.966466 0.192088 0.17043
    outer loop
      vertex 63.6136 4.94353 18
      vertex 61.1022 5.61646 3
      vertex 63.6034 4.89221 18
    endloop
  endfacet
  facet normal 0.650071 -0.740515 0.170427
    outer loop
      vertex 64.2828 4.55716 18
      vertex 64.2435 4.52266 18
      vertex 65.8263 2.45994 3
    endloop
  endfacet
  facet normal -0.88333 0.436677 0.170416
    outer loop
      vertex 63.6536 5.04 18
      vertex 61.2284 5.98805 3
      vertex 63.6304 4.99307 18
    endloop
  endfacet
  facet normal 0.192341 0.966415 0.17043
    outer loop
      vertex 64.3916 7.81433 3
      vertex 64.0522 5.23658 18
      vertex 64.1035 5.22637 18
    endloop
  endfacet
  facet normal -0.966464 0.192097 0.17043
    outer loop
      vertex 61.1022 5.61646 3
      vertex 61.0257 5.23158 3
      vertex 63.6034 4.89221 18
    endloop
  endfacet
  facet normal -0.983255 0.0645325 0.170429
    outer loop
      vertex 61.0257 5.23158 3
      vertex 61 4.84 3
      vertex 63.6034 4.89221 18
    endloop
  endfacet
  facet normal -0.983286 0.0640332 0.170436
    outer loop
      vertex 63.6034 4.89221 18
      vertex 61 4.84 3
      vertex 63.6 4.84 18
    endloop
  endfacet
  facet normal 0.74076 -0.64979 0.170434
    outer loop
      vertex 77.3173 4.59649 18
      vertex 77.2828 4.55716 18
      vertex 79.3801 3.01371 3
    endloop
  endfacet
  facet normal 0.192233 -0.966436 0.170432
    outer loop
      vertex 77.7765 1.94222 3
      vertex 77.0522 4.44342 18
      vertex 77.3916 1.86566 3
    endloop
  endfacet
  facet normal -0.192233 -0.966436 0.170432
    outer loop
      vertex 76.9478 4.44342 18
      vertex 76.2235 1.94222 3
      vertex 76.6084 1.86566 3
    endloop
  endfacet
  facet normal 0.983286 0.0640332 0.170436
    outer loop
      vertex 80 4.84 3
      vertex 77.3966 4.89221 18
      vertex 77.4 4.84 18
    endloop
  endfacet
  facet normal 0.983255 0.0645325 0.170429
    outer loop
      vertex 79.9743 5.23158 3
      vertex 77.3966 4.89221 18
      vertex 80 4.84 3
    endloop
  endfacet
  facet normal -0.649745 0.7408 0.170432
    outer loop
      vertex 75.1737 7.22006 3
      vertex 74.8787 6.96132 3
      vertex 76.7565 5.15734 18
    endloop
  endfacet
  facet normal -0.819327 -0.547407 0.170436
    outer loop
      vertex 76.6827 4.59649 18
      vertex 74.4019 3.34 3
      vertex 74.6199 3.01371 3
    endloop
  endfacet
  facet normal -0.883325 -0.436675 0.170444
    outer loop
      vertex 76.6304 4.68693 18
      vertex 74.4019 3.34 3
      vertex 76.6536 4.64 18
    endloop
  endfacet
  facet normal 0.649745 0.7408 0.170432
    outer loop
      vertex 78.8263 7.22006 3
      vertex 77.2435 5.15734 18
      vertex 79.1213 6.96132 3
    endloop
  endfacet
  facet normal 0.0644292 -0.983261 0.170432
    outer loop
      vertex 77.0522 4.44342 18
      vertex 77 1.84 3
      vertex 77.3916 1.86566 3
    endloop
  endfacet
  facet normal -0.983286 -0.0640332 0.170436
    outer loop
      vertex 76.6 4.84 18
      vertex 74 4.84 3
      vertex 76.6034 4.78779 18
    endloop
  endfacet
  facet normal -0.933171 0.316457 0.170435
    outer loop
      vertex 76.6304 4.99307 18
      vertex 74.1022 5.61646 3
      vertex 76.6136 4.94353 18
    endloop
  endfacet
  facet normal 0.31681 0.933051 0.170431
    outer loop
      vertex 77.7765 7.73778 3
      vertex 77.1531 5.20955 18
      vertex 78.148 7.61164 3
    endloop
  endfacet
  facet normal 0.740758 -0.649792 0.170434
    outer loop
      vertex 79.3801 3.01371 3
      vertex 77.2828 4.55716 18
      vertex 79.1213 2.71868 3
    endloop
  endfacet
  facet normal -0.435992 -0.883665 0.170434
    outer loop
      vertex 76.8 4.49359 18
      vertex 75.5 2.24192 3
      vertex 76.8469 4.47045 18
    endloop
  endfacet
  facet normal -0.966464 -0.192097 0.17043
    outer loop
      vertex 76.6034 4.78779 18
      vertex 74.0257 4.44842 3
      vertex 74.1022 4.06354 3
    endloop
  endfacet
  facet normal -0.966466 -0.192088 0.17043
    outer loop
      vertex 76.6034 4.78779 18
      vertex 74.1022 4.06354 3
      vertex 76.6136 4.73647 18
    endloop
  endfacet
  facet normal 0.819066 -0.547801 0.170429
    outer loop
      vertex 77.3464 4.64 18
      vertex 77.3173 4.59649 18
      vertex 79.5981 3.34 3
    endloop
  endfacet
  facet normal -0.54743 -0.819312 0.170432
    outer loop
      vertex 76.7565 4.52266 18
      vertex 75.1737 2.45994 3
      vertex 75.5 2.24192 3
    endloop
  endfacet
  facet normal 0.819006 0.547886 0.170442
    outer loop
      vertex 79.3801 6.66628 3
      vertex 77.3173 5.0835 18
      vertex 77.3464 5.04 18
    endloop
  endfacet
  facet normal 0.192209 0.966441 0.170432
    outer loop
      vertex 77.3916 7.81433 3
      vertex 77.1035 5.22637 18
      vertex 77.7765 7.73778 3
    endloop
  endfacet
  facet normal -0.650071 -0.740515 0.170427
    outer loop
      vertex 76.7172 4.55716 18
      vertex 75.1737 2.45994 3
      vertex 76.7565 4.52266 18
    endloop
  endfacet
  facet normal 0.192341 -0.966415 0.170434
    outer loop
      vertex 77.1035 4.45363 18
      vertex 77.0522 4.44342 18
      vertex 77.7765 1.94222 3
    endloop
  endfacet
  facet normal 0.883325 -0.436675 0.170444
    outer loop
      vertex 77.3696 4.68693 18
      vertex 77.3464 4.64 18
      vertex 79.5981 3.34 3
    endloop
  endfacet
  facet normal 0.649744 -0.7408 0.170433
    outer loop
      vertex 79.1213 2.71868 3
      vertex 77.2828 4.55716 18
      vertex 78.8263 2.45994 3
    endloop
  endfacet
  facet normal 0.650069 0.740514 0.170438
    outer loop
      vertex 79.1213 6.96132 3
      vertex 77.2435 5.15734 18
      vertex 77.2828 5.12284 18
    endloop
  endfacet
  facet normal -0.883813 0.435691 0.170432
    outer loop
      vertex 74.4019 6.34 3
      vertex 74.2284 5.98805 3
      vertex 76.6536 5.04 18
    endloop
  endfacet
  facet normal -0.192341 -0.966415 0.170434
    outer loop
      vertex 76.8965 4.45363 18
      vertex 76.2235 1.94222 3
      vertex 76.9478 4.44342 18
    endloop
  endfacet
  facet normal 0.81932 0.547419 0.170434
    outer loop
      vertex 79.3801 6.66628 3
      vertex 77.3464 5.04 18
      vertex 79.5981 6.34 3
    endloop
  endfacet
  facet normal 0.966464 -0.192097 0.17043
    outer loop
      vertex 79.9743 4.44842 3
      vertex 77.3966 4.78779 18
      vertex 79.8978 4.06354 3
    endloop
  endfacet
  facet normal 0.966464 0.192097 0.17043
    outer loop
      vertex 79.8978 5.61646 3
      vertex 77.3966 4.89221 18
      vertex 79.9743 5.23158 3
    endloop
  endfacet
  facet normal 0.966466 0.192088 0.17043
    outer loop
      vertex 79.8978 5.61646 3
      vertex 77.3864 4.94353 18
      vertex 77.3966 4.89221 18
    endloop
  endfacet
  facet normal -0.933171 -0.316457 0.170435
    outer loop
      vertex 76.6136 4.73647 18
      vertex 74.1022 4.06354 3
      vertex 76.6304 4.68693 18
    endloop
  endfacet
  facet normal -0.74076 -0.64979 0.170434
    outer loop
      vertex 76.6827 4.59649 18
      vertex 74.6199 3.01371 3
      vertex 76.7172 4.55716 18
    endloop
  endfacet
  facet normal 0.883814 -0.435692 0.170428
    outer loop
      vertex 79.7716 3.69195 3
      vertex 77.3696 4.68693 18
      vertex 79.5981 3.34 3
    endloop
  endfacet
  facet normal 0.933029 -0.316877 0.170428
    outer loop
      vertex 79.8978 4.06354 3
      vertex 77.3696 4.68693 18
      vertex 79.7716 3.69195 3
    endloop
  endfacet
  facet normal -0.81932 0.547419 0.170434
    outer loop
      vertex 74.6199 6.66628 3
      vertex 74.4019 6.34 3
      vertex 76.6536 5.04 18
    endloop
  endfacet
  facet normal 0.54743 0.819312 0.170432
    outer loop
      vertex 78.5 7.43808 3
      vertex 77.2435 5.15734 18
      vertex 78.8263 7.22006 3
    endloop
  endfacet
  facet normal -0.31681 -0.933051 0.170431
    outer loop
      vertex 76.8469 4.47045 18
      vertex 75.852 2.06836 3
      vertex 76.2235 1.94222 3
    endloop
  endfacet
  facet normal -0.933029 -0.316877 0.170428
    outer loop
      vertex 76.6304 4.68693 18
      vertex 74.1022 4.06354 3
      vertex 74.2284 3.69195 3
    endloop
  endfacet
  facet normal -0.0644206 -0.983261 0.170432
    outer loop
      vertex 77 4.44 18
      vertex 76.9478 4.44342 18
      vertex 77 1.84 3
    endloop
  endfacet
  facet normal 0.435992 0.883665 0.170434
    outer loop
      vertex 78.5 7.43808 3
      vertex 77.1531 5.20955 18
      vertex 77.2 5.18641 18
    endloop
  endfacet
  facet normal 0.740842 0.649696 0.170436
    outer loop
      vertex 79.3801 6.66628 3
      vertex 77.2828 5.12284 18
      vertex 77.3173 5.0835 18
    endloop
  endfacet
  facet normal 0.883813 0.435691 0.170432
    outer loop
      vertex 79.5981 6.34 3
      vertex 77.3464 5.04 18
      vertex 79.7716 5.98805 3
    endloop
  endfacet
  facet normal -0.883814 -0.435692 0.170428
    outer loop
      vertex 76.6304 4.68693 18
      vertex 74.2284 3.69195 3
      vertex 74.4019 3.34 3
    endloop
  endfacet
  facet normal -0.0644292 -0.983261 0.170432
    outer loop
      vertex 76.9478 4.44342 18
      vertex 76.6084 1.86566 3
      vertex 77 1.84 3
    endloop
  endfacet
  facet normal -0.983255 -0.0645325 0.170429
    outer loop
      vertex 76.6034 4.78779 18
      vertex 74 4.84 3
      vertex 74.0257 4.44842 3
    endloop
  endfacet
  facet normal 0.933171 -0.316457 0.170435
    outer loop
      vertex 77.3864 4.73647 18
      vertex 77.3696 4.68693 18
      vertex 79.8978 4.06354 3
    endloop
  endfacet
  facet normal -0.316451 0.933172 0.170437
    outer loop
      vertex 76.8965 5.22637 18
      vertex 76.2235 7.73778 3
      vertex 76.8469 5.20955 18
    endloop
  endfacet
  facet normal -0.31681 0.933051 0.170431
    outer loop
      vertex 76.2235 7.73778 3
      vertex 75.852 7.61164 3
      vertex 76.8469 5.20955 18
    endloop
  endfacet
  facet normal 0.31681 -0.933051 0.170431
    outer loop
      vertex 78.148 2.06836 3
      vertex 77.1531 4.47045 18
      vertex 77.7765 1.94222 3
    endloop
  endfacet
  facet normal 0.88333 0.436677 0.170416
    outer loop
      vertex 79.7716 5.98805 3
      vertex 77.3464 5.04 18
      vertex 77.3696 4.99307 18
    endloop
  endfacet
  facet normal -0.192341 0.966415 0.17043
    outer loop
      vertex 76.9478 5.23658 18
      vertex 76.6084 7.81433 3
      vertex 76.8965 5.22637 18
    endloop
  endfacet
  facet normal -0.740769 0.64978 0.170434
    outer loop
      vertex 74.8787 6.96132 3
      vertex 74.6199 6.66628 3
      vertex 76.7172 5.12284 18
    endloop
  endfacet
  facet normal -0.819066 -0.547801 0.170429
    outer loop
      vertex 76.6536 4.64 18
      vertex 74.4019 3.34 3
      vertex 76.6827 4.59649 18
    endloop
  endfacet
  facet normal -0.435763 0.883778 0.17043
    outer loop
      vertex 75.852 7.61164 3
      vertex 75.5 7.43808 3
      vertex 76.8469 5.20955 18
    endloop
  endfacet
  facet normal 0.933171 0.316457 0.170435
    outer loop
      vertex 79.8978 5.61646 3
      vertex 77.3696 4.99307 18
      vertex 77.3864 4.94353 18
    endloop
  endfacet
  facet normal -0.0644206 0.983262 0.170431
    outer loop
      vertex 77 5.24 18
      vertex 76.6084 7.81433 3
      vertex 76.9478 5.23658 18
    endloop
  endfacet
  facet normal -0.740842 0.649696 0.170436
    outer loop
      vertex 76.7172 5.12284 18
      vertex 74.6199 6.66628 3
      vertex 76.6827 5.0835 18
    endloop
  endfacet
  facet normal -0.316451 -0.933172 0.170437
    outer loop
      vertex 76.8469 4.47045 18
      vertex 76.2235 1.94222 3
      vertex 76.8965 4.45363 18
    endloop
  endfacet
  facet normal 0.435992 -0.883665 0.170434
    outer loop
      vertex 77.2 4.49359 18
      vertex 77.1531 4.47045 18
      vertex 78.5 2.24192 3
    endloop
  endfacet
  facet normal 0.316451 0.933172 0.170437
    outer loop
      vertex 77.7765 7.73778 3
      vertex 77.1035 5.22637 18
      vertex 77.1531 5.20955 18
    endloop
  endfacet
  facet normal 0.819327 -0.547407 0.170436
    outer loop
      vertex 79.5981 3.34 3
      vertex 77.3173 4.59649 18
      vertex 79.3801 3.01371 3
    endloop
  endfacet
  facet normal 0.983255 -0.0645325 0.170429
    outer loop
      vertex 80 4.84 3
      vertex 77.3966 4.78779 18
      vertex 79.9743 4.44842 3
    endloop
  endfacet
  facet normal 0.983286 -0.0640332 0.170436
    outer loop
      vertex 77.4 4.84 18
      vertex 77.3966 4.78779 18
      vertex 80 4.84 3
    endloop
  endfacet
  facet normal 0.547497 0.819268 0.170431
    outer loop
      vertex 78.5 7.43808 3
      vertex 77.2 5.18641 18
      vertex 77.2435 5.15734 18
    endloop
  endfacet
  facet normal -0.547497 0.819268 0.170431
    outer loop
      vertex 76.8 5.18641 18
      vertex 75.5 7.43808 3
      vertex 76.7565 5.15734 18
    endloop
  endfacet
  facet normal -0.435763 -0.883778 0.17043
    outer loop
      vertex 76.8469 4.47045 18
      vertex 75.5 2.24192 3
      vertex 75.852 2.06836 3
    endloop
  endfacet
  facet normal -0.547497 -0.819268 0.170431
    outer loop
      vertex 76.7565 4.52266 18
      vertex 75.5 2.24192 3
      vertex 76.8 4.49359 18
    endloop
  endfacet
  facet normal 0.933029 0.316877 0.170428
    outer loop
      vertex 79.7716 5.98805 3
      vertex 77.3696 4.99307 18
      vertex 79.8978 5.61646 3
    endloop
  endfacet
  facet normal -0.650069 0.740514 0.170438
    outer loop
      vertex 76.7565 5.15734 18
      vertex 74.8787 6.96132 3
      vertex 76.7172 5.12284 18
    endloop
  endfacet
  facet normal 0.547497 -0.819268 0.170431
    outer loop
      vertex 77.2435 4.52266 18
      vertex 77.2 4.49359 18
      vertex 78.5 2.24192 3
    endloop
  endfacet
  facet normal -0.819006 0.547886 0.170442
    outer loop
      vertex 76.6827 5.0835 18
      vertex 74.6199 6.66628 3
      vertex 76.6536 5.04 18
    endloop
  endfacet
  facet normal 0.435763 -0.883778 0.17043
    outer loop
      vertex 78.5 2.24192 3
      vertex 77.1531 4.47045 18
      vertex 78.148 2.06836 3
    endloop
  endfacet
  facet normal 0.0644206 -0.983261 0.170432
    outer loop
      vertex 77 4.44 18
      vertex 77 1.84 3
      vertex 77.0522 4.44342 18
    endloop
  endfacet
  facet normal 0.0644206 0.983262 0.170431
    outer loop
      vertex 77.3916 7.81433 3
      vertex 77 5.24 18
      vertex 77.0522 5.23658 18
    endloop
  endfacet
  facet normal -0.54743 0.819312 0.170432
    outer loop
      vertex 75.5 7.43808 3
      vertex 75.1737 7.22006 3
      vertex 76.7565 5.15734 18
    endloop
  endfacet
  facet normal -0.192209 0.966441 0.170432
    outer loop
      vertex 76.6084 7.81433 3
      vertex 76.2235 7.73778 3
      vertex 76.8965 5.22637 18
    endloop
  endfacet
  facet normal 0.316451 -0.933172 0.170437
    outer loop
      vertex 77.1531 4.47045 18
      vertex 77.1035 4.45363 18
      vertex 77.7765 1.94222 3
    endloop
  endfacet
  facet normal -0.740758 -0.649792 0.170434
    outer loop
      vertex 76.7172 4.55716 18
      vertex 74.6199 3.01371 3
      vertex 74.8787 2.71868 3
    endloop
  endfacet
  facet normal -0.649744 -0.7408 0.170433
    outer loop
      vertex 76.7172 4.55716 18
      vertex 74.8787 2.71868 3
      vertex 75.1737 2.45994 3
    endloop
  endfacet
  facet normal -0.933029 0.316877 0.170428
    outer loop
      vertex 74.2284 5.98805 3
      vertex 74.1022 5.61646 3
      vertex 76.6304 4.99307 18
    endloop
  endfacet
  facet normal 0.0644542 0.983259 0.170432
    outer loop
      vertex 77 7.84 3
      vertex 77 5.24 18
      vertex 77.3916 7.81433 3
    endloop
  endfacet
  facet normal 0 0 1
    outer loop
      vertex 77.3966 4.89221 18
      vertex 77.3966 4.78779 18
      vertex 77.4 4.84 18
    endloop
  endfacet
  facet normal 0 0 1
    outer loop
      vertex 77.3864 4.94353 18
      vertex 77.3966 4.78779 18
      vertex 77.3966 4.89221 18
    endloop
  endfacet
  facet normal 0 0 1
    outer loop
      vertex 77.3864 4.94353 18
      vertex 77.3864 4.73647 18
      vertex 77.3966 4.78779 18
    endloop
  endfacet
  facet normal 0 0 1
    outer loop
      vertex 77.3696 4.99307 18
      vertex 77.3864 4.73647 18
      vertex 77.3864 4.94353 18
    endloop
  endfacet
  facet normal 0 0 1
    outer loop
      vertex 77.3696 4.99307 18
      vertex 77.3696 4.68693 18
      vertex 77.3864 4.73647 18
    endloop
  endfacet
  facet normal 0 0 1
    outer loop
      vertex 77.3464 5.04 18
      vertex 77.3696 4.68693 18
      vertex 77.3696 4.99307 18
    endloop
  endfacet
  facet normal 0 0 1
    outer loop
      vertex 77.3464 5.04 18
      vertex 77.3464 4.64 18
      vertex 77.3696 4.68693 18
    endloop
  endfacet
  facet normal 0 0 1
    outer loop
      vertex 77.3173 5.0835 18
      vertex 77.3464 4.64 18
      vertex 77.3464 5.04 18
    endloop
  endfacet
  facet normal 0 0 1
    outer loop
      vertex 77.3173 5.0835 18
      vertex 77.3173 4.59649 18
      vertex 77.3464 4.64 18
    endloop
  endfacet
  facet normal 0 0 1
    outer loop
      vertex 77.2828 5.12284 18
      vertex 77.3173 4.59649 18
      vertex 77.3173 5.0835 18
    endloop
  endfacet
  facet normal 0 0 1
    outer loop
      vertex 77.2828 5.12284 18
      vertex 77.2828 4.55716 18
      vertex 77.3173 4.59649 18
    endloop
  endfacet
  facet normal 0 0 1
    outer loop
      vertex 77.2435 5.15734 18
      vertex 77.2828 4.55716 18
      vertex 77.2828 5.12284 18
    endloop
  endfacet
  facet normal 0 0 1
    outer loop
      vertex 77.2435 5.15734 18
      vertex 77.2435 4.52266 18
      vertex 77.2828 4.55716 18
    endloop
  endfacet
  facet normal 0 0 1
    outer loop
      vertex 77.2 5.18641 18
      vertex 77.2435 4.52266 18
      vertex 77.2435 5.15734 18
    endloop
  endfacet
  facet normal 0 0 1
    outer loop
      vertex 77.2 5.18641 18
      vertex 77.2 4.49359 18
      vertex 77.2435 4.52266 18
    endloop
  endfacet
  facet normal 0 0 1
    outer loop
      vertex 77.1531 5.20955 18
      vertex 77.2 4.49359 18
      vertex 77.2 5.18641 18
    endloop
  endfacet
  facet normal 0 0 1
    outer loop
      vertex 77.1531 5.20955 18
      vertex 77.1531 4.47045 18
      vertex 77.2 4.49359 18
    endloop
  endfacet
  facet normal 0 0 1
    outer loop
      vertex 77.1035 5.22637 18
      vertex 77.1531 4.47045 18
      vertex 77.1531 5.20955 18
    endloop
  endfacet
  facet normal 0 0 1
    outer loop
      vertex 77.1035 5.22637 18
      vertex 77.1035 4.45363 18
      vertex 77.1531 4.47045 18
    endloop
  endfacet
  facet normal 0 0 1
    outer loop
      vertex 77.0522 5.23658 18
      vertex 77.1035 4.45363 18
      vertex 77.1035 5.22637 18
    endloop
  endfacet
  facet normal 0 0 1
    outer loop
      vertex 77.0522 5.23658 18
      vertex 77.0522 4.44342 18
      vertex 77.1035 4.45363 18
    endloop
  endfacet
  facet normal 0 0 1
    outer loop
      vertex 77 5.24 18
      vertex 77.0522 4.44342 18
      vertex 77.0522 5.23658 18
    endloop
  endfacet
  facet normal 0 0 1
    outer loop
      vertex 77 5.24 18
      vertex 77 4.44 18
      vertex 77.0522 4.44342 18
    endloop
  endfacet
  facet normal -0 0 1
    outer loop
      vertex 76.9478 5.23658 18
      vertex 77 4.44 18
      vertex 77 5.24 18
    endloop
  endfacet
  facet normal 0 0 1
    outer loop
      vertex 76.9478 5.23658 18
      vertex 76.9478 4.44342 18
      vertex 77 4.44 18
    endloop
  endfacet
  facet normal -0 0 1
    outer loop
      vertex 76.8965 5.22637 18
      vertex 76.9478 4.44342 18
      vertex 76.9478 5.23658 18
    endloop
  endfacet
  facet normal 0 0 1
    outer loop
      vertex 76.8965 5.22637 18
      vertex 76.8965 4.45363 18
      vertex 76.9478 4.44342 18
    endloop
  endfacet
  facet normal -0 0 1
    outer loop
      vertex 76.8469 5.20955 18
      vertex 76.8965 4.45363 18
      vertex 76.8965 5.22637 18
    endloop
  endfacet
  facet normal 0 0 1
    outer loop
      vertex 76.8469 5.20955 18
      vertex 76.8469 4.47045 18
      vertex 76.8965 4.45363 18
    endloop
  endfacet
  facet normal -0 0 1
    outer loop
      vertex 76.8 5.18641 18
      vertex 76.8469 4.47045 18
      vertex 76.8469 5.20955 18
    endloop
  endfacet
  facet normal 0 0 1
    outer loop
      vertex 76.8 5.18641 18
      vertex 76.8 4.49359 18
      vertex 76.8469 4.47045 18
    endloop
  endfacet
  facet normal -0 0 1
    outer loop
      vertex 76.7565 5.15734 18
      vertex 76.8 4.49359 18
      vertex 76.8 5.18641 18
    endloop
  endfacet
  facet normal 0 0 1
    outer loop
      vertex 76.7565 5.15734 18
      vertex 76.7565 4.52266 18
      vertex 76.8 4.49359 18
    endloop
  endfacet
  facet normal -0 0 1
    outer loop
      vertex 76.7172 5.12284 18
      vertex 76.7565 4.52266 18
      vertex 76.7565 5.15734 18
    endloop
  endfacet
  facet normal 0 0 1
    outer loop
      vertex 76.7172 5.12284 18
      vertex 76.7172 4.55716 18
      vertex 76.7565 4.52266 18
    endloop
  endfacet
  facet normal -0 0 1
    outer loop
      vertex 76.6827 5.0835 18
      vertex 76.7172 4.55716 18
      vertex 76.7172 5.12284 18
    endloop
  endfacet
  facet normal 0 0 1
    outer loop
      vertex 76.6827 5.0835 18
      vertex 76.6827 4.59649 18
      vertex 76.7172 4.55716 18
    endloop
  endfacet
  facet normal -0 0 1
    outer loop
      vertex 76.6536 5.04 18
      vertex 76.6827 4.59649 18
      vertex 76.6827 5.0835 18
    endloop
  endfacet
  facet normal 0 0 1
    outer loop
      vertex 76.6536 5.04 18
      vertex 76.6536 4.64 18
      vertex 76.6827 4.59649 18
    endloop
  endfacet
  facet normal -0 0 1
    outer loop
      vertex 76.6304 4.99307 18
      vertex 76.6536 4.64 18
      vertex 76.6536 5.04 18
    endloop
  endfacet
  facet normal 0 0 1
    outer loop
      vertex 76.6304 4.99307 18
      vertex 76.6304 4.68693 18
      vertex 76.6536 4.64 18
    endloop
  endfacet
  facet normal -0 0 1
    outer loop
      vertex 76.6136 4.94353 18
      vertex 76.6304 4.68693 18
      vertex 76.6304 4.99307 18
    endloop
  endfacet
  facet normal 0 0 1
    outer loop
      vertex 76.6136 4.94353 18
      vertex 76.6136 4.73647 18
      vertex 76.6304 4.68693 18
    endloop
  endfacet
  facet normal -0 0 1
    outer loop
      vertex 76.6034 4.89221 18
      vertex 76.6136 4.73647 18
      vertex 76.6136 4.94353 18
    endloop
  endfacet
  facet normal 0 0 1
    outer loop
      vertex 76.6034 4.89221 18
      vertex 76.6034 4.78779 18
      vertex 76.6136 4.73647 18
    endloop
  endfacet
  facet normal 0 -0 1
    outer loop
      vertex 76.6034 4.78779 18
      vertex 76.6034 4.89221 18
      vertex 76.6 4.84 18
    endloop
  endfacet
  facet normal 0.54743 -0.819312 0.170432
    outer loop
      vertex 78.8263 2.45994 3
      vertex 77.2435 4.52266 18
      vertex 78.5 2.24192 3
    endloop
  endfacet
  facet normal 0.966466 -0.192088 0.17043
    outer loop
      vertex 77.3966 4.78779 18
      vertex 77.3864 4.73647 18
      vertex 79.8978 4.06354 3
    endloop
  endfacet
  facet normal 0.740769 0.64978 0.170434
    outer loop
      vertex 79.1213 6.96132 3
      vertex 77.2828 5.12284 18
      vertex 79.3801 6.66628 3
    endloop
  endfacet
  facet normal 0.435763 0.883778 0.17043
    outer loop
      vertex 78.148 7.61164 3
      vertex 77.1531 5.20955 18
      vertex 78.5 7.43808 3
    endloop
  endfacet
  facet normal -0.435992 0.883665 0.170434
    outer loop
      vertex 76.8469 5.20955 18
      vertex 75.5 7.43808 3
      vertex 76.8 5.18641 18
    endloop
  endfacet
  facet normal -0.0644542 0.983259 0.170432
    outer loop
      vertex 77 7.84 3
      vertex 76.6084 7.81433 3
      vertex 77 5.24 18
    endloop
  endfacet
  facet normal -0.966466 0.192088 0.17043
    outer loop
      vertex 76.6136 4.94353 18
      vertex 74.1022 5.61646 3
      vertex 76.6034 4.89221 18
    endloop
  endfacet
  facet normal 0.650071 -0.740515 0.170427
    outer loop
      vertex 77.2828 4.55716 18
      vertex 77.2435 4.52266 18
      vertex 78.8263 2.45994 3
    endloop
  endfacet
  facet normal -0.88333 0.436677 0.170416
    outer loop
      vertex 76.6536 5.04 18
      vertex 74.2284 5.98805 3
      vertex 76.6304 4.99307 18
    endloop
  endfacet
  facet normal 0.192341 0.966415 0.17043
    outer loop
      vertex 77.3916 7.81433 3
      vertex 77.0522 5.23658 18
      vertex 77.1035 5.22637 18
    endloop
  endfacet
  facet normal -0.966464 0.192097 0.17043
    outer loop
      vertex 74.1022 5.61646 3
      vertex 74.0257 5.23158 3
      vertex 76.6034 4.89221 18
    endloop
  endfacet
  facet normal -0.983255 0.0645325 0.170429
    outer loop
      vertex 74.0257 5.23158 3
      vertex 74 4.84 3
      vertex 76.6034 4.89221 18
    endloop
  endfacet
  facet normal -0.983286 0.0640332 0.170436
    outer loop
      vertex 76.6034 4.89221 18
      vertex 74 4.84 3
      vertex 76.6 4.84 18
    endloop
  endfacet
  facet normal 0.74076 -0.64979 0.170434
    outer loop
      vertex 90.3173 4.59649 18
      vertex 90.2828 4.55716 18
      vertex 92.3801 3.01371 3
    endloop
  endfacet
  facet normal 0.192233 -0.966436 0.170432
    outer loop
      vertex 90.7765 1.94222 3
      vertex 90.0522 4.44342 18
      vertex 90.3916 1.86566 3
    endloop
  endfacet
  facet normal -0.192233 -0.966436 0.170432
    outer loop
      vertex 89.9478 4.44342 18
      vertex 89.2235 1.94222 3
      vertex 89.6084 1.86566 3
    endloop
  endfacet
  facet normal 0.983286 0.0640332 0.170436
    outer loop
      vertex 93 4.84 3
      vertex 90.3966 4.89221 18
      vertex 90.4 4.84 18
    endloop
  endfacet
  facet normal 0.983255 0.0645325 0.170429
    outer loop
      vertex 92.9743 5.23158 3
      vertex 90.3966 4.89221 18
      vertex 93 4.84 3
    endloop
  endfacet
  facet normal -0.649745 0.7408 0.170432
    outer loop
      vertex 88.1737 7.22006 3
      vertex 87.8787 6.96132 3
      vertex 89.7565 5.15734 18
    endloop
  endfacet
  facet normal -0.819327 -0.547407 0.170436
    outer loop
      vertex 89.6827 4.59649 18
      vertex 87.4019 3.34 3
      vertex 87.6199 3.01371 3
    endloop
  endfacet
  facet normal -0.883325 -0.436675 0.170444
    outer loop
      vertex 89.6304 4.68693 18
      vertex 87.4019 3.34 3
      vertex 89.6536 4.64 18
    endloop
  endfacet
  facet normal 0.649745 0.7408 0.170432
    outer loop
      vertex 91.8263 7.22006 3
      vertex 90.2435 5.15734 18
      vertex 92.1213 6.96132 3
    endloop
  endfacet
  facet normal 0.0644292 -0.983261 0.170432
    outer loop
      vertex 90.0522 4.44342 18
      vertex 90 1.84 3
      vertex 90.3916 1.86566 3
    endloop
  endfacet
  facet normal -0.983286 -0.0640332 0.170436
    outer loop
      vertex 89.6 4.84 18
      vertex 87 4.84 3
      vertex 89.6034 4.78779 18
    endloop
  endfacet
  facet normal -0.933171 0.316457 0.170435
    outer loop
      vertex 89.6304 4.99307 18
      vertex 87.1022 5.61646 3
      vertex 89.6136 4.94353 18
    endloop
  endfacet
  facet normal 0.31681 0.933051 0.170431
    outer loop
      vertex 90.7765 7.73778 3
      vertex 90.1531 5.20955 18
      vertex 91.148 7.61164 3
    endloop
  endfacet
  facet normal 0.740758 -0.649792 0.170434
    outer loop
      vertex 92.3801 3.01371 3
      vertex 90.2828 4.55716 18
      vertex 92.1213 2.71868 3
    endloop
  endfacet
  facet normal -0.435992 -0.883665 0.170434
    outer loop
      vertex 89.8 4.49359 18
      vertex 88.5 2.24192 3
      vertex 89.8469 4.47045 18
    endloop
  endfacet
  facet normal -0.966464 -0.192097 0.17043
    outer loop
      vertex 89.6034 4.78779 18
      vertex 87.0257 4.44842 3
      vertex 87.1022 4.06354 3
    endloop
  endfacet
  facet normal -0.966466 -0.192088 0.17043
    outer loop
      vertex 89.6034 4.78779 18
      vertex 87.1022 4.06354 3
      vertex 89.6136 4.73647 18
    endloop
  endfacet
  facet normal 0.819066 -0.547801 0.170429
    outer loop
      vertex 90.3464 4.64 18
      vertex 90.3173 4.59649 18
      vertex 92.5981 3.34 3
    endloop
  endfacet
  facet normal -0.54743 -0.819312 0.170432
    outer loop
      vertex 89.7565 4.52266 18
      vertex 88.1737 2.45994 3
      vertex 88.5 2.24192 3
    endloop
  endfacet
  facet normal 0.819006 0.547886 0.170442
    outer loop
      vertex 92.3801 6.66628 3
      vertex 90.3173 5.0835 18
      vertex 90.3464 5.04 18
    endloop
  endfacet
  facet normal 0.192209 0.966441 0.170432
    outer loop
      vertex 90.3916 7.81433 3
      vertex 90.1035 5.22637 18
      vertex 90.7765 7.73778 3
    endloop
  endfacet
  facet normal -0.650071 -0.740515 0.170427
    outer loop
      vertex 89.7172 4.55716 18
      vertex 88.1737 2.45994 3
      vertex 89.7565 4.52266 18
    endloop
  endfacet
  facet normal 0.192341 -0.966415 0.170434
    outer loop
      vertex 90.1035 4.45363 18
      vertex 90.0522 4.44342 18
      vertex 90.7765 1.94222 3
    endloop
  endfacet
  facet normal 0.883325 -0.436675 0.170444
    outer loop
      vertex 90.3696 4.68693 18
      vertex 90.3464 4.64 18
      vertex 92.5981 3.34 3
    endloop
  endfacet
  facet normal 0.649744 -0.7408 0.170433
    outer loop
      vertex 92.1213 2.71868 3
      vertex 90.2828 4.55716 18
      vertex 91.8263 2.45994 3
    endloop
  endfacet
  facet normal 0.650069 0.740514 0.170438
    outer loop
      vertex 92.1213 6.96132 3
      vertex 90.2435 5.15734 18
      vertex 90.2828 5.12284 18
    endloop
  endfacet
  facet normal -0.883813 0.435691 0.170432
    outer loop
      vertex 87.4019 6.34 3
      vertex 87.2284 5.98805 3
      vertex 89.6536 5.04 18
    endloop
  endfacet
  facet normal -0.192341 -0.966415 0.170434
    outer loop
      vertex 89.8965 4.45363 18
      vertex 89.2235 1.94222 3
      vertex 89.9478 4.44342 18
    endloop
  endfacet
  facet normal 0.81932 0.547419 0.170434
    outer loop
      vertex 92.3801 6.66628 3
      vertex 90.3464 5.04 18
      vertex 92.5981 6.34 3
    endloop
  endfacet
  facet normal 0.966464 -0.192097 0.17043
    outer loop
      vertex 92.9743 4.44842 3
      vertex 90.3966 4.78779 18
      vertex 92.8978 4.06354 3
    endloop
  endfacet
  facet normal 0.966464 0.192097 0.17043
    outer loop
      vertex 92.8978 5.61646 3
      vertex 90.3966 4.89221 18
      vertex 92.9743 5.23158 3
    endloop
  endfacet
  facet normal 0.966466 0.192088 0.17043
    outer loop
      vertex 92.8978 5.61646 3
      vertex 90.3864 4.94353 18
      vertex 90.3966 4.89221 18
    endloop
  endfacet
  facet normal -0.933171 -0.316457 0.170435
    outer loop
      vertex 89.6136 4.73647 18
      vertex 87.1022 4.06354 3
      vertex 89.6304 4.68693 18
    endloop
  endfacet
  facet normal -0.74076 -0.64979 0.170434
    outer loop
      vertex 89.6827 4.59649 18
      vertex 87.6199 3.01371 3
      vertex 89.7172 4.55716 18
    endloop
  endfacet
  facet normal 0.883814 -0.435692 0.170428
    outer loop
      vertex 92.7716 3.69195 3
      vertex 90.3696 4.68693 18
      vertex 92.5981 3.34 3
    endloop
  endfacet
  facet normal 0.933029 -0.316877 0.170428
    outer loop
      vertex 92.8978 4.06354 3
      vertex 90.3696 4.68693 18
      vertex 92.7716 3.69195 3
    endloop
  endfacet
  facet normal -0.81932 0.547419 0.170434
    outer loop
      vertex 87.6199 6.66628 3
      vertex 87.4019 6.34 3
      vertex 89.6536 5.04 18
    endloop
  endfacet
  facet normal 0.54743 0.819312 0.170432
    outer loop
      vertex 91.5 7.43808 3
      vertex 90.2435 5.15734 18
      vertex 91.8263 7.22006 3
    endloop
  endfacet
  facet normal -0.31681 -0.933051 0.170431
    outer loop
      vertex 89.8469 4.47045 18
      vertex 88.852 2.06836 3
      vertex 89.2235 1.94222 3
    endloop
  endfacet
  facet normal -0.933029 -0.316877 0.170428
    outer loop
      vertex 89.6304 4.68693 18
      vertex 87.1022 4.06354 3
      vertex 87.2284 3.69195 3
    endloop
  endfacet
  facet normal -0.0644206 -0.983261 0.170432
    outer loop
      vertex 90 4.44 18
      vertex 89.9478 4.44342 18
      vertex 90 1.84 3
    endloop
  endfacet
  facet normal 0.435992 0.883665 0.170434
    outer loop
      vertex 91.5 7.43808 3
      vertex 90.1531 5.20955 18
      vertex 90.2 5.18641 18
    endloop
  endfacet
  facet normal 0.740842 0.649696 0.170436
    outer loop
      vertex 92.3801 6.66628 3
      vertex 90.2828 5.12284 18
      vertex 90.3173 5.0835 18
    endloop
  endfacet
  facet normal 0.883813 0.435691 0.170432
    outer loop
      vertex 92.5981 6.34 3
      vertex 90.3464 5.04 18
      vertex 92.7716 5.98805 3
    endloop
  endfacet
  facet normal -0.883814 -0.435692 0.170428
    outer loop
      vertex 89.6304 4.68693 18
      vertex 87.2284 3.69195 3
      vertex 87.4019 3.34 3
    endloop
  endfacet
  facet normal -0.0644292 -0.983261 0.170432
    outer loop
      vertex 89.9478 4.44342 18
      vertex 89.6084 1.86566 3
      vertex 90 1.84 3
    endloop
  endfacet
  facet normal -0.983255 -0.0645325 0.170429
    outer loop
      vertex 89.6034 4.78779 18
      vertex 87 4.84 3
      vertex 87.0257 4.44842 3
    endloop
  endfacet
  facet normal 0.933171 -0.316457 0.170435
    outer loop
      vertex 90.3864 4.73647 18
      vertex 90.3696 4.68693 18
      vertex 92.8978 4.06354 3
    endloop
  endfacet
  facet normal -0.316451 0.933172 0.170437
    outer loop
      vertex 89.8965 5.22637 18
      vertex 89.2235 7.73778 3
      vertex 89.8469 5.20955 18
    endloop
  endfacet
  facet normal -0.31681 0.933051 0.170431
    outer loop
      vertex 89.2235 7.73778 3
      vertex 88.852 7.61164 3
      vertex 89.8469 5.20955 18
    endloop
  endfacet
  facet normal 0.31681 -0.933051 0.170431
    outer loop
      vertex 91.148 2.06836 3
      vertex 90.1531 4.47045 18
      vertex 90.7765 1.94222 3
    endloop
  endfacet
  facet normal 0.88333 0.436677 0.170416
    outer loop
      vertex 92.7716 5.98805 3
      vertex 90.3464 5.04 18
      vertex 90.3696 4.99307 18
    endloop
  endfacet
  facet normal -0.192341 0.966415 0.17043
    outer loop
      vertex 89.9478 5.23658 18
      vertex 89.6084 7.81433 3
      vertex 89.8965 5.22637 18
    endloop
  endfacet
  facet normal -0.740769 0.64978 0.170434
    outer loop
      vertex 87.8787 6.96132 3
      vertex 87.6199 6.66628 3
      vertex 89.7172 5.12284 18
    endloop
  endfacet
  facet normal -0.819066 -0.547801 0.170429
    outer loop
      vertex 89.6536 4.64 18
      vertex 87.4019 3.34 3
      vertex 89.6827 4.59649 18
    endloop
  endfacet
  facet normal -0.435763 0.883778 0.17043
    outer loop
      vertex 88.852 7.61164 3
      vertex 88.5 7.43808 3
      vertex 89.8469 5.20955 18
    endloop
  endfacet
  facet normal 0.933171 0.316457 0.170435
    outer loop
      vertex 92.8978 5.61646 3
      vertex 90.3696 4.99307 18
      vertex 90.3864 4.94353 18
    endloop
  endfacet
  facet normal -0.0644206 0.983262 0.170431
    outer loop
      vertex 90 5.24 18
      vertex 89.6084 7.81433 3
      vertex 89.9478 5.23658 18
    endloop
  endfacet
  facet normal -0.740842 0.649696 0.170436
    outer loop
      vertex 89.7172 5.12284 18
      vertex 87.6199 6.66628 3
      vertex 89.6827 5.0835 18
    endloop
  endfacet
  facet normal -0.316451 -0.933172 0.170437
    outer loop
      vertex 89.8469 4.47045 18
      vertex 89.2235 1.94222 3
      vertex 89.8965 4.45363 18
    endloop
  endfacet
  facet normal 0.435992 -0.883665 0.170434
    outer loop
      vertex 90.2 4.49359 18
      vertex 90.1531 4.47045 18
      vertex 91.5 2.24192 3
    endloop
  endfacet
  facet normal 0.316451 0.933172 0.170437
    outer loop
      vertex 90.7765 7.73778 3
      vertex 90.1035 5.22637 18
      vertex 90.1531 5.20955 18
    endloop
  endfacet
  facet normal 0.819327 -0.547407 0.170436
    outer loop
      vertex 92.5981 3.34 3
      vertex 90.3173 4.59649 18
      vertex 92.3801 3.01371 3
    endloop
  endfacet
  facet normal 0.983255 -0.0645325 0.170429
    outer loop
      vertex 93 4.84 3
      vertex 90.3966 4.78779 18
      vertex 92.9743 4.44842 3
    endloop
  endfacet
  facet normal 0.983286 -0.0640332 0.170436
    outer loop
      vertex 90.4 4.84 18
      vertex 90.3966 4.78779 18
      vertex 93 4.84 3
    endloop
  endfacet
  facet normal 0.547497 0.819268 0.170431
    outer loop
      vertex 91.5 7.43808 3
      vertex 90.2 5.18641 18
      vertex 90.2435 5.15734 18
    endloop
  endfacet
  facet normal -0.547497 0.819268 0.170431
    outer loop
      vertex 89.8 5.18641 18
      vertex 88.5 7.43808 3
      vertex 89.7565 5.15734 18
    endloop
  endfacet
  facet normal -0.435763 -0.883778 0.17043
    outer loop
      vertex 89.8469 4.47045 18
      vertex 88.5 2.24192 3
      vertex 88.852 2.06836 3
    endloop
  endfacet
  facet normal -0.547497 -0.819268 0.170431
    outer loop
      vertex 89.7565 4.52266 18
      vertex 88.5 2.24192 3
      vertex 89.8 4.49359 18
    endloop
  endfacet
  facet normal 0.933029 0.316877 0.170428
    outer loop
      vertex 92.7716 5.98805 3
      vertex 90.3696 4.99307 18
      vertex 92.8978 5.61646 3
    endloop
  endfacet
  facet normal -0.650069 0.740514 0.170438
    outer loop
      vertex 89.7565 5.15734 18
      vertex 87.8787 6.96132 3
      vertex 89.7172 5.12284 18
    endloop
  endfacet
  facet normal 0.547497 -0.819268 0.170431
    outer loop
      vertex 90.2435 4.52266 18
      vertex 90.2 4.49359 18
      vertex 91.5 2.24192 3
    endloop
  endfacet
  facet normal -0.819006 0.547886 0.170442
    outer loop
      vertex 89.6827 5.0835 18
      vertex 87.6199 6.66628 3
      vertex 89.6536 5.04 18
    endloop
  endfacet
  facet normal 0.435763 -0.883778 0.17043
    outer loop
      vertex 91.5 2.24192 3
      vertex 90.1531 4.47045 18
      vertex 91.148 2.06836 3
    endloop
  endfacet
  facet normal 0.0644206 -0.983261 0.170432
    outer loop
      vertex 90 4.44 18
      vertex 90 1.84 3
      vertex 90.0522 4.44342 18
    endloop
  endfacet
  facet normal 0.0644206 0.983262 0.170431
    outer loop
      vertex 90.3916 7.81433 3
      vertex 90 5.24 18
      vertex 90.0522 5.23658 18
    endloop
  endfacet
  facet normal -0.54743 0.819312 0.170432
    outer loop
      vertex 88.5 7.43808 3
      vertex 88.1737 7.22006 3
      vertex 89.7565 5.15734 18
    endloop
  endfacet
  facet normal -0.192209 0.966441 0.170432
    outer loop
      vertex 89.6084 7.81433 3
      vertex 89.2235 7.73778 3
      vertex 89.8965 5.22637 18
    endloop
  endfacet
  facet normal 0.316451 -0.933172 0.170437
    outer loop
      vertex 90.1531 4.47045 18
      vertex 90.1035 4.45363 18
      vertex 90.7765 1.94222 3
    endloop
  endfacet
  facet normal -0.740758 -0.649792 0.170434
    outer loop
      vertex 89.7172 4.55716 18
      vertex 87.6199 3.01371 3
      vertex 87.8787 2.71868 3
    endloop
  endfacet
  facet normal -0.649744 -0.7408 0.170433
    outer loop
      vertex 89.7172 4.55716 18
      vertex 87.8787 2.71868 3
      vertex 88.1737 2.45994 3
    endloop
  endfacet
  facet normal -0.933029 0.316877 0.170428
    outer loop
      vertex 87.2284 5.98805 3
      vertex 87.1022 5.61646 3
      vertex 89.6304 4.99307 18
    endloop
  endfacet
  facet normal 0.0644542 0.983259 0.170432
    outer loop
      vertex 90 7.84 3
      vertex 90 5.24 18
      vertex 90.3916 7.81433 3
    endloop
  endfacet
  facet normal 0 0 1
    outer loop
      vertex 90.3966 4.89221 18
      vertex 90.3966 4.78779 18
      vertex 90.4 4.84 18
    endloop
  endfacet
  facet normal 0 0 1
    outer loop
      vertex 90.3864 4.94353 18
      vertex 90.3966 4.78779 18
      vertex 90.3966 4.89221 18
    endloop
  endfacet
  facet normal 0 0 1
    outer loop
      vertex 90.3864 4.94353 18
      vertex 90.3864 4.73647 18
      vertex 90.3966 4.78779 18
    endloop
  endfacet
  facet normal 0 0 1
    outer loop
      vertex 90.3696 4.99307 18
      vertex 90.3864 4.73647 18
      vertex 90.3864 4.94353 18
    endloop
  endfacet
  facet normal 0 0 1
    outer loop
      vertex 90.3696 4.99307 18
      vertex 90.3696 4.68693 18
      vertex 90.3864 4.73647 18
    endloop
  endfacet
  facet normal 0 0 1
    outer loop
      vertex 90.3464 5.04 18
      vertex 90.3696 4.68693 18
      vertex 90.3696 4.99307 18
    endloop
  endfacet
  facet normal 0 0 1
    outer loop
      vertex 90.3464 5.04 18
      vertex 90.3464 4.64 18
      vertex 90.3696 4.68693 18
    endloop
  endfacet
  facet normal 0 0 1
    outer loop
      vertex 90.3173 5.0835 18
      vertex 90.3464 4.64 18
      vertex 90.3464 5.04 18
    endloop
  endfacet
  facet normal 0 0 1
    outer loop
      vertex 90.3173 5.0835 18
      vertex 90.3173 4.59649 18
      vertex 90.3464 4.64 18
    endloop
  endfacet
  facet normal 0 0 1
    outer loop
      vertex 90.2828 5.12284 18
      vertex 90.3173 4.59649 18
      vertex 90.3173 5.0835 18
    endloop
  endfacet
  facet normal 0 0 1
    outer loop
      vertex 90.2828 5.12284 18
      vertex 90.2828 4.55716 18
      vertex 90.3173 4.59649 18
    endloop
  endfacet
  facet normal 0 0 1
    outer loop
      vertex 90.2435 5.15734 18
      vertex 90.2828 4.55716 18
      vertex 90.2828 5.12284 18
    endloop
  endfacet
  facet normal 0 0 1
    outer loop
      vertex 90.2435 5.15734 18
      vertex 90.2435 4.52266 18
      vertex 90.2828 4.55716 18
    endloop
  endfacet
  facet normal 0 0 1
    outer loop
      vertex 90.2 5.18641 18
      vertex 90.2435 4.52266 18
      vertex 90.2435 5.15734 18
    endloop
  endfacet
  facet normal 0 0 1
    outer loop
      vertex 90.2 5.18641 18
      vertex 90.2 4.49359 18
      vertex 90.2435 4.52266 18
    endloop
  endfacet
  facet normal 0 0 1
    outer loop
      vertex 90.1531 5.20955 18
      vertex 90.2 4.49359 18
      vertex 90.2 5.18641 18
    endloop
  endfacet
  facet normal 0 0 1
    outer loop
      vertex 90.1531 5.20955 18
      vertex 90.1531 4.47045 18
      vertex 90.2 4.49359 18
    endloop
  endfacet
  facet normal 0 0 1
    outer loop
      vertex 90.1035 5.22637 18
      vertex 90.1531 4.47045 18
      vertex 90.1531 5.20955 18
    endloop
  endfacet
  facet normal 0 0 1
    outer loop
      vertex 90.1035 5.22637 18
      vertex 90.1035 4.45363 18
      vertex 90.1531 4.47045 18
    endloop
  endfacet
  facet normal 0 0 1
    outer loop
      vertex 90.0522 5.23658 18
      vertex 90.1035 4.45363 18
      vertex 90.1035 5.22637 18
    endloop
  endfacet
  facet normal 0 0 1
    outer loop
      vertex 90.0522 5.23658 18
      vertex 90.0522 4.44342 18
      vertex 90.1035 4.45363 18
    endloop
  endfacet
  facet normal 0 0 1
    outer loop
      vertex 90 5.24 18
      vertex 90.0522 4.44342 18
      vertex 90.0522 5.23658 18
    endloop
  endfacet
  facet normal 0 0 1
    outer loop
      vertex 90 5.24 18
      vertex 90 4.44 18
      vertex 90.0522 4.44342 18
    endloop
  endfacet
  facet normal -0 0 1
    outer loop
      vertex 89.9478 5.23658 18
      vertex 90 4.44 18
      vertex 90 5.24 18
    endloop
  endfacet
  facet normal 0 0 1
    outer loop
      vertex 89.9478 5.23658 18
      vertex 89.9478 4.44342 18
      vertex 90 4.44 18
    endloop
  endfacet
  facet normal -0 0 1
    outer loop
      vertex 89.8965 5.22637 18
      vertex 89.9478 4.44342 18
      vertex 89.9478 5.23658 18
    endloop
  endfacet
  facet normal 0 0 1
    outer loop
      vertex 89.8965 5.22637 18
      vertex 89.8965 4.45363 18
      vertex 89.9478 4.44342 18
    endloop
  endfacet
  facet normal -0 0 1
    outer loop
      vertex 89.8469 5.20955 18
      vertex 89.8965 4.45363 18
      vertex 89.8965 5.22637 18
    endloop
  endfacet
  facet normal 0 0 1
    outer loop
      vertex 89.8469 5.20955 18
      vertex 89.8469 4.47045 18
      vertex 89.8965 4.45363 18
    endloop
  endfacet
  facet normal -0 0 1
    outer loop
      vertex 89.8 5.18641 18
      vertex 89.8469 4.47045 18
      vertex 89.8469 5.20955 18
    endloop
  endfacet
  facet normal 0 0 1
    outer loop
      vertex 89.8 5.18641 18
      vertex 89.8 4.49359 18
      vertex 89.8469 4.47045 18
    endloop
  endfacet
  facet normal -0 0 1
    outer loop
      vertex 89.7565 5.15734 18
      vertex 89.8 4.49359 18
      vertex 89.8 5.18641 18
    endloop
  endfacet
  facet normal 0 0 1
    outer loop
      vertex 89.7565 5.15734 18
      vertex 89.7565 4.52266 18
      vertex 89.8 4.49359 18
    endloop
  endfacet
  facet normal -0 0 1
    outer loop
      vertex 89.7172 5.12284 18
      vertex 89.7565 4.52266 18
      vertex 89.7565 5.15734 18
    endloop
  endfacet
  facet normal 0 0 1
    outer loop
      vertex 89.7172 5.12284 18
      vertex 89.7172 4.55716 18
      vertex 89.7565 4.52266 18
    endloop
  endfacet
  facet normal -0 0 1
    outer loop
      vertex 89.6827 5.0835 18
      vertex 89.7172 4.55716 18
      vertex 89.7172 5.12284 18
    endloop
  endfacet
  facet normal 0 0 1
    outer loop
      vertex 89.6827 5.0835 18
      vertex 89.6827 4.59649 18
      vertex 89.7172 4.55716 18
    endloop
  endfacet
  facet normal -0 0 1
    outer loop
      vertex 89.6536 5.04 18
      vertex 89.6827 4.59649 18
      vertex 89.6827 5.0835 18
    endloop
  endfacet
  facet normal 0 0 1
    outer loop
      vertex 89.6536 5.04 18
      vertex 89.6536 4.64 18
      vertex 89.6827 4.59649 18
    endloop
  endfacet
  facet normal -0 0 1
    outer loop
      vertex 89.6304 4.99307 18
      vertex 89.6536 4.64 18
      vertex 89.6536 5.04 18
    endloop
  endfacet
  facet normal 0 0 1
    outer loop
      vertex 89.6304 4.99307 18
      vertex 89.6304 4.68693 18
      vertex 89.6536 4.64 18
    endloop
  endfacet
  facet normal -0 0 1
    outer loop
      vertex 89.6136 4.94353 18
      vertex 89.6304 4.68693 18
      vertex 89.6304 4.99307 18
    endloop
  endfacet
  facet normal 0 0 1
    outer loop
      vertex 89.6136 4.94353 18
      vertex 89.6136 4.73647 18
      vertex 89.6304 4.68693 18
    endloop
  endfacet
  facet normal -0 0 1
    outer loop
      vertex 89.6034 4.89221 18
      vertex 89.6136 4.73647 18
      vertex 89.6136 4.94353 18
    endloop
  endfacet
  facet normal 0 0 1
    outer loop
      vertex 89.6034 4.89221 18
      vertex 89.6034 4.78779 18
      vertex 89.6136 4.73647 18
    endloop
  endfacet
  facet normal 0 -0 1
    outer loop
      vertex 89.6034 4.78779 18
      vertex 89.6034 4.89221 18
      vertex 89.6 4.84 18
    endloop
  endfacet
  facet normal 0.54743 -0.819312 0.170432
    outer loop
      vertex 91.8263 2.45994 3
      vertex 90.2435 4.52266 18
      vertex 91.5 2.24192 3
    endloop
  endfacet
  facet normal 0.966466 -0.192088 0.17043
    outer loop
      vertex 90.3966 4.78779 18
      vertex 90.3864 4.73647 18
      vertex 92.8978 4.06354 3
    endloop
  endfacet
  facet normal 0.740769 0.64978 0.170434
    outer loop
      vertex 92.1213 6.96132 3
      vertex 90.2828 5.12284 18
      vertex 92.3801 6.66628 3
    endloop
  endfacet
  facet normal 0.435763 0.883778 0.17043
    outer loop
      vertex 91.148 7.61164 3
      vertex 90.1531 5.20955 18
      vertex 91.5 7.43808 3
    endloop
  endfacet
  facet normal -0.435992 0.883665 0.170434
    outer loop
      vertex 89.8469 5.20955 18
      vertex 88.5 7.43808 3
      vertex 89.8 5.18641 18
    endloop
  endfacet
  facet normal -0.0644542 0.983259 0.170432
    outer loop
      vertex 90 7.84 3
      vertex 89.6084 7.81433 3
      vertex 90 5.24 18
    endloop
  endfacet
  facet normal -0.966466 0.192088 0.17043
    outer loop
      vertex 89.6136 4.94353 18
      vertex 87.1022 5.61646 3
      vertex 89.6034 4.89221 18
    endloop
  endfacet
  facet normal 0.650071 -0.740515 0.170427
    outer loop
      vertex 90.2828 4.55716 18
      vertex 90.2435 4.52266 18
      vertex 91.8263 2.45994 3
    endloop
  endfacet
  facet normal -0.88333 0.436677 0.170416
    outer loop
      vertex 89.6536 5.04 18
      vertex 87.2284 5.98805 3
      vertex 89.6304 4.99307 18
    endloop
  endfacet
  facet normal 0.192341 0.966415 0.17043
    outer loop
      vertex 90.3916 7.81433 3
      vertex 90.0522 5.23658 18
      vertex 90.1035 5.22637 18
    endloop
  endfacet
  facet normal -0.966464 0.192097 0.17043
    outer loop
      vertex 87.1022 5.61646 3
      vertex 87.0257 5.23158 3
      vertex 89.6034 4.89221 18
    endloop
  endfacet
  facet normal -0.983255 0.0645325 0.170429
    outer loop
      vertex 87.0257 5.23158 3
      vertex 87 4.84 3
      vertex 89.6034 4.89221 18
    endloop
  endfacet
  facet normal -0.983286 0.0640332 0.170436
    outer loop
      vertex 89.6034 4.89221 18
      vertex 87 4.84 3
      vertex 89.6 4.84 18
    endloop
  endfacet
  facet normal 0.745428 -0.644407 0.170518
    outer loop
      vertex 103.317 4.59649 18
      vertex 103.283 4.55716 18
      vertex 105.38 3.01371 3
    endloop
  endfacet
  facet normal 0.192666 -0.96635 0.170435
    outer loop
      vertex 103.776 1.94222 3
      vertex 103.052 4.44342 18
      vertex 103.392 1.86566 3
    endloop
  endfacet
  facet normal -0.192666 -0.96635 0.170435
    outer loop
      vertex 102.948 4.44342 18
      vertex 102.224 1.94222 3
      vertex 102.608 1.86566 3
    endloop
  endfacet
  facet normal 0.983733 0.0565255 0.170514
    outer loop
      vertex 106 4.84 3
      vertex 103.397 4.89221 18
      vertex 103.4 4.84 18
    endloop
  endfacet
  facet normal 0.983211 0.0652829 0.170393
    outer loop
      vertex 105.974 5.23158 3
      vertex 103.397 4.89221 18
      vertex 106 4.84 3
    endloop
  endfacet
  facet normal -0.649748 0.740805 0.170398
    outer loop
      vertex 101.174 7.22006 3
      vertex 100.879 6.96132 3
      vertex 102.756 5.15734 18
    endloop
  endfacet
  facet normal -0.819326 -0.547406 0.170446
    outer loop
      vertex 102.683 4.59649 18
      vertex 100.402 3.34 3
      vertex 100.62 3.01371 3
    endloop
  endfacet
  facet normal -0.87728 -0.448641 0.170591
    outer loop
      vertex 102.63 4.68693 18
      vertex 100.402 3.34 3
      vertex 102.654 4.64 18
    endloop
  endfacet
  facet normal 0.649748 0.740805 0.170398
    outer loop
      vertex 104.826 7.22006 3
      vertex 103.244 5.15734 18
      vertex 105.121 6.96132 3
    endloop
  endfacet
  facet normal 0.0643637 -0.983265 0.170434
    outer loop
      vertex 103.052 4.44342 18
      vertex 103 1.84 3
      vertex 103.392 1.86566 3
    endloop
  endfacet
  facet normal -0.983733 -0.0565255 0.170514
    outer loop
      vertex 102.6 4.84 18
      vertex 100 4.84 3
      vertex 102.603 4.78779 18
    endloop
  endfacet
  facet normal -0.937648 0.302833 0.170611
    outer loop
      vertex 102.63 4.99307 18
      vertex 100.102 5.61646 3
      vertex 102.614 4.94353 18
    endloop
  endfacet
  facet normal 0.316429 0.933181 0.170429
    outer loop
      vertex 103.776 7.73778 3
      vertex 103.153 5.20955 18
      vertex 104.148 7.61164 3
    endloop
  endfacet
  facet normal 0.740512 -0.650078 0.170414
    outer loop
      vertex 105.38 3.01371 3
      vertex 103.283 4.55716 18
      vertex 105.121 2.71868 3
    endloop
  endfacet
  facet normal -0.435246 -0.884034 0.170425
    outer loop
      vertex 102.8 4.49359 18
      vertex 101.5 2.24192 3
      vertex 102.847 4.47045 18
    endloop
  endfacet
  facet normal -0.966708 -0.19089 0.170399
    outer loop
      vertex 102.603 4.78779 18
      vertex 100.026 4.44842 3
      vertex 100.102 4.06354 3
    endloop
  endfacet
  facet normal -0.963455 -0.206508 0.170611
    outer loop
      vertex 102.603 4.78779 18
      vertex 100.102 4.06354 3
      vertex 102.614 4.73647 18
    endloop
  endfacet
  facet normal 0.819931 -0.546495 0.170462
    outer loop
      vertex 103.346 4.64 18
      vertex 103.317 4.59649 18
      vertex 105.598 3.34 3
    endloop
  endfacet
  facet normal -0.547781 -0.819083 0.170409
    outer loop
      vertex 102.756 4.52266 18
      vertex 101.174 2.45994 3
      vertex 101.5 2.24192 3
    endloop
  endfacet
  facet normal 0.819876 0.546584 0.170435
    outer loop
      vertex 105.38 6.66628 3
      vertex 103.317 5.0835 18
      vertex 103.346 5.04 18
    endloop
  endfacet
  facet normal 0.192642 0.966356 0.170425
    outer loop
      vertex 103.392 7.81433 3
      vertex 103.104 5.22637 18
      vertex 103.776 7.73778 3
    endloop
  endfacet
  facet normal -0.652889 -0.738049 0.170351
    outer loop
      vertex 102.717 4.55716 18
      vertex 101.174 2.45994 3
      vertex 102.756 4.52266 18
    endloop
  endfacet
  facet normal 0.18985 -0.966914 0.170393
    outer loop
      vertex 103.104 4.45363 18
      vertex 103.052 4.44342 18
      vertex 103.776 1.94222 3
    endloop
  endfacet
  facet normal 0.87728 -0.448641 0.170591
    outer loop
      vertex 103.37 4.68693 18
      vertex 103.346 4.64 18
      vertex 105.598 3.34 3
    endloop
  endfacet
  facet normal 0.649747 -0.740803 0.170412
    outer loop
      vertex 105.121 2.71868 3
      vertex 103.283 4.55716 18
      vertex 104.826 2.45994 3
    endloop
  endfacet
  facet normal 0.652877 0.738035 0.170457
    outer loop
      vertex 105.121 6.96132 3
      vertex 103.244 5.15734 18
      vertex 103.283 5.12284 18
    endloop
  endfacet
  facet normal -0.88331 0.436698 0.170462
    outer loop
      vertex 100.402 6.34 3
      vertex 100.228 5.98805 3
      vertex 102.654 5.04 18
    endloop
  endfacet
  facet normal -0.18985 -0.966914 0.170393
    outer loop
      vertex 102.896 4.45363 18
      vertex 102.224 1.94222 3
      vertex 102.948 4.44342 18
    endloop
  endfacet
  facet normal 0.819318 0.547417 0.17045
    outer loop
      vertex 105.38 6.66628 3
      vertex 103.346 5.04 18
      vertex 105.598 6.34 3
    endloop
  endfacet
  facet normal 0.966708 -0.19089 0.170399
    outer loop
      vertex 105.974 4.44842 3
      vertex 103.397 4.78779 18
      vertex 105.898 4.06354 3
    endloop
  endfacet
  facet normal 0.966708 0.19089 0.170399
    outer loop
      vertex 105.898 5.61646 3
      vertex 103.397 4.89221 18
      vertex 105.974 5.23158 3
    endloop
  endfacet
  facet normal 0.963455 0.206508 0.170611
    outer loop
      vertex 105.898 5.61646 3
      vertex 103.386 4.94353 18
      vertex 103.397 4.89221 18
    endloop
  endfacet
  facet normal -0.937648 -0.302833 0.170611
    outer loop
      vertex 102.614 4.73647 18
      vertex 100.102 4.06354 3
      vertex 102.63 4.68693 18
    endloop
  endfacet
  facet normal -0.745428 -0.644407 0.170518
    outer loop
      vertex 102.683 4.59649 18
      vertex 100.62 3.01371 3
      vertex 102.717 4.55716 18
    endloop
  endfacet
  facet normal 0.883318 -0.436702 0.170416
    outer loop
      vertex 105.772 3.69195 3
      vertex 103.37 4.68693 18
      vertex 105.598 3.34 3
    endloop
  endfacet
  facet normal 0.933183 -0.316427 0.170423
    outer loop
      vertex 105.898 4.06354 3
      vertex 103.37 4.68693 18
      vertex 105.772 3.69195 3
    endloop
  endfacet
  facet normal -0.819318 0.547417 0.17045
    outer loop
      vertex 100.62 6.66628 3
      vertex 100.402 6.34 3
      vertex 102.654 5.04 18
    endloop
  endfacet
  facet normal 0.547781 0.819083 0.170409
    outer loop
      vertex 104.5 7.43808 3
      vertex 103.244 5.15734 18
      vertex 104.826 7.22006 3
    endloop
  endfacet
  facet normal -0.316429 -0.933181 0.170429
    outer loop
      vertex 102.847 4.47045 18
      vertex 101.852 2.06836 3
      vertex 102.224 1.94222 3
    endloop
  endfacet
  facet normal -0.933183 -0.316427 0.170423
    outer loop
      vertex 102.63 4.68693 18
      vertex 100.102 4.06354 3
      vertex 100.228 3.69195 3
    endloop
  endfacet
  facet normal -0.0646673 -0.983246 0.170429
    outer loop
      vertex 103 4.44 18
      vertex 102.948 4.44342 18
      vertex 103 1.84 3
    endloop
  endfacet
  facet normal 0.435246 0.884034 0.170425
    outer loop
      vertex 104.5 7.43808 3
      vertex 103.153 5.20955 18
      vertex 103.2 5.18641 18
    endloop
  endfacet
  facet normal 0.745509 0.644314 0.170519
    outer loop
      vertex 105.38 6.66628 3
      vertex 103.283 5.12284 18
      vertex 103.317 5.0835 18
    endloop
  endfacet
  facet normal 0.88331 0.436698 0.170462
    outer loop
      vertex 105.598 6.34 3
      vertex 103.346 5.04 18
      vertex 105.772 5.98805 3
    endloop
  endfacet
  facet normal -0.883318 -0.436702 0.170416
    outer loop
      vertex 102.63 4.68693 18
      vertex 100.228 3.69195 3
      vertex 100.402 3.34 3
    endloop
  endfacet
  facet normal -0.0643637 -0.983265 0.170434
    outer loop
      vertex 102.948 4.44342 18
      vertex 102.608 1.86566 3
      vertex 103 1.84 3
    endloop
  endfacet
  facet normal -0.983211 -0.0652829 0.170393
    outer loop
      vertex 102.603 4.78779 18
      vertex 100 4.84 3
      vertex 100.026 4.44842 3
    endloop
  endfacet
  facet normal 0.937648 -0.302833 0.170611
    outer loop
      vertex 103.386 4.73647 18
      vertex 103.37 4.68693 18
      vertex 105.898 4.06354 3
    endloop
  endfacet
  facet normal -0.319923 0.931999 0.170375
    outer loop
      vertex 102.896 5.22637 18
      vertex 102.224 7.73778 3
      vertex 102.847 5.20955 18
    endloop
  endfacet
  facet normal -0.316429 0.933181 0.170429
    outer loop
      vertex 102.224 7.73778 3
      vertex 101.852 7.61164 3
      vertex 102.847 5.20955 18
    endloop
  endfacet
  facet normal 0.316429 -0.933181 0.170429
    outer loop
      vertex 104.148 2.06836 3
      vertex 103.153 4.47045 18
      vertex 103.776 1.94222 3
    endloop
  endfacet
  facet normal 0.877332 0.448668 0.170251
    outer loop
      vertex 105.772 5.98805 3
      vertex 103.346 5.04 18
      vertex 103.37 4.99307 18
    endloop
  endfacet
  facet normal -0.189847 0.966902 0.170465
    outer loop
      vertex 102.948 5.23658 18
      vertex 102.608 7.81433 3
      vertex 102.896 5.22637 18
    endloop
  endfacet
  facet normal -0.740523 0.650066 0.170414
    outer loop
      vertex 100.879 6.96132 3
      vertex 100.62 6.66628 3
      vertex 102.717 5.12284 18
    endloop
  endfacet
  facet normal -0.819931 -0.546495 0.170462
    outer loop
      vertex 102.654 4.64 18
      vertex 100.402 3.34 3
      vertex 102.683 4.59649 18
    endloop
  endfacet
  facet normal -0.435763 0.883778 0.170433
    outer loop
      vertex 101.852 7.61164 3
      vertex 101.5 7.43808 3
      vertex 102.847 5.20955 18
    endloop
  endfacet
  facet normal 0.937648 0.302833 0.170611
    outer loop
      vertex 105.898 5.61646 3
      vertex 103.37 4.99307 18
      vertex 103.386 4.94353 18
    endloop
  endfacet
  facet normal -0.0646672 0.983244 0.170436
    outer loop
      vertex 103 5.24 18
      vertex 102.608 7.81433 3
      vertex 102.948 5.23658 18
    endloop
  endfacet
  facet normal -0.745509 0.644314 0.170519
    outer loop
      vertex 102.717 5.12284 18
      vertex 100.62 6.66628 3
      vertex 102.683 5.0835 18
    endloop
  endfacet
  facet normal -0.319923 -0.931999 0.170375
    outer loop
      vertex 102.847 4.47045 18
      vertex 102.224 1.94222 3
      vertex 102.896 4.45363 18
    endloop
  endfacet
  facet normal 0.435246 -0.884034 0.170425
    outer loop
      vertex 103.2 4.49359 18
      vertex 103.153 4.47045 18
      vertex 104.5 2.24192 3
    endloop
  endfacet
  facet normal 0.319923 0.931999 0.170375
    outer loop
      vertex 103.776 7.73778 3
      vertex 103.104 5.22637 18
      vertex 103.153 5.20955 18
    endloop
  endfacet
  facet normal 0.819326 -0.547406 0.170446
    outer loop
      vertex 105.598 3.34 3
      vertex 103.317 4.59649 18
      vertex 105.38 3.01371 3
    endloop
  endfacet
  facet normal 0.983211 -0.0652829 0.170393
    outer loop
      vertex 106 4.84 3
      vertex 103.397 4.78779 18
      vertex 105.974 4.44842 3
    endloop
  endfacet
  facet normal 0.983733 -0.0565255 0.170514
    outer loop
      vertex 103.4 4.84 18
      vertex 103.397 4.78779 18
      vertex 106 4.84 3
    endloop
  endfacet
  facet normal 0.543168 0.822133 0.170486
    outer loop
      vertex 104.5 7.43808 3
      vertex 103.2 5.18641 18
      vertex 103.244 5.15734 18
    endloop
  endfacet
  facet normal -0.543168 0.822133 0.170486
    outer loop
      vertex 102.8 5.18641 18
      vertex 101.5 7.43808 3
      vertex 102.756 5.15734 18
    endloop
  endfacet
  facet normal -0.435763 -0.883778 0.170433
    outer loop
      vertex 102.847 4.47045 18
      vertex 101.5 2.24192 3
      vertex 101.852 2.06836 3
    endloop
  endfacet
  facet normal -0.543168 -0.822133 0.170486
    outer loop
      vertex 102.756 4.52266 18
      vertex 101.5 2.24192 3
      vertex 102.8 4.49359 18
    endloop
  endfacet
  facet normal 0.933183 0.316427 0.170423
    outer loop
      vertex 105.772 5.98805 3
      vertex 103.37 4.99307 18
      vertex 105.898 5.61646 3
    endloop
  endfacet
  facet normal -0.652877 0.738035 0.170457
    outer loop
      vertex 102.756 5.15734 18
      vertex 100.879 6.96132 3
      vertex 102.717 5.12284 18
    endloop
  endfacet
  facet normal 0.543168 -0.822133 0.170486
    outer loop
      vertex 103.244 4.52266 18
      vertex 103.2 4.49359 18
      vertex 104.5 2.24192 3
    endloop
  endfacet
  facet normal -0.819876 0.546584 0.170435
    outer loop
      vertex 102.683 5.0835 18
      vertex 100.62 6.66628 3
      vertex 102.654 5.04 18
    endloop
  endfacet
  facet normal 0.435763 -0.883778 0.170433
    outer loop
      vertex 104.5 2.24192 3
      vertex 103.153 4.47045 18
      vertex 104.148 2.06836 3
    endloop
  endfacet
  facet normal 0.0646673 -0.983246 0.170429
    outer loop
      vertex 103 4.44 18
      vertex 103 1.84 3
      vertex 103.052 4.44342 18
    endloop
  endfacet
  facet normal 0.0646672 0.983244 0.170436
    outer loop
      vertex 103.392 7.81433 3
      vertex 103 5.24 18
      vertex 103.052 5.23658 18
    endloop
  endfacet
  facet normal -0.547781 0.819083 0.170409
    outer loop
      vertex 101.5 7.43808 3
      vertex 101.174 7.22006 3
      vertex 102.756 5.15734 18
    endloop
  endfacet
  facet normal -0.192642 0.966356 0.170425
    outer loop
      vertex 102.608 7.81433 3
      vertex 102.224 7.73778 3
      vertex 102.896 5.22637 18
    endloop
  endfacet
  facet normal 0.319923 -0.931999 0.170375
    outer loop
      vertex 103.153 4.47045 18
      vertex 103.104 4.45363 18
      vertex 103.776 1.94222 3
    endloop
  endfacet
  facet normal -0.740512 -0.650078 0.170414
    outer loop
      vertex 102.717 4.55716 18
      vertex 100.62 3.01371 3
      vertex 100.879 2.71868 3
    endloop
  endfacet
  facet normal -0.649747 -0.740803 0.170412
    outer loop
      vertex 102.717 4.55716 18
      vertex 100.879 2.71868 3
      vertex 101.174 2.45994 3
    endloop
  endfacet
  facet normal -0.933183 0.316427 0.170423
    outer loop
      vertex 100.228 5.98805 3
      vertex 100.102 5.61646 3
      vertex 102.63 4.99307 18
    endloop
  endfacet
  facet normal 0.0643887 0.983263 0.170432
    outer loop
      vertex 103 7.84 3
      vertex 103 5.24 18
      vertex 103.392 7.81433 3
    endloop
  endfacet
  facet normal 0 0 1
    outer loop
      vertex 103.397 4.89221 18
      vertex 103.397 4.78779 18
      vertex 103.4 4.84 18
    endloop
  endfacet
  facet normal 0 0 1
    outer loop
      vertex 103.386 4.94353 18
      vertex 103.397 4.78779 18
      vertex 103.397 4.89221 18
    endloop
  endfacet
  facet normal 0 0 1
    outer loop
      vertex 103.386 4.94353 18
      vertex 103.386 4.73647 18
      vertex 103.397 4.78779 18
    endloop
  endfacet
  facet normal 0 0 1
    outer loop
      vertex 103.37 4.99307 18
      vertex 103.386 4.73647 18
      vertex 103.386 4.94353 18
    endloop
  endfacet
  facet normal 0 0 1
    outer loop
      vertex 103.37 4.99307 18
      vertex 103.37 4.68693 18
      vertex 103.386 4.73647 18
    endloop
  endfacet
  facet normal 0 0 1
    outer loop
      vertex 103.346 5.04 18
      vertex 103.37 4.68693 18
      vertex 103.37 4.99307 18
    endloop
  endfacet
  facet normal 0 0 1
    outer loop
      vertex 103.346 5.04 18
      vertex 103.346 4.64 18
      vertex 103.37 4.68693 18
    endloop
  endfacet
  facet normal 0 0 1
    outer loop
      vertex 103.317 5.0835 18
      vertex 103.346 4.64 18
      vertex 103.346 5.04 18
    endloop
  endfacet
  facet normal 0 0 1
    outer loop
      vertex 103.317 5.0835 18
      vertex 103.317 4.59649 18
      vertex 103.346 4.64 18
    endloop
  endfacet
  facet normal 0 0 1
    outer loop
      vertex 103.283 5.12284 18
      vertex 103.317 4.59649 18
      vertex 103.317 5.0835 18
    endloop
  endfacet
  facet normal 0 0 1
    outer loop
      vertex 103.283 5.12284 18
      vertex 103.283 4.55716 18
      vertex 103.317 4.59649 18
    endloop
  endfacet
  facet normal 0 0 1
    outer loop
      vertex 103.244 5.15734 18
      vertex 103.283 4.55716 18
      vertex 103.283 5.12284 18
    endloop
  endfacet
  facet normal 0 0 1
    outer loop
      vertex 103.244 5.15734 18
      vertex 103.244 4.52266 18
      vertex 103.283 4.55716 18
    endloop
  endfacet
  facet normal 0 0 1
    outer loop
      vertex 103.2 5.18641 18
      vertex 103.244 4.52266 18
      vertex 103.244 5.15734 18
    endloop
  endfacet
  facet normal 0 0 1
    outer loop
      vertex 103.2 5.18641 18
      vertex 103.2 4.49359 18
      vertex 103.244 4.52266 18
    endloop
  endfacet
  facet normal 0 0 1
    outer loop
      vertex 103.153 5.20955 18
      vertex 103.2 4.49359 18
      vertex 103.2 5.18641 18
    endloop
  endfacet
  facet normal 0 0 1
    outer loop
      vertex 103.153 5.20955 18
      vertex 103.153 4.47045 18
      vertex 103.2 4.49359 18
    endloop
  endfacet
  facet normal 0 0 1
    outer loop
      vertex 103.104 5.22637 18
      vertex 103.153 4.47045 18
      vertex 103.153 5.20955 18
    endloop
  endfacet
  facet normal 0 0 1
    outer loop
      vertex 103.104 5.22637 18
      vertex 103.104 4.45363 18
      vertex 103.153 4.47045 18
    endloop
  endfacet
  facet normal 0 0 1
    outer loop
      vertex 103.052 5.23658 18
      vertex 103.104 4.45363 18
      vertex 103.104 5.22637 18
    endloop
  endfacet
  facet normal 0 0 1
    outer loop
      vertex 103.052 5.23658 18
      vertex 103.052 4.44342 18
      vertex 103.104 4.45363 18
    endloop
  endfacet
  facet normal 0 0 1
    outer loop
      vertex 103 5.24 18
      vertex 103.052 4.44342 18
      vertex 103.052 5.23658 18
    endloop
  endfacet
  facet normal 0 0 1
    outer loop
      vertex 103 5.24 18
      vertex 103 4.44 18
      vertex 103.052 4.44342 18
    endloop
  endfacet
  facet normal -0 0 1
    outer loop
      vertex 102.948 5.23658 18
      vertex 103 4.44 18
      vertex 103 5.24 18
    endloop
  endfacet
  facet normal 0 0 1
    outer loop
      vertex 102.948 5.23658 18
      vertex 102.948 4.44342 18
      vertex 103 4.44 18
    endloop
  endfacet
  facet normal -0 0 1
    outer loop
      vertex 102.896 5.22637 18
      vertex 102.948 4.44342 18
      vertex 102.948 5.23658 18
    endloop
  endfacet
  facet normal 0 0 1
    outer loop
      vertex 102.896 5.22637 18
      vertex 102.896 4.45363 18
      vertex 102.948 4.44342 18
    endloop
  endfacet
  facet normal -0 0 1
    outer loop
      vertex 102.847 5.20955 18
      vertex 102.896 4.45363 18
      vertex 102.896 5.22637 18
    endloop
  endfacet
  facet normal 0 0 1
    outer loop
      vertex 102.847 5.20955 18
      vertex 102.847 4.47045 18
      vertex 102.896 4.45363 18
    endloop
  endfacet
  facet normal -0 0 1
    outer loop
      vertex 102.8 5.18641 18
      vertex 102.847 4.47045 18
      vertex 102.847 5.20955 18
    endloop
  endfacet
  facet normal 0 0 1
    outer loop
      vertex 102.8 5.18641 18
      vertex 102.8 4.49359 18
      vertex 102.847 4.47045 18
    endloop
  endfacet
  facet normal -0 0 1
    outer loop
      vertex 102.756 5.15734 18
      vertex 102.8 4.49359 18
      vertex 102.8 5.18641 18
    endloop
  endfacet
  facet normal 0 0 1
    outer loop
      vertex 102.756 5.15734 18
      vertex 102.756 4.52266 18
      vertex 102.8 4.49359 18
    endloop
  endfacet
  facet normal -0 0 1
    outer loop
      vertex 102.717 5.12284 18
      vertex 102.756 4.52266 18
      vertex 102.756 5.15734 18
    endloop
  endfacet
  facet normal 0 0 1
    outer loop
      vertex 102.717 5.12284 18
      vertex 102.717 4.55716 18
      vertex 102.756 4.52266 18
    endloop
  endfacet
  facet normal -0 0 1
    outer loop
      vertex 102.683 5.0835 18
      vertex 102.717 4.55716 18
      vertex 102.717 5.12284 18
    endloop
  endfacet
  facet normal 0 0 1
    outer loop
      vertex 102.683 5.0835 18
      vertex 102.683 4.59649 18
      vertex 102.717 4.55716 18
    endloop
  endfacet
  facet normal -0 0 1
    outer loop
      vertex 102.654 5.04 18
      vertex 102.683 4.59649 18
      vertex 102.683 5.0835 18
    endloop
  endfacet
  facet normal 0 0 1
    outer loop
      vertex 102.654 5.04 18
      vertex 102.654 4.64 18
      vertex 102.683 4.59649 18
    endloop
  endfacet
  facet normal -0 0 1
    outer loop
      vertex 102.63 4.99307 18
      vertex 102.654 4.64 18
      vertex 102.654 5.04 18
    endloop
  endfacet
  facet normal 0 0 1
    outer loop
      vertex 102.63 4.99307 18
      vertex 102.63 4.68693 18
      vertex 102.654 4.64 18
    endloop
  endfacet
  facet normal -0 0 1
    outer loop
      vertex 102.614 4.94353 18
      vertex 102.63 4.68693 18
      vertex 102.63 4.99307 18
    endloop
  endfacet
  facet normal 0 0 1
    outer loop
      vertex 102.614 4.94353 18
      vertex 102.614 4.73647 18
      vertex 102.63 4.68693 18
    endloop
  endfacet
  facet normal -0 0 1
    outer loop
      vertex 102.603 4.89221 18
      vertex 102.614 4.73647 18
      vertex 102.614 4.94353 18
    endloop
  endfacet
  facet normal 0 0 1
    outer loop
      vertex 102.603 4.89221 18
      vertex 102.603 4.78779 18
      vertex 102.614 4.73647 18
    endloop
  endfacet
  facet normal 0 -0 1
    outer loop
      vertex 102.603 4.78779 18
      vertex 102.603 4.89221 18
      vertex 102.6 4.84 18
    endloop
  endfacet
  facet normal 0.547781 -0.819083 0.170409
    outer loop
      vertex 104.826 2.45994 3
      vertex 103.244 4.52266 18
      vertex 104.5 2.24192 3
    endloop
  endfacet
  facet normal 0.963455 -0.206508 0.170611
    outer loop
      vertex 103.397 4.78779 18
      vertex 103.386 4.73647 18
      vertex 105.898 4.06354 3
    endloop
  endfacet
  facet normal 0.740523 0.650066 0.170414
    outer loop
      vertex 105.121 6.96132 3
      vertex 103.283 5.12284 18
      vertex 105.38 6.66628 3
    endloop
  endfacet
  facet normal 0.435763 0.883778 0.170433
    outer loop
      vertex 104.148 7.61164 3
      vertex 103.153 5.20955 18
      vertex 104.5 7.43808 3
    endloop
  endfacet
  facet normal -0.435246 0.884034 0.170425
    outer loop
      vertex 102.847 5.20955 18
      vertex 101.5 7.43808 3
      vertex 102.8 5.18641 18
    endloop
  endfacet
  facet normal -0.0643887 0.983263 0.170432
    outer loop
      vertex 103 7.84 3
      vertex 102.608 7.81433 3
      vertex 103 5.24 18
    endloop
  endfacet
  facet normal -0.963455 0.206508 0.170611
    outer loop
      vertex 102.614 4.94353 18
      vertex 100.102 5.61646 3
      vertex 102.603 4.89221 18
    endloop
  endfacet
  facet normal 0.652889 -0.738049 0.170351
    outer loop
      vertex 103.283 4.55716 18
      vertex 103.244 4.52266 18
      vertex 104.826 2.45994 3
    endloop
  endfacet
  facet normal -0.877332 0.448668 0.170251
    outer loop
      vertex 102.654 5.04 18
      vertex 100.228 5.98805 3
      vertex 102.63 4.99307 18
    endloop
  endfacet
  facet normal 0.189847 0.966902 0.170465
    outer loop
      vertex 103.392 7.81433 3
      vertex 103.052 5.23658 18
      vertex 103.104 5.22637 18
    endloop
  endfacet
  facet normal -0.966708 0.19089 0.170399
    outer loop
      vertex 100.102 5.61646 3
      vertex 100.026 5.23158 3
      vertex 102.603 4.89221 18
    endloop
  endfacet
  facet normal -0.983211 0.0652829 0.170393
    outer loop
      vertex 100.026 5.23158 3
      vertex 100 4.84 3
      vertex 102.603 4.89221 18
    endloop
  endfacet
  facet normal -0.983733 0.0565255 0.170514
    outer loop
      vertex 102.603 4.89221 18
      vertex 100 4.84 3
      vertex 102.6 4.84 18
    endloop
  endfacet
  facet normal 0.745428 -0.644407 0.170518
    outer loop
      vertex 116.317 4.59649 18
      vertex 116.283 4.55716 18
      vertex 118.38 3.01371 3
    endloop
  endfacet
  facet normal 0.192666 -0.96635 0.170435
    outer loop
      vertex 116.776 1.94222 3
      vertex 116.052 4.44342 18
      vertex 116.392 1.86566 3
    endloop
  endfacet
  facet normal -0.192666 -0.96635 0.170435
    outer loop
      vertex 115.948 4.44342 18
      vertex 115.224 1.94222 3
      vertex 115.608 1.86566 3
    endloop
  endfacet
  facet normal 0.983733 0.0565255 0.170514
    outer loop
      vertex 119 4.84 3
      vertex 116.397 4.89221 18
      vertex 116.4 4.84 18
    endloop
  endfacet
  facet normal 0.983211 0.0652829 0.170393
    outer loop
      vertex 118.974 5.23158 3
      vertex 116.397 4.89221 18
      vertex 119 4.84 3
    endloop
  endfacet
  facet normal -0.649748 0.740805 0.170398
    outer loop
      vertex 114.174 7.22006 3
      vertex 113.879 6.96132 3
      vertex 115.756 5.15734 18
    endloop
  endfacet
  facet normal -0.819326 -0.547406 0.170446
    outer loop
      vertex 115.683 4.59649 18
      vertex 113.402 3.34 3
      vertex 113.62 3.01371 3
    endloop
  endfacet
  facet normal -0.87728 -0.448641 0.170591
    outer loop
      vertex 115.63 4.68693 18
      vertex 113.402 3.34 3
      vertex 115.654 4.64 18
    endloop
  endfacet
  facet normal 0.649748 0.740805 0.170398
    outer loop
      vertex 117.826 7.22006 3
      vertex 116.244 5.15734 18
      vertex 118.121 6.96132 3
    endloop
  endfacet
  facet normal 0.0643637 -0.983265 0.170434
    outer loop
      vertex 116.052 4.44342 18
      vertex 116 1.84 3
      vertex 116.392 1.86566 3
    endloop
  endfacet
  facet normal -0.983733 -0.0565255 0.170514
    outer loop
      vertex 115.6 4.84 18
      vertex 113 4.84 3
      vertex 115.603 4.78779 18
    endloop
  endfacet
  facet normal -0.937648 0.302833 0.170611
    outer loop
      vertex 115.63 4.99307 18
      vertex 113.102 5.61646 3
      vertex 115.614 4.94353 18
    endloop
  endfacet
  facet normal 0.316429 0.933181 0.170429
    outer loop
      vertex 116.776 7.73778 3
      vertex 116.153 5.20955 18
      vertex 117.148 7.61164 3
    endloop
  endfacet
  facet normal 0.740512 -0.650078 0.170414
    outer loop
      vertex 118.38 3.01371 3
      vertex 116.283 4.55716 18
      vertex 118.121 2.71868 3
    endloop
  endfacet
  facet normal -0.435246 -0.884034 0.170425
    outer loop
      vertex 115.8 4.49359 18
      vertex 114.5 2.24192 3
      vertex 115.847 4.47045 18
    endloop
  endfacet
  facet normal -0.966708 -0.19089 0.170399
    outer loop
      vertex 115.603 4.78779 18
      vertex 113.026 4.44842 3
      vertex 113.102 4.06354 3
    endloop
  endfacet
  facet normal -0.963455 -0.206508 0.170611
    outer loop
      vertex 115.603 4.78779 18
      vertex 113.102 4.06354 3
      vertex 115.614 4.73647 18
    endloop
  endfacet
  facet normal 0.819931 -0.546495 0.170462
    outer loop
      vertex 116.346 4.64 18
      vertex 116.317 4.59649 18
      vertex 118.598 3.34 3
    endloop
  endfacet
  facet normal -0.547781 -0.819083 0.170409
    outer loop
      vertex 115.756 4.52266 18
      vertex 114.174 2.45994 3
      vertex 114.5 2.24192 3
    endloop
  endfacet
  facet normal 0.819876 0.546584 0.170435
    outer loop
      vertex 118.38 6.66628 3
      vertex 116.317 5.0835 18
      vertex 116.346 5.04 18
    endloop
  endfacet
  facet normal 0.192642 0.966356 0.170425
    outer loop
      vertex 116.392 7.81433 3
      vertex 116.104 5.22637 18
      vertex 116.776 7.73778 3
    endloop
  endfacet
  facet normal -0.652889 -0.738049 0.170351
    outer loop
      vertex 115.717 4.55716 18
      vertex 114.174 2.45994 3
      vertex 115.756 4.52266 18
    endloop
  endfacet
  facet normal 0.18985 -0.966914 0.170393
    outer loop
      vertex 116.104 4.45363 18
      vertex 116.052 4.44342 18
      vertex 116.776 1.94222 3
    endloop
  endfacet
  facet normal 0.87728 -0.448641 0.170591
    outer loop
      vertex 116.37 4.68693 18
      vertex 116.346 4.64 18
      vertex 118.598 3.34 3
    endloop
  endfacet
  facet normal 0.649747 -0.740803 0.170412
    outer loop
      vertex 118.121 2.71868 3
      vertex 116.283 4.55716 18
      vertex 117.826 2.45994 3
    endloop
  endfacet
  facet normal 0.652877 0.738035 0.170457
    outer loop
      vertex 118.121 6.96132 3
      vertex 116.244 5.15734 18
      vertex 116.283 5.12284 18
    endloop
  endfacet
  facet normal -0.88331 0.436698 0.170462
    outer loop
      vertex 113.402 6.34 3
      vertex 113.228 5.98805 3
      vertex 115.654 5.04 18
    endloop
  endfacet
  facet normal -0.18985 -0.966914 0.170393
    outer loop
      vertex 115.896 4.45363 18
      vertex 115.224 1.94222 3
      vertex 115.948 4.44342 18
    endloop
  endfacet
  facet normal 0.819318 0.547417 0.17045
    outer loop
      vertex 118.38 6.66628 3
      vertex 116.346 5.04 18
      vertex 118.598 6.34 3
    endloop
  endfacet
  facet normal 0.966708 -0.19089 0.170399
    outer loop
      vertex 118.974 4.44842 3
      vertex 116.397 4.78779 18
      vertex 118.898 4.06354 3
    endloop
  endfacet
  facet normal 0.966708 0.19089 0.170399
    outer loop
      vertex 118.898 5.61646 3
      vertex 116.397 4.89221 18
      vertex 118.974 5.23158 3
    endloop
  endfacet
  facet normal 0.963455 0.206508 0.170611
    outer loop
      vertex 118.898 5.61646 3
      vertex 116.386 4.94353 18
      vertex 116.397 4.89221 18
    endloop
  endfacet
  facet normal -0.937648 -0.302833 0.170611
    outer loop
      vertex 115.614 4.73647 18
      vertex 113.102 4.06354 3
      vertex 115.63 4.68693 18
    endloop
  endfacet
  facet normal -0.745428 -0.644407 0.170518
    outer loop
      vertex 115.683 4.59649 18
      vertex 113.62 3.01371 3
      vertex 115.717 4.55716 18
    endloop
  endfacet
  facet normal 0.883318 -0.436702 0.170416
    outer loop
      vertex 118.772 3.69195 3
      vertex 116.37 4.68693 18
      vertex 118.598 3.34 3
    endloop
  endfacet
  facet normal 0.933183 -0.316427 0.170423
    outer loop
      vertex 118.898 4.06354 3
      vertex 116.37 4.68693 18
      vertex 118.772 3.69195 3
    endloop
  endfacet
  facet normal -0.819318 0.547417 0.17045
    outer loop
      vertex 113.62 6.66628 3
      vertex 113.402 6.34 3
      vertex 115.654 5.04 18
    endloop
  endfacet
  facet normal 0.547781 0.819083 0.170409
    outer loop
      vertex 117.5 7.43808 3
      vertex 116.244 5.15734 18
      vertex 117.826 7.22006 3
    endloop
  endfacet
  facet normal -0.316429 -0.933181 0.170429
    outer loop
      vertex 115.847 4.47045 18
      vertex 114.852 2.06836 3
      vertex 115.224 1.94222 3
    endloop
  endfacet
  facet normal -0.933183 -0.316427 0.170423
    outer loop
      vertex 115.63 4.68693 18
      vertex 113.102 4.06354 3
      vertex 113.228 3.69195 3
    endloop
  endfacet
  facet normal -0.0646673 -0.983246 0.170429
    outer loop
      vertex 116 4.44 18
      vertex 115.948 4.44342 18
      vertex 116 1.84 3
    endloop
  endfacet
  facet normal 0.435246 0.884034 0.170425
    outer loop
      vertex 117.5 7.43808 3
      vertex 116.153 5.20955 18
      vertex 116.2 5.18641 18
    endloop
  endfacet
  facet normal 0.745509 0.644314 0.170519
    outer loop
      vertex 118.38 6.66628 3
      vertex 116.283 5.12284 18
      vertex 116.317 5.0835 18
    endloop
  endfacet
  facet normal 0.88331 0.436698 0.170462
    outer loop
      vertex 118.598 6.34 3
      vertex 116.346 5.04 18
      vertex 118.772 5.98805 3
    endloop
  endfacet
  facet normal -0.883318 -0.436702 0.170416
    outer loop
      vertex 115.63 4.68693 18
      vertex 113.228 3.69195 3
      vertex 113.402 3.34 3
    endloop
  endfacet
  facet normal -0.0643637 -0.983265 0.170434
    outer loop
      vertex 115.948 4.44342 18
      vertex 115.608 1.86566 3
      vertex 116 1.84 3
    endloop
  endfacet
  facet normal -0.983211 -0.0652829 0.170393
    outer loop
      vertex 115.603 4.78779 18
      vertex 113 4.84 3
      vertex 113.026 4.44842 3
    endloop
  endfacet
  facet normal 0.937648 -0.302833 0.170611
    outer loop
      vertex 116.386 4.73647 18
      vertex 116.37 4.68693 18
      vertex 118.898 4.06354 3
    endloop
  endfacet
  facet normal -0.319923 0.931999 0.170375
    outer loop
      vertex 115.896 5.22637 18
      vertex 115.224 7.73778 3
      vertex 115.847 5.20955 18
    endloop
  endfacet
  facet normal -0.316429 0.933181 0.170429
    outer loop
      vertex 115.224 7.73778 3
      vertex 114.852 7.61164 3
      vertex 115.847 5.20955 18
    endloop
  endfacet
  facet normal 0.316429 -0.933181 0.170429
    outer loop
      vertex 117.148 2.06836 3
      vertex 116.153 4.47045 18
      vertex 116.776 1.94222 3
    endloop
  endfacet
  facet normal 0.877332 0.448668 0.170251
    outer loop
      vertex 118.772 5.98805 3
      vertex 116.346 5.04 18
      vertex 116.37 4.99307 18
    endloop
  endfacet
  facet normal -0.189847 0.966902 0.170465
    outer loop
      vertex 115.948 5.23658 18
      vertex 115.608 7.81433 3
      vertex 115.896 5.22637 18
    endloop
  endfacet
  facet normal -0.740523 0.650066 0.170414
    outer loop
      vertex 113.879 6.96132 3
      vertex 113.62 6.66628 3
      vertex 115.717 5.12284 18
    endloop
  endfacet
  facet normal -0.819931 -0.546495 0.170462
    outer loop
      vertex 115.654 4.64 18
      vertex 113.402 3.34 3
      vertex 115.683 4.59649 18
    endloop
  endfacet
  facet normal -0.435763 0.883778 0.170433
    outer loop
      vertex 114.852 7.61164 3
      vertex 114.5 7.43808 3
      vertex 115.847 5.20955 18
    endloop
  endfacet
  facet normal 0.937648 0.302833 0.170611
    outer loop
      vertex 118.898 5.61646 3
      vertex 116.37 4.99307 18
      vertex 116.386 4.94353 18
    endloop
  endfacet
  facet normal -0.0646672 0.983244 0.170436
    outer loop
      vertex 116 5.24 18
      vertex 115.608 7.81433 3
      vertex 115.948 5.23658 18
    endloop
  endfacet
  facet normal -0.745509 0.644314 0.170519
    outer loop
      vertex 115.717 5.12284 18
      vertex 113.62 6.66628 3
      vertex 115.683 5.0835 18
    endloop
  endfacet
  facet normal -0.319923 -0.931999 0.170375
    outer loop
      vertex 115.847 4.47045 18
      vertex 115.224 1.94222 3
      vertex 115.896 4.45363 18
    endloop
  endfacet
  facet normal 0.435246 -0.884034 0.170425
    outer loop
      vertex 116.2 4.49359 18
      vertex 116.153 4.47045 18
      vertex 117.5 2.24192 3
    endloop
  endfacet
  facet normal 0.319923 0.931999 0.170375
    outer loop
      vertex 116.776 7.73778 3
      vertex 116.104 5.22637 18
      vertex 116.153 5.20955 18
    endloop
  endfacet
  facet normal 0.819326 -0.547406 0.170446
    outer loop
      vertex 118.598 3.34 3
      vertex 116.317 4.59649 18
      vertex 118.38 3.01371 3
    endloop
  endfacet
  facet normal 0.983211 -0.0652829 0.170393
    outer loop
      vertex 119 4.84 3
      vertex 116.397 4.78779 18
      vertex 118.974 4.44842 3
    endloop
  endfacet
  facet normal 0.983733 -0.0565255 0.170514
    outer loop
      vertex 116.4 4.84 18
      vertex 116.397 4.78779 18
      vertex 119 4.84 3
    endloop
  endfacet
  facet normal 0.543168 0.822133 0.170486
    outer loop
      vertex 117.5 7.43808 3
      vertex 116.2 5.18641 18
      vertex 116.244 5.15734 18
    endloop
  endfacet
  facet normal -0.543168 0.822133 0.170486
    outer loop
      vertex 115.8 5.18641 18
      vertex 114.5 7.43808 3
      vertex 115.756 5.15734 18
    endloop
  endfacet
  facet normal -0.435763 -0.883778 0.170433
    outer loop
      vertex 115.847 4.47045 18
      vertex 114.5 2.24192 3
      vertex 114.852 2.06836 3
    endloop
  endfacet
  facet normal -0.543168 -0.822133 0.170486
    outer loop
      vertex 115.756 4.52266 18
      vertex 114.5 2.24192 3
      vertex 115.8 4.49359 18
    endloop
  endfacet
  facet normal 0.933183 0.316427 0.170423
    outer loop
      vertex 118.772 5.98805 3
      vertex 116.37 4.99307 18
      vertex 118.898 5.61646 3
    endloop
  endfacet
  facet normal -0.652877 0.738035 0.170457
    outer loop
      vertex 115.756 5.15734 18
      vertex 113.879 6.96132 3
      vertex 115.717 5.12284 18
    endloop
  endfacet
  facet normal 0.543168 -0.822133 0.170486
    outer loop
      vertex 116.244 4.52266 18
      vertex 116.2 4.49359 18
      vertex 117.5 2.24192 3
    endloop
  endfacet
  facet normal -0.819876 0.546584 0.170435
    outer loop
      vertex 115.683 5.0835 18
      vertex 113.62 6.66628 3
      vertex 115.654 5.04 18
    endloop
  endfacet
  facet normal 0.435763 -0.883778 0.170433
    outer loop
      vertex 117.5 2.24192 3
      vertex 116.153 4.47045 18
      vertex 117.148 2.06836 3
    endloop
  endfacet
  facet normal 0.0646673 -0.983246 0.170429
    outer loop
      vertex 116 4.44 18
      vertex 116 1.84 3
      vertex 116.052 4.44342 18
    endloop
  endfacet
  facet normal 0.0646672 0.983244 0.170436
    outer loop
      vertex 116.392 7.81433 3
      vertex 116 5.24 18
      vertex 116.052 5.23658 18
    endloop
  endfacet
  facet normal -0.547781 0.819083 0.170409
    outer loop
      vertex 114.5 7.43808 3
      vertex 114.174 7.22006 3
      vertex 115.756 5.15734 18
    endloop
  endfacet
  facet normal -0.192642 0.966356 0.170425
    outer loop
      vertex 115.608 7.81433 3
      vertex 115.224 7.73778 3
      vertex 115.896 5.22637 18
    endloop
  endfacet
  facet normal 0.319923 -0.931999 0.170375
    outer loop
      vertex 116.153 4.47045 18
      vertex 116.104 4.45363 18
      vertex 116.776 1.94222 3
    endloop
  endfacet
  facet normal -0.740512 -0.650078 0.170414
    outer loop
      vertex 115.717 4.55716 18
      vertex 113.62 3.01371 3
      vertex 113.879 2.71868 3
    endloop
  endfacet
  facet normal -0.649747 -0.740803 0.170412
    outer loop
      vertex 115.717 4.55716 18
      vertex 113.879 2.71868 3
      vertex 114.174 2.45994 3
    endloop
  endfacet
  facet normal -0.933183 0.316427 0.170423
    outer loop
      vertex 113.228 5.98805 3
      vertex 113.102 5.61646 3
      vertex 115.63 4.99307 18
    endloop
  endfacet
  facet normal 0.0643887 0.983263 0.170432
    outer loop
      vertex 116 7.84 3
      vertex 116 5.24 18
      vertex 116.392 7.81433 3
    endloop
  endfacet
  facet normal 0 0 1
    outer loop
      vertex 116.397 4.89221 18
      vertex 116.397 4.78779 18
      vertex 116.4 4.84 18
    endloop
  endfacet
  facet normal 0 0 1
    outer loop
      vertex 116.386 4.94353 18
      vertex 116.397 4.78779 18
      vertex 116.397 4.89221 18
    endloop
  endfacet
  facet normal 0 0 1
    outer loop
      vertex 116.386 4.94353 18
      vertex 116.386 4.73647 18
      vertex 116.397 4.78779 18
    endloop
  endfacet
  facet normal 0 0 1
    outer loop
      vertex 116.37 4.99307 18
      vertex 116.386 4.73647 18
      vertex 116.386 4.94353 18
    endloop
  endfacet
  facet normal 0 0 1
    outer loop
      vertex 116.37 4.99307 18
      vertex 116.37 4.68693 18
      vertex 116.386 4.73647 18
    endloop
  endfacet
  facet normal 0 0 1
    outer loop
      vertex 116.346 5.04 18
      vertex 116.37 4.68693 18
      vertex 116.37 4.99307 18
    endloop
  endfacet
  facet normal 0 0 1
    outer loop
      vertex 116.346 5.04 18
      vertex 116.346 4.64 18
      vertex 116.37 4.68693 18
    endloop
  endfacet
  facet normal 0 0 1
    outer loop
      vertex 116.317 5.0835 18
      vertex 116.346 4.64 18
      vertex 116.346 5.04 18
    endloop
  endfacet
  facet normal 0 0 1
    outer loop
      vertex 116.317 5.0835 18
      vertex 116.317 4.59649 18
      vertex 116.346 4.64 18
    endloop
  endfacet
  facet normal 0 0 1
    outer loop
      vertex 116.283 5.12284 18
      vertex 116.317 4.59649 18
      vertex 116.317 5.0835 18
    endloop
  endfacet
  facet normal 0 0 1
    outer loop
      vertex 116.283 5.12284 18
      vertex 116.283 4.55716 18
      vertex 116.317 4.59649 18
    endloop
  endfacet
  facet normal 0 0 1
    outer loop
      vertex 116.244 5.15734 18
      vertex 116.283 4.55716 18
      vertex 116.283 5.12284 18
    endloop
  endfacet
  facet normal 0 0 1
    outer loop
      vertex 116.244 5.15734 18
      vertex 116.244 4.52266 18
      vertex 116.283 4.55716 18
    endloop
  endfacet
  facet normal 0 0 1
    outer loop
      vertex 116.2 5.18641 18
      vertex 116.244 4.52266 18
      vertex 116.244 5.15734 18
    endloop
  endfacet
  facet normal 0 0 1
    outer loop
      vertex 116.2 5.18641 18
      vertex 116.2 4.49359 18
      vertex 116.244 4.52266 18
    endloop
  endfacet
  facet normal 0 0 1
    outer loop
      vertex 116.153 5.20955 18
      vertex 116.2 4.49359 18
      vertex 116.2 5.18641 18
    endloop
  endfacet
  facet normal 0 0 1
    outer loop
      vertex 116.153 5.20955 18
      vertex 116.153 4.47045 18
      vertex 116.2 4.49359 18
    endloop
  endfacet
  facet normal 0 0 1
    outer loop
      vertex 116.104 5.22637 18
      vertex 116.153 4.47045 18
      vertex 116.153 5.20955 18
    endloop
  endfacet
  facet normal 0 0 1
    outer loop
      vertex 116.104 5.22637 18
      vertex 116.104 4.45363 18
      vertex 116.153 4.47045 18
    endloop
  endfacet
  facet normal 0 0 1
    outer loop
      vertex 116.052 5.23658 18
      vertex 116.104 4.45363 18
      vertex 116.104 5.22637 18
    endloop
  endfacet
  facet normal 0 0 1
    outer loop
      vertex 116.052 5.23658 18
      vertex 116.052 4.44342 18
      vertex 116.104 4.45363 18
    endloop
  endfacet
  facet normal 0 0 1
    outer loop
      vertex 116 5.24 18
      vertex 116.052 4.44342 18
      vertex 116.052 5.23658 18
    endloop
  endfacet
  facet normal 0 0 1
    outer loop
      vertex 116 5.24 18
      vertex 116 4.44 18
      vertex 116.052 4.44342 18
    endloop
  endfacet
  facet normal -0 0 1
    outer loop
      vertex 115.948 5.23658 18
      vertex 116 4.44 18
      vertex 116 5.24 18
    endloop
  endfacet
  facet normal 0 0 1
    outer loop
      vertex 115.948 5.23658 18
      vertex 115.948 4.44342 18
      vertex 116 4.44 18
    endloop
  endfacet
  facet normal -0 0 1
    outer loop
      vertex 115.896 5.22637 18
      vertex 115.948 4.44342 18
      vertex 115.948 5.23658 18
    endloop
  endfacet
  facet normal 0 0 1
    outer loop
      vertex 115.896 5.22637 18
      vertex 115.896 4.45363 18
      vertex 115.948 4.44342 18
    endloop
  endfacet
  facet normal -0 0 1
    outer loop
      vertex 115.847 5.20955 18
      vertex 115.896 4.45363 18
      vertex 115.896 5.22637 18
    endloop
  endfacet
  facet normal 0 0 1
    outer loop
      vertex 115.847 5.20955 18
      vertex 115.847 4.47045 18
      vertex 115.896 4.45363 18
    endloop
  endfacet
  facet normal -0 0 1
    outer loop
      vertex 115.8 5.18641 18
      vertex 115.847 4.47045 18
      vertex 115.847 5.20955 18
    endloop
  endfacet
  facet normal 0 0 1
    outer loop
      vertex 115.8 5.18641 18
      vertex 115.8 4.49359 18
      vertex 115.847 4.47045 18
    endloop
  endfacet
  facet normal -0 0 1
    outer loop
      vertex 115.756 5.15734 18
      vertex 115.8 4.49359 18
      vertex 115.8 5.18641 18
    endloop
  endfacet
  facet normal 0 0 1
    outer loop
      vertex 115.756 5.15734 18
      vertex 115.756 4.52266 18
      vertex 115.8 4.49359 18
    endloop
  endfacet
  facet normal -0 0 1
    outer loop
      vertex 115.717 5.12284 18
      vertex 115.756 4.52266 18
      vertex 115.756 5.15734 18
    endloop
  endfacet
  facet normal 0 0 1
    outer loop
      vertex 115.717 5.12284 18
      vertex 115.717 4.55716 18
      vertex 115.756 4.52266 18
    endloop
  endfacet
  facet normal -0 0 1
    outer loop
      vertex 115.683 5.0835 18
      vertex 115.717 4.55716 18
      vertex 115.717 5.12284 18
    endloop
  endfacet
  facet normal 0 0 1
    outer loop
      vertex 115.683 5.0835 18
      vertex 115.683 4.59649 18
      vertex 115.717 4.55716 18
    endloop
  endfacet
  facet normal -0 0 1
    outer loop
      vertex 115.654 5.04 18
      vertex 115.683 4.59649 18
      vertex 115.683 5.0835 18
    endloop
  endfacet
  facet normal 0 0 1
    outer loop
      vertex 115.654 5.04 18
      vertex 115.654 4.64 18
      vertex 115.683 4.59649 18
    endloop
  endfacet
  facet normal -0 0 1
    outer loop
      vertex 115.63 4.99307 18
      vertex 115.654 4.64 18
      vertex 115.654 5.04 18
    endloop
  endfacet
  facet normal 0 0 1
    outer loop
      vertex 115.63 4.99307 18
      vertex 115.63 4.68693 18
      vertex 115.654 4.64 18
    endloop
  endfacet
  facet normal -0 0 1
    outer loop
      vertex 115.614 4.94353 18
      vertex 115.63 4.68693 18
      vertex 115.63 4.99307 18
    endloop
  endfacet
  facet normal 0 0 1
    outer loop
      vertex 115.614 4.94353 18
      vertex 115.614 4.73647 18
      vertex 115.63 4.68693 18
    endloop
  endfacet
  facet normal -0 0 1
    outer loop
      vertex 115.603 4.89221 18
      vertex 115.614 4.73647 18
      vertex 115.614 4.94353 18
    endloop
  endfacet
  facet normal 0 0 1
    outer loop
      vertex 115.603 4.89221 18
      vertex 115.603 4.78779 18
      vertex 115.614 4.73647 18
    endloop
  endfacet
  facet normal 0 -0 1
    outer loop
      vertex 115.603 4.78779 18
      vertex 115.603 4.89221 18
      vertex 115.6 4.84 18
    endloop
  endfacet
  facet normal 0.547781 -0.819083 0.170409
    outer loop
      vertex 117.826 2.45994 3
      vertex 116.244 4.52266 18
      vertex 117.5 2.24192 3
    endloop
  endfacet
  facet normal 0.963455 -0.206508 0.170611
    outer loop
      vertex 116.397 4.78779 18
      vertex 116.386 4.73647 18
      vertex 118.898 4.06354 3
    endloop
  endfacet
  facet normal 0.740523 0.650066 0.170414
    outer loop
      vertex 118.121 6.96132 3
      vertex 116.283 5.12284 18
      vertex 118.38 6.66628 3
    endloop
  endfacet
  facet normal 0.435763 0.883778 0.170433
    outer loop
      vertex 117.148 7.61164 3
      vertex 116.153 5.20955 18
      vertex 117.5 7.43808 3
    endloop
  endfacet
  facet normal -0.435246 0.884034 0.170425
    outer loop
      vertex 115.847 5.20955 18
      vertex 114.5 7.43808 3
      vertex 115.8 5.18641 18
    endloop
  endfacet
  facet normal -0.0643887 0.983263 0.170432
    outer loop
      vertex 116 7.84 3
      vertex 115.608 7.81433 3
      vertex 116 5.24 18
    endloop
  endfacet
  facet normal -0.963455 0.206508 0.170611
    outer loop
      vertex 115.614 4.94353 18
      vertex 113.102 5.61646 3
      vertex 115.603 4.89221 18
    endloop
  endfacet
  facet normal 0.652889 -0.738049 0.170351
    outer loop
      vertex 116.283 4.55716 18
      vertex 116.244 4.52266 18
      vertex 117.826 2.45994 3
    endloop
  endfacet
  facet normal -0.877332 0.448668 0.170251
    outer loop
      vertex 115.654 5.04 18
      vertex 113.228 5.98805 3
      vertex 115.63 4.99307 18
    endloop
  endfacet
  facet normal 0.189847 0.966902 0.170465
    outer loop
      vertex 116.392 7.81433 3
      vertex 116.052 5.23658 18
      vertex 116.104 5.22637 18
    endloop
  endfacet
  facet normal -0.966708 0.19089 0.170399
    outer loop
      vertex 113.102 5.61646 3
      vertex 113.026 5.23158 3
      vertex 115.603 4.89221 18
    endloop
  endfacet
  facet normal -0.983211 0.0652829 0.170393
    outer loop
      vertex 113.026 5.23158 3
      vertex 113 4.84 3
      vertex 115.603 4.89221 18
    endloop
  endfacet
  facet normal -0.983733 0.0565255 0.170514
    outer loop
      vertex 115.603 4.89221 18
      vertex 113 4.84 3
      vertex 115.6 4.84 18
    endloop
  endfacet
  facet normal 0.745428 -0.644407 0.170518
    outer loop
      vertex 129.317 4.59649 18
      vertex 129.283 4.55716 18
      vertex 131.38 3.01371 3
    endloop
  endfacet
  facet normal 0.192666 -0.96635 0.170435
    outer loop
      vertex 129.776 1.94222 3
      vertex 129.052 4.44342 18
      vertex 129.392 1.86566 3
    endloop
  endfacet
  facet normal -0.192666 -0.96635 0.170435
    outer loop
      vertex 128.948 4.44342 18
      vertex 128.224 1.94222 3
      vertex 128.608 1.86566 3
    endloop
  endfacet
  facet normal 0.983733 0.0565255 0.170514
    outer loop
      vertex 132 4.84 3
      vertex 129.397 4.89221 18
      vertex 129.4 4.84 18
    endloop
  endfacet
  facet normal 0.983211 0.0652829 0.170393
    outer loop
      vertex 131.974 5.23158 3
      vertex 129.397 4.89221 18
      vertex 132 4.84 3
    endloop
  endfacet
  facet normal -0.649744 0.740799 0.17044
    outer loop
      vertex 127.174 7.22006 3
      vertex 126.879 6.96132 3
      vertex 128.757 5.15734 18
    endloop
  endfacet
  facet normal -0.819326 -0.547406 0.170446
    outer loop
      vertex 128.683 4.59649 18
      vertex 126.402 3.34 3
      vertex 126.62 3.01371 3
    endloop
  endfacet
  facet normal -0.87728 -0.448641 0.170591
    outer loop
      vertex 128.63 4.68693 18
      vertex 126.402 3.34 3
      vertex 128.654 4.64 18
    endloop
  endfacet
  facet normal 0.649744 0.740799 0.17044
    outer loop
      vertex 130.826 7.22006 3
      vertex 129.243 5.15734 18
      vertex 131.121 6.96132 3
    endloop
  endfacet
  facet normal 0.0643637 -0.983265 0.170434
    outer loop
      vertex 129.052 4.44342 18
      vertex 129 1.84 3
      vertex 129.392 1.86566 3
    endloop
  endfacet
  facet normal -0.983733 -0.0565255 0.170514
    outer loop
      vertex 128.6 4.84 18
      vertex 126 4.84 3
      vertex 128.603 4.78779 18
    endloop
  endfacet
  facet normal -0.937648 0.302833 0.170611
    outer loop
      vertex 128.63 4.99307 18
      vertex 126.102 5.61646 3
      vertex 128.614 4.94353 18
    endloop
  endfacet
  facet normal 0.316429 0.933181 0.170429
    outer loop
      vertex 129.776 7.73778 3
      vertex 129.153 5.20955 18
      vertex 130.148 7.61164 3
    endloop
  endfacet
  facet normal 0.740512 -0.650078 0.170414
    outer loop
      vertex 131.38 3.01371 3
      vertex 129.283 4.55716 18
      vertex 131.121 2.71868 3
    endloop
  endfacet
  facet normal -0.435246 -0.884034 0.170425
    outer loop
      vertex 128.8 4.49359 18
      vertex 127.5 2.24192 3
      vertex 128.847 4.47045 18
    endloop
  endfacet
  facet normal -0.966708 -0.19089 0.170399
    outer loop
      vertex 128.603 4.78779 18
      vertex 126.026 4.44842 3
      vertex 126.102 4.06354 3
    endloop
  endfacet
  facet normal -0.963455 -0.206508 0.170611
    outer loop
      vertex 128.603 4.78779 18
      vertex 126.102 4.06354 3
      vertex 128.614 4.73647 18
    endloop
  endfacet
  facet normal 0.819931 -0.546495 0.170462
    outer loop
      vertex 129.346 4.64 18
      vertex 129.317 4.59649 18
      vertex 131.598 3.34 3
    endloop
  endfacet
  facet normal -0.547777 -0.819078 0.170444
    outer loop
      vertex 128.757 4.52266 18
      vertex 127.174 2.45994 3
      vertex 127.5 2.24192 3
    endloop
  endfacet
  facet normal 0.819876 0.546584 0.170435
    outer loop
      vertex 131.38 6.66628 3
      vertex 129.317 5.0835 18
      vertex 129.346 5.04 18
    endloop
  endfacet
  facet normal 0.192642 0.966356 0.170425
    outer loop
      vertex 129.392 7.81433 3
      vertex 129.104 5.22637 18
      vertex 129.776 7.73778 3
    endloop
  endfacet
  facet normal -0.643561 -0.746157 0.170525
    outer loop
      vertex 128.717 4.55716 18
      vertex 127.174 2.45994 3
      vertex 128.757 4.52266 18
    endloop
  endfacet
  facet normal 0.18985 -0.966914 0.170393
    outer loop
      vertex 129.104 4.45363 18
      vertex 129.052 4.44342 18
      vertex 129.776 1.94222 3
    endloop
  endfacet
  facet normal 0.87728 -0.448641 0.170591
    outer loop
      vertex 129.37 4.68693 18
      vertex 129.346 4.64 18
      vertex 131.598 3.34 3
    endloop
  endfacet
  facet normal 0.649747 -0.740803 0.170412
    outer loop
      vertex 131.121 2.71868 3
      vertex 129.283 4.55716 18
      vertex 130.826 2.45994 3
    endloop
  endfacet
  facet normal 0.643584 0.746185 0.170317
    outer loop
      vertex 131.121 6.96132 3
      vertex 129.243 5.15734 18
      vertex 129.283 5.12284 18
    endloop
  endfacet
  facet normal -0.88331 0.436698 0.170462
    outer loop
      vertex 126.402 6.34 3
      vertex 126.228 5.98805 3
      vertex 128.654 5.04 18
    endloop
  endfacet
  facet normal -0.18985 -0.966914 0.170393
    outer loop
      vertex 128.896 4.45363 18
      vertex 128.224 1.94222 3
      vertex 128.948 4.44342 18
    endloop
  endfacet
  facet normal 0.819318 0.547417 0.17045
    outer loop
      vertex 131.38 6.66628 3
      vertex 129.346 5.04 18
      vertex 131.598 6.34 3
    endloop
  endfacet
  facet normal 0.966708 -0.19089 0.170399
    outer loop
      vertex 131.974 4.44842 3
      vertex 129.397 4.78779 18
      vertex 131.898 4.06354 3
    endloop
  endfacet
  facet normal 0.966708 0.19089 0.170399
    outer loop
      vertex 131.898 5.61646 3
      vertex 129.397 4.89221 18
      vertex 131.974 5.23158 3
    endloop
  endfacet
  facet normal 0.963455 0.206508 0.170611
    outer loop
      vertex 131.898 5.61646 3
      vertex 129.386 4.94353 18
      vertex 129.397 4.89221 18
    endloop
  endfacet
  facet normal -0.937648 -0.302833 0.170611
    outer loop
      vertex 128.614 4.73647 18
      vertex 126.102 4.06354 3
      vertex 128.63 4.68693 18
    endloop
  endfacet
  facet normal -0.745428 -0.644407 0.170518
    outer loop
      vertex 128.683 4.59649 18
      vertex 126.62 3.01371 3
      vertex 128.717 4.55716 18
    endloop
  endfacet
  facet normal 0.883318 -0.436702 0.170416
    outer loop
      vertex 131.772 3.69195 3
      vertex 129.37 4.68693 18
      vertex 131.598 3.34 3
    endloop
  endfacet
  facet normal 0.933183 -0.316427 0.170423
    outer loop
      vertex 131.898 4.06354 3
      vertex 129.37 4.68693 18
      vertex 131.772 3.69195 3
    endloop
  endfacet
  facet normal -0.819318 0.547417 0.17045
    outer loop
      vertex 126.62 6.66628 3
      vertex 126.402 6.34 3
      vertex 128.654 5.04 18
    endloop
  endfacet
  facet normal 0.547777 0.819078 0.170444
    outer loop
      vertex 130.5 7.43808 3
      vertex 129.243 5.15734 18
      vertex 130.826 7.22006 3
    endloop
  endfacet
  facet normal -0.316429 -0.933181 0.170429
    outer loop
      vertex 128.847 4.47045 18
      vertex 127.852 2.06836 3
      vertex 128.224 1.94222 3
    endloop
  endfacet
  facet normal -0.933183 -0.316427 0.170423
    outer loop
      vertex 128.63 4.68693 18
      vertex 126.102 4.06354 3
      vertex 126.228 3.69195 3
    endloop
  endfacet
  facet normal -0.0646673 -0.983246 0.170429
    outer loop
      vertex 129 4.44 18
      vertex 128.948 4.44342 18
      vertex 129 1.84 3
    endloop
  endfacet
  facet normal 0.435246 0.884034 0.170425
    outer loop
      vertex 130.5 7.43808 3
      vertex 129.153 5.20955 18
      vertex 129.2 5.18641 18
    endloop
  endfacet
  facet normal 0.745509 0.644314 0.170519
    outer loop
      vertex 131.38 6.66628 3
      vertex 129.283 5.12284 18
      vertex 129.317 5.0835 18
    endloop
  endfacet
  facet normal 0.88331 0.436698 0.170462
    outer loop
      vertex 131.598 6.34 3
      vertex 129.346 5.04 18
      vertex 131.772 5.98805 3
    endloop
  endfacet
  facet normal -0.883318 -0.436702 0.170416
    outer loop
      vertex 128.63 4.68693 18
      vertex 126.228 3.69195 3
      vertex 126.402 3.34 3
    endloop
  endfacet
  facet normal -0.0643637 -0.983265 0.170434
    outer loop
      vertex 128.948 4.44342 18
      vertex 128.608 1.86566 3
      vertex 129 1.84 3
    endloop
  endfacet
  facet normal -0.983211 -0.0652829 0.170393
    outer loop
      vertex 128.603 4.78779 18
      vertex 126 4.84 3
      vertex 126.026 4.44842 3
    endloop
  endfacet
  facet normal 0.937648 -0.302833 0.170611
    outer loop
      vertex 129.386 4.73647 18
      vertex 129.37 4.68693 18
      vertex 131.898 4.06354 3
    endloop
  endfacet
  facet normal -0.319923 0.931999 0.170375
    outer loop
      vertex 128.896 5.22637 18
      vertex 128.224 7.73778 3
      vertex 128.847 5.20955 18
    endloop
  endfacet
  facet normal -0.316429 0.933181 0.170429
    outer loop
      vertex 128.224 7.73778 3
      vertex 127.852 7.61164 3
      vertex 128.847 5.20955 18
    endloop
  endfacet
  facet normal 0.316429 -0.933181 0.170429
    outer loop
      vertex 130.148 2.06836 3
      vertex 129.153 4.47045 18
      vertex 129.776 1.94222 3
    endloop
  endfacet
  facet normal 0.877332 0.448668 0.170251
    outer loop
      vertex 131.772 5.98805 3
      vertex 129.346 5.04 18
      vertex 129.37 4.99307 18
    endloop
  endfacet
  facet normal -0.189847 0.966902 0.170465
    outer loop
      vertex 128.948 5.23658 18
      vertex 128.608 7.81433 3
      vertex 128.896 5.22637 18
    endloop
  endfacet
  facet normal -0.740523 0.650066 0.170414
    outer loop
      vertex 126.879 6.96132 3
      vertex 126.62 6.66628 3
      vertex 128.717 5.12284 18
    endloop
  endfacet
  facet normal -0.819931 -0.546495 0.170462
    outer loop
      vertex 128.654 4.64 18
      vertex 126.402 3.34 3
      vertex 128.683 4.59649 18
    endloop
  endfacet
  facet normal -0.435763 0.883778 0.170433
    outer loop
      vertex 127.852 7.61164 3
      vertex 127.5 7.43808 3
      vertex 128.847 5.20955 18
    endloop
  endfacet
  facet normal 0.937648 0.302833 0.170611
    outer loop
      vertex 131.898 5.61646 3
      vertex 129.37 4.99307 18
      vertex 129.386 4.94353 18
    endloop
  endfacet
  facet normal -0.0646672 0.983244 0.170436
    outer loop
      vertex 129 5.24 18
      vertex 128.608 7.81433 3
      vertex 128.948 5.23658 18
    endloop
  endfacet
  facet normal -0.745509 0.644314 0.170519
    outer loop
      vertex 128.717 5.12284 18
      vertex 126.62 6.66628 3
      vertex 128.683 5.0835 18
    endloop
  endfacet
  facet normal -0.319923 -0.931999 0.170375
    outer loop
      vertex 128.847 4.47045 18
      vertex 128.224 1.94222 3
      vertex 128.896 4.45363 18
    endloop
  endfacet
  facet normal 0.435246 -0.884034 0.170425
    outer loop
      vertex 129.2 4.49359 18
      vertex 129.153 4.47045 18
      vertex 130.5 2.24192 3
    endloop
  endfacet
  facet normal 0.319923 0.931999 0.170375
    outer loop
      vertex 129.776 7.73778 3
      vertex 129.104 5.22637 18
      vertex 129.153 5.20955 18
    endloop
  endfacet
  facet normal 0.819326 -0.547406 0.170446
    outer loop
      vertex 131.598 3.34 3
      vertex 129.317 4.59649 18
      vertex 131.38 3.01371 3
    endloop
  endfacet
  facet normal 0.983211 -0.0652829 0.170393
    outer loop
      vertex 132 4.84 3
      vertex 129.397 4.78779 18
      vertex 131.974 4.44842 3
    endloop
  endfacet
  facet normal 0.983733 -0.0565255 0.170514
    outer loop
      vertex 129.4 4.84 18
      vertex 129.397 4.78779 18
      vertex 132 4.84 3
    endloop
  endfacet
  facet normal 0.55188 0.816335 0.170371
    outer loop
      vertex 130.5 7.43808 3
      vertex 129.2 5.18641 18
      vertex 129.243 5.15734 18
    endloop
  endfacet
  facet normal -0.55188 0.816335 0.170371
    outer loop
      vertex 128.8 5.18641 18
      vertex 127.5 7.43808 3
      vertex 128.757 5.15734 18
    endloop
  endfacet
  facet normal -0.435763 -0.883778 0.170433
    outer loop
      vertex 128.847 4.47045 18
      vertex 127.5 2.24192 3
      vertex 127.852 2.06836 3
    endloop
  endfacet
  facet normal -0.55188 -0.816335 0.170371
    outer loop
      vertex 128.757 4.52266 18
      vertex 127.5 2.24192 3
      vertex 128.8 4.49359 18
    endloop
  endfacet
  facet normal 0.933183 0.316427 0.170423
    outer loop
      vertex 131.772 5.98805 3
      vertex 129.37 4.99307 18
      vertex 131.898 5.61646 3
    endloop
  endfacet
  facet normal -0.643584 0.746185 0.170317
    outer loop
      vertex 128.757 5.15734 18
      vertex 126.879 6.96132 3
      vertex 128.717 5.12284 18
    endloop
  endfacet
  facet normal 0.55188 -0.816335 0.170371
    outer loop
      vertex 129.243 4.52266 18
      vertex 129.2 4.49359 18
      vertex 130.5 2.24192 3
    endloop
  endfacet
  facet normal -0.819876 0.546584 0.170435
    outer loop
      vertex 128.683 5.0835 18
      vertex 126.62 6.66628 3
      vertex 128.654 5.04 18
    endloop
  endfacet
  facet normal 0.435763 -0.883778 0.170433
    outer loop
      vertex 130.5 2.24192 3
      vertex 129.153 4.47045 18
      vertex 130.148 2.06836 3
    endloop
  endfacet
  facet normal 0.0646673 -0.983246 0.170429
    outer loop
      vertex 129 4.44 18
      vertex 129 1.84 3
      vertex 129.052 4.44342 18
    endloop
  endfacet
  facet normal 0.0646672 0.983244 0.170436
    outer loop
      vertex 129.392 7.81433 3
      vertex 129 5.24 18
      vertex 129.052 5.23658 18
    endloop
  endfacet
  facet normal -0.547777 0.819078 0.170444
    outer loop
      vertex 127.5 7.43808 3
      vertex 127.174 7.22006 3
      vertex 128.757 5.15734 18
    endloop
  endfacet
  facet normal -0.192642 0.966356 0.170425
    outer loop
      vertex 128.608 7.81433 3
      vertex 128.224 7.73778 3
      vertex 128.896 5.22637 18
    endloop
  endfacet
  facet normal 0.319923 -0.931999 0.170375
    outer loop
      vertex 129.153 4.47045 18
      vertex 129.104 4.45363 18
      vertex 129.776 1.94222 3
    endloop
  endfacet
  facet normal -0.740512 -0.650078 0.170414
    outer loop
      vertex 128.717 4.55716 18
      vertex 126.62 3.01371 3
      vertex 126.879 2.71868 3
    endloop
  endfacet
  facet normal -0.649747 -0.740803 0.170412
    outer loop
      vertex 128.717 4.55716 18
      vertex 126.879 2.71868 3
      vertex 127.174 2.45994 3
    endloop
  endfacet
  facet normal -0.933183 0.316427 0.170423
    outer loop
      vertex 126.228 5.98805 3
      vertex 126.102 5.61646 3
      vertex 128.63 4.99307 18
    endloop
  endfacet
  facet normal 0.0643887 0.983263 0.170432
    outer loop
      vertex 129 7.84 3
      vertex 129 5.24 18
      vertex 129.392 7.81433 3
    endloop
  endfacet
  facet normal 0 0 1
    outer loop
      vertex 129.397 4.89221 18
      vertex 129.397 4.78779 18
      vertex 129.4 4.84 18
    endloop
  endfacet
  facet normal 0 0 1
    outer loop
      vertex 129.386 4.94353 18
      vertex 129.397 4.78779 18
      vertex 129.397 4.89221 18
    endloop
  endfacet
  facet normal 0 0 1
    outer loop
      vertex 129.386 4.94353 18
      vertex 129.386 4.73647 18
      vertex 129.397 4.78779 18
    endloop
  endfacet
  facet normal 0 0 1
    outer loop
      vertex 129.37 4.99307 18
      vertex 129.386 4.73647 18
      vertex 129.386 4.94353 18
    endloop
  endfacet
  facet normal 0 0 1
    outer loop
      vertex 129.37 4.99307 18
      vertex 129.37 4.68693 18
      vertex 129.386 4.73647 18
    endloop
  endfacet
  facet normal 0 0 1
    outer loop
      vertex 129.346 5.04 18
      vertex 129.37 4.68693 18
      vertex 129.37 4.99307 18
    endloop
  endfacet
  facet normal 0 0 1
    outer loop
      vertex 129.346 5.04 18
      vertex 129.346 4.64 18
      vertex 129.37 4.68693 18
    endloop
  endfacet
  facet normal 0 0 1
    outer loop
      vertex 129.317 5.0835 18
      vertex 129.346 4.64 18
      vertex 129.346 5.04 18
    endloop
  endfacet
  facet normal 0 0 1
    outer loop
      vertex 129.317 5.0835 18
      vertex 129.317 4.59649 18
      vertex 129.346 4.64 18
    endloop
  endfacet
  facet normal 0 0 1
    outer loop
      vertex 129.283 5.12284 18
      vertex 129.317 4.59649 18
      vertex 129.317 5.0835 18
    endloop
  endfacet
  facet normal 0 0 1
    outer loop
      vertex 129.283 5.12284 18
      vertex 129.283 4.55716 18
      vertex 129.317 4.59649 18
    endloop
  endfacet
  facet normal 0 0 1
    outer loop
      vertex 129.243 5.15734 18
      vertex 129.283 4.55716 18
      vertex 129.283 5.12284 18
    endloop
  endfacet
  facet normal 0 0 1
    outer loop
      vertex 129.243 5.15734 18
      vertex 129.243 4.52266 18
      vertex 129.283 4.55716 18
    endloop
  endfacet
  facet normal 0 0 1
    outer loop
      vertex 129.2 5.18641 18
      vertex 129.243 4.52266 18
      vertex 129.243 5.15734 18
    endloop
  endfacet
  facet normal 0 0 1
    outer loop
      vertex 129.2 5.18641 18
      vertex 129.2 4.49359 18
      vertex 129.243 4.52266 18
    endloop
  endfacet
  facet normal 0 0 1
    outer loop
      vertex 129.153 5.20955 18
      vertex 129.2 4.49359 18
      vertex 129.2 5.18641 18
    endloop
  endfacet
  facet normal 0 0 1
    outer loop
      vertex 129.153 5.20955 18
      vertex 129.153 4.47045 18
      vertex 129.2 4.49359 18
    endloop
  endfacet
  facet normal 0 0 1
    outer loop
      vertex 129.104 5.22637 18
      vertex 129.153 4.47045 18
      vertex 129.153 5.20955 18
    endloop
  endfacet
  facet normal 0 0 1
    outer loop
      vertex 129.104 5.22637 18
      vertex 129.104 4.45363 18
      vertex 129.153 4.47045 18
    endloop
  endfacet
  facet normal 0 0 1
    outer loop
      vertex 129.052 5.23658 18
      vertex 129.104 4.45363 18
      vertex 129.104 5.22637 18
    endloop
  endfacet
  facet normal 0 0 1
    outer loop
      vertex 129.052 5.23658 18
      vertex 129.052 4.44342 18
      vertex 129.104 4.45363 18
    endloop
  endfacet
  facet normal 0 0 1
    outer loop
      vertex 129 5.24 18
      vertex 129.052 4.44342 18
      vertex 129.052 5.23658 18
    endloop
  endfacet
  facet normal 0 0 1
    outer loop
      vertex 129 5.24 18
      vertex 129 4.44 18
      vertex 129.052 4.44342 18
    endloop
  endfacet
  facet normal -0 0 1
    outer loop
      vertex 128.948 5.23658 18
      vertex 129 4.44 18
      vertex 129 5.24 18
    endloop
  endfacet
  facet normal 0 0 1
    outer loop
      vertex 128.948 5.23658 18
      vertex 128.948 4.44342 18
      vertex 129 4.44 18
    endloop
  endfacet
  facet normal -0 0 1
    outer loop
      vertex 128.896 5.22637 18
      vertex 128.948 4.44342 18
      vertex 128.948 5.23658 18
    endloop
  endfacet
  facet normal 0 0 1
    outer loop
      vertex 128.896 5.22637 18
      vertex 128.896 4.45363 18
      vertex 128.948 4.44342 18
    endloop
  endfacet
  facet normal -0 0 1
    outer loop
      vertex 128.847 5.20955 18
      vertex 128.896 4.45363 18
      vertex 128.896 5.22637 18
    endloop
  endfacet
  facet normal 0 0 1
    outer loop
      vertex 128.847 5.20955 18
      vertex 128.847 4.47045 18
      vertex 128.896 4.45363 18
    endloop
  endfacet
  facet normal -0 0 1
    outer loop
      vertex 128.8 5.18641 18
      vertex 128.847 4.47045 18
      vertex 128.847 5.20955 18
    endloop
  endfacet
  facet normal 0 0 1
    outer loop
      vertex 128.8 5.18641 18
      vertex 128.8 4.49359 18
      vertex 128.847 4.47045 18
    endloop
  endfacet
  facet normal -0 0 1
    outer loop
      vertex 128.757 5.15734 18
      vertex 128.8 4.49359 18
      vertex 128.8 5.18641 18
    endloop
  endfacet
  facet normal 0 0 1
    outer loop
      vertex 128.757 5.15734 18
      vertex 128.757 4.52266 18
      vertex 128.8 4.49359 18
    endloop
  endfacet
  facet normal -0 0 1
    outer loop
      vertex 128.717 5.12284 18
      vertex 128.757 4.52266 18
      vertex 128.757 5.15734 18
    endloop
  endfacet
  facet normal 0 0 1
    outer loop
      vertex 128.717 5.12284 18
      vertex 128.717 4.55716 18
      vertex 128.757 4.52266 18
    endloop
  endfacet
  facet normal -0 0 1
    outer loop
      vertex 128.683 5.0835 18
      vertex 128.717 4.55716 18
      vertex 128.717 5.12284 18
    endloop
  endfacet
  facet normal 0 0 1
    outer loop
      vertex 128.683 5.0835 18
      vertex 128.683 4.59649 18
      vertex 128.717 4.55716 18
    endloop
  endfacet
  facet normal -0 0 1
    outer loop
      vertex 128.654 5.04 18
      vertex 128.683 4.59649 18
      vertex 128.683 5.0835 18
    endloop
  endfacet
  facet normal 0 0 1
    outer loop
      vertex 128.654 5.04 18
      vertex 128.654 4.64 18
      vertex 128.683 4.59649 18
    endloop
  endfacet
  facet normal -0 0 1
    outer loop
      vertex 128.63 4.99307 18
      vertex 128.654 4.64 18
      vertex 128.654 5.04 18
    endloop
  endfacet
  facet normal 0 0 1
    outer loop
      vertex 128.63 4.99307 18
      vertex 128.63 4.68693 18
      vertex 128.654 4.64 18
    endloop
  endfacet
  facet normal -0 0 1
    outer loop
      vertex 128.614 4.94353 18
      vertex 128.63 4.68693 18
      vertex 128.63 4.99307 18
    endloop
  endfacet
  facet normal 0 0 1
    outer loop
      vertex 128.614 4.94353 18
      vertex 128.614 4.73647 18
      vertex 128.63 4.68693 18
    endloop
  endfacet
  facet normal -0 0 1
    outer loop
      vertex 128.603 4.89221 18
      vertex 128.614 4.73647 18
      vertex 128.614 4.94353 18
    endloop
  endfacet
  facet normal 0 0 1
    outer loop
      vertex 128.603 4.89221 18
      vertex 128.603 4.78779 18
      vertex 128.614 4.73647 18
    endloop
  endfacet
  facet normal 0 -0 1
    outer loop
      vertex 128.603 4.78779 18
      vertex 128.603 4.89221 18
      vertex 128.6 4.84 18
    endloop
  endfacet
  facet normal 0.547777 -0.819078 0.170444
    outer loop
      vertex 130.826 2.45994 3
      vertex 129.243 4.52266 18
      vertex 130.5 2.24192 3
    endloop
  endfacet
  facet normal 0.963455 -0.206508 0.170611
    outer loop
      vertex 129.397 4.78779 18
      vertex 129.386 4.73647 18
      vertex 131.898 4.06354 3
    endloop
  endfacet
  facet normal 0.740523 0.650066 0.170414
    outer loop
      vertex 131.121 6.96132 3
      vertex 129.283 5.12284 18
      vertex 131.38 6.66628 3
    endloop
  endfacet
  facet normal 0.435763 0.883778 0.170433
    outer loop
      vertex 130.148 7.61164 3
      vertex 129.153 5.20955 18
      vertex 130.5 7.43808 3
    endloop
  endfacet
  facet normal -0.435246 0.884034 0.170425
    outer loop
      vertex 128.847 5.20955 18
      vertex 127.5 7.43808 3
      vertex 128.8 5.18641 18
    endloop
  endfacet
  facet normal -0.0643887 0.983263 0.170432
    outer loop
      vertex 129 7.84 3
      vertex 128.608 7.81433 3
      vertex 129 5.24 18
    endloop
  endfacet
  facet normal -0.963455 0.206508 0.170611
    outer loop
      vertex 128.614 4.94353 18
      vertex 126.102 5.61646 3
      vertex 128.603 4.89221 18
    endloop
  endfacet
  facet normal 0.643561 -0.746157 0.170525
    outer loop
      vertex 129.283 4.55716 18
      vertex 129.243 4.52266 18
      vertex 130.826 2.45994 3
    endloop
  endfacet
  facet normal -0.877332 0.448668 0.170251
    outer loop
      vertex 128.654 5.04 18
      vertex 126.228 5.98805 3
      vertex 128.63 4.99307 18
    endloop
  endfacet
  facet normal 0.189847 0.966902 0.170465
    outer loop
      vertex 129.392 7.81433 3
      vertex 129.052 5.23658 18
      vertex 129.104 5.22637 18
    endloop
  endfacet
  facet normal -0.966708 0.19089 0.170399
    outer loop
      vertex 126.102 5.61646 3
      vertex 126.026 5.23158 3
      vertex 128.603 4.89221 18
    endloop
  endfacet
  facet normal -0.983211 0.0652829 0.170393
    outer loop
      vertex 126.026 5.23158 3
      vertex 126 4.84 3
      vertex 128.603 4.89221 18
    endloop
  endfacet
  facet normal -0.983733 0.0565255 0.170514
    outer loop
      vertex 128.603 4.89221 18
      vertex 126 4.84 3
      vertex 128.6 4.84 18
    endloop
  endfacet
  facet normal 0.745428 -0.644407 0.170518
    outer loop
      vertex 142.317 4.59649 18
      vertex 142.283 4.55716 18
      vertex 144.38 3.01371 3
    endloop
  endfacet
  facet normal 0.192666 -0.96635 0.170435
    outer loop
      vertex 142.776 1.94222 3
      vertex 142.052 4.44342 18
      vertex 142.392 1.86566 3
    endloop
  endfacet
  facet normal -0.192666 -0.96635 0.170435
    outer loop
      vertex 141.948 4.44342 18
      vertex 141.224 1.94222 3
      vertex 141.608 1.86566 3
    endloop
  endfacet
  facet normal 0.983733 0.0565255 0.170514
    outer loop
      vertex 145 4.84 3
      vertex 142.397 4.89221 18
      vertex 142.4 4.84 18
    endloop
  endfacet
  facet normal 0.983211 0.0652829 0.170393
    outer loop
      vertex 144.974 5.23158 3
      vertex 142.397 4.89221 18
      vertex 145 4.84 3
    endloop
  endfacet
  facet normal -0.649744 0.740799 0.17044
    outer loop
      vertex 140.174 7.22006 3
      vertex 139.879 6.96132 3
      vertex 141.757 5.15734 18
    endloop
  endfacet
  facet normal -0.819326 -0.547406 0.170446
    outer loop
      vertex 141.683 4.59649 18
      vertex 139.402 3.34 3
      vertex 139.62 3.01371 3
    endloop
  endfacet
  facet normal -0.87728 -0.448641 0.170591
    outer loop
      vertex 141.63 4.68693 18
      vertex 139.402 3.34 3
      vertex 141.654 4.64 18
    endloop
  endfacet
  facet normal 0.649744 0.740799 0.17044
    outer loop
      vertex 143.826 7.22006 3
      vertex 142.243 5.15734 18
      vertex 144.121 6.96132 3
    endloop
  endfacet
  facet normal 0.0643637 -0.983265 0.170434
    outer loop
      vertex 142.052 4.44342 18
      vertex 142 1.84 3
      vertex 142.392 1.86566 3
    endloop
  endfacet
  facet normal -0.983733 -0.0565255 0.170514
    outer loop
      vertex 141.6 4.84 18
      vertex 139 4.84 3
      vertex 141.603 4.78779 18
    endloop
  endfacet
  facet normal -0.937648 0.302833 0.170611
    outer loop
      vertex 141.63 4.99307 18
      vertex 139.102 5.61646 3
      vertex 141.614 4.94353 18
    endloop
  endfacet
  facet normal 0.316429 0.933181 0.170429
    outer loop
      vertex 142.776 7.73778 3
      vertex 142.153 5.20955 18
      vertex 143.148 7.61164 3
    endloop
  endfacet
  facet normal 0.740512 -0.650078 0.170414
    outer loop
      vertex 144.38 3.01371 3
      vertex 142.283 4.55716 18
      vertex 144.121 2.71868 3
    endloop
  endfacet
  facet normal -0.435246 -0.884034 0.170425
    outer loop
      vertex 141.8 4.49359 18
      vertex 140.5 2.24192 3
      vertex 141.847 4.47045 18
    endloop
  endfacet
  facet normal -0.966708 -0.19089 0.170399
    outer loop
      vertex 141.603 4.78779 18
      vertex 139.026 4.44842 3
      vertex 139.102 4.06354 3
    endloop
  endfacet
  facet normal -0.963455 -0.206508 0.170611
    outer loop
      vertex 141.603 4.78779 18
      vertex 139.102 4.06354 3
      vertex 141.614 4.73647 18
    endloop
  endfacet
  facet normal 0.819931 -0.546495 0.170462
    outer loop
      vertex 142.346 4.64 18
      vertex 142.317 4.59649 18
      vertex 144.598 3.34 3
    endloop
  endfacet
  facet normal -0.547777 -0.819078 0.170444
    outer loop
      vertex 141.757 4.52266 18
      vertex 140.174 2.45994 3
      vertex 140.5 2.24192 3
    endloop
  endfacet
  facet normal 0.819876 0.546584 0.170435
    outer loop
      vertex 144.38 6.66628 3
      vertex 142.317 5.0835 18
      vertex 142.346 5.04 18
    endloop
  endfacet
  facet normal 0.192642 0.966356 0.170425
    outer loop
      vertex 142.392 7.81433 3
      vertex 142.104 5.22637 18
      vertex 142.776 7.73778 3
    endloop
  endfacet
  facet normal -0.643561 -0.746157 0.170525
    outer loop
      vertex 141.717 4.55716 18
      vertex 140.174 2.45994 3
      vertex 141.757 4.52266 18
    endloop
  endfacet
  facet normal 0.18985 -0.966914 0.170393
    outer loop
      vertex 142.104 4.45363 18
      vertex 142.052 4.44342 18
      vertex 142.776 1.94222 3
    endloop
  endfacet
  facet normal 0.87728 -0.448641 0.170591
    outer loop
      vertex 142.37 4.68693 18
      vertex 142.346 4.64 18
      vertex 144.598 3.34 3
    endloop
  endfacet
  facet normal 0.649747 -0.740803 0.170412
    outer loop
      vertex 144.121 2.71868 3
      vertex 142.283 4.55716 18
      vertex 143.826 2.45994 3
    endloop
  endfacet
  facet normal 0.643584 0.746185 0.170317
    outer loop
      vertex 144.121 6.96132 3
      vertex 142.243 5.15734 18
      vertex 142.283 5.12284 18
    endloop
  endfacet
  facet normal -0.88331 0.436698 0.170462
    outer loop
      vertex 139.402 6.34 3
      vertex 139.228 5.98805 3
      vertex 141.654 5.04 18
    endloop
  endfacet
  facet normal -0.18985 -0.966914 0.170393
    outer loop
      vertex 141.896 4.45363 18
      vertex 141.224 1.94222 3
      vertex 141.948 4.44342 18
    endloop
  endfacet
  facet normal 0.819318 0.547417 0.17045
    outer loop
      vertex 144.38 6.66628 3
      vertex 142.346 5.04 18
      vertex 144.598 6.34 3
    endloop
  endfacet
  facet normal 0.966708 -0.19089 0.170399
    outer loop
      vertex 144.974 4.44842 3
      vertex 142.397 4.78779 18
      vertex 144.898 4.06354 3
    endloop
  endfacet
  facet normal 0.966708 0.19089 0.170399
    outer loop
      vertex 144.898 5.61646 3
      vertex 142.397 4.89221 18
      vertex 144.974 5.23158 3
    endloop
  endfacet
  facet normal 0.963455 0.206508 0.170611
    outer loop
      vertex 144.898 5.61646 3
      vertex 142.386 4.94353 18
      vertex 142.397 4.89221 18
    endloop
  endfacet
  facet normal -0.937648 -0.302833 0.170611
    outer loop
      vertex 141.614 4.73647 18
      vertex 139.102 4.06354 3
      vertex 141.63 4.68693 18
    endloop
  endfacet
  facet normal -0.745428 -0.644407 0.170518
    outer loop
      vertex 141.683 4.59649 18
      vertex 139.62 3.01371 3
      vertex 141.717 4.55716 18
    endloop
  endfacet
  facet normal 0.883318 -0.436702 0.170416
    outer loop
      vertex 144.772 3.69195 3
      vertex 142.37 4.68693 18
      vertex 144.598 3.34 3
    endloop
  endfacet
  facet normal 0.933183 -0.316427 0.170423
    outer loop
      vertex 144.898 4.06354 3
      vertex 142.37 4.68693 18
      vertex 144.772 3.69195 3
    endloop
  endfacet
  facet normal -0.819318 0.547417 0.17045
    outer loop
      vertex 139.62 6.66628 3
      vertex 139.402 6.34 3
      vertex 141.654 5.04 18
    endloop
  endfacet
  facet normal 0.547777 0.819078 0.170444
    outer loop
      vertex 143.5 7.43808 3
      vertex 142.243 5.15734 18
      vertex 143.826 7.22006 3
    endloop
  endfacet
  facet normal -0.316429 -0.933181 0.170429
    outer loop
      vertex 141.847 4.47045 18
      vertex 140.852 2.06836 3
      vertex 141.224 1.94222 3
    endloop
  endfacet
  facet normal -0.933183 -0.316427 0.170423
    outer loop
      vertex 141.63 4.68693 18
      vertex 139.102 4.06354 3
      vertex 139.228 3.69195 3
    endloop
  endfacet
  facet normal -0.0646673 -0.983246 0.170429
    outer loop
      vertex 142 4.44 18
      vertex 141.948 4.44342 18
      vertex 142 1.84 3
    endloop
  endfacet
  facet normal 0.435246 0.884034 0.170425
    outer loop
      vertex 143.5 7.43808 3
      vertex 142.153 5.20955 18
      vertex 142.2 5.18641 18
    endloop
  endfacet
  facet normal 0.745509 0.644314 0.170519
    outer loop
      vertex 144.38 6.66628 3
      vertex 142.283 5.12284 18
      vertex 142.317 5.0835 18
    endloop
  endfacet
  facet normal 0.88331 0.436698 0.170462
    outer loop
      vertex 144.598 6.34 3
      vertex 142.346 5.04 18
      vertex 144.772 5.98805 3
    endloop
  endfacet
  facet normal -0.883318 -0.436702 0.170416
    outer loop
      vertex 141.63 4.68693 18
      vertex 139.228 3.69195 3
      vertex 139.402 3.34 3
    endloop
  endfacet
  facet normal -0.0643637 -0.983265 0.170434
    outer loop
      vertex 141.948 4.44342 18
      vertex 141.608 1.86566 3
      vertex 142 1.84 3
    endloop
  endfacet
  facet normal -0.983211 -0.0652829 0.170393
    outer loop
      vertex 141.603 4.78779 18
      vertex 139 4.84 3
      vertex 139.026 4.44842 3
    endloop
  endfacet
  facet normal 0.937648 -0.302833 0.170611
    outer loop
      vertex 142.386 4.73647 18
      vertex 142.37 4.68693 18
      vertex 144.898 4.06354 3
    endloop
  endfacet
  facet normal -0.319923 0.931999 0.170375
    outer loop
      vertex 141.896 5.22637 18
      vertex 141.224 7.73778 3
      vertex 141.847 5.20955 18
    endloop
  endfacet
  facet normal -0.316429 0.933181 0.170429
    outer loop
      vertex 141.224 7.73778 3
      vertex 140.852 7.61164 3
      vertex 141.847 5.20955 18
    endloop
  endfacet
  facet normal 0.316429 -0.933181 0.170429
    outer loop
      vertex 143.148 2.06836 3
      vertex 142.153 4.47045 18
      vertex 142.776 1.94222 3
    endloop
  endfacet
  facet normal 0.877332 0.448668 0.170251
    outer loop
      vertex 144.772 5.98805 3
      vertex 142.346 5.04 18
      vertex 142.37 4.99307 18
    endloop
  endfacet
  facet normal -0.189847 0.966902 0.170465
    outer loop
      vertex 141.948 5.23658 18
      vertex 141.608 7.81433 3
      vertex 141.896 5.22637 18
    endloop
  endfacet
  facet normal -0.740523 0.650066 0.170414
    outer loop
      vertex 139.879 6.96132 3
      vertex 139.62 6.66628 3
      vertex 141.717 5.12284 18
    endloop
  endfacet
  facet normal -0.819931 -0.546495 0.170462
    outer loop
      vertex 141.654 4.64 18
      vertex 139.402 3.34 3
      vertex 141.683 4.59649 18
    endloop
  endfacet
  facet normal -0.435763 0.883778 0.170433
    outer loop
      vertex 140.852 7.61164 3
      vertex 140.5 7.43808 3
      vertex 141.847 5.20955 18
    endloop
  endfacet
  facet normal 0.937648 0.302833 0.170611
    outer loop
      vertex 144.898 5.61646 3
      vertex 142.37 4.99307 18
      vertex 142.386 4.94353 18
    endloop
  endfacet
  facet normal -0.0646672 0.983244 0.170436
    outer loop
      vertex 142 5.24 18
      vertex 141.608 7.81433 3
      vertex 141.948 5.23658 18
    endloop
  endfacet
  facet normal -0.745509 0.644314 0.170519
    outer loop
      vertex 141.717 5.12284 18
      vertex 139.62 6.66628 3
      vertex 141.683 5.0835 18
    endloop
  endfacet
  facet normal -0.319923 -0.931999 0.170375
    outer loop
      vertex 141.847 4.47045 18
      vertex 141.224 1.94222 3
      vertex 141.896 4.45363 18
    endloop
  endfacet
  facet normal 0.435246 -0.884034 0.170425
    outer loop
      vertex 142.2 4.49359 18
      vertex 142.153 4.47045 18
      vertex 143.5 2.24192 3
    endloop
  endfacet
  facet normal 0.319923 0.931999 0.170375
    outer loop
      vertex 142.776 7.73778 3
      vertex 142.104 5.22637 18
      vertex 142.153 5.20955 18
    endloop
  endfacet
  facet normal 0.819326 -0.547406 0.170446
    outer loop
      vertex 144.598 3.34 3
      vertex 142.317 4.59649 18
      vertex 144.38 3.01371 3
    endloop
  endfacet
  facet normal 0.983211 -0.0652829 0.170393
    outer loop
      vertex 145 4.84 3
      vertex 142.397 4.78779 18
      vertex 144.974 4.44842 3
    endloop
  endfacet
  facet normal 0.983733 -0.0565255 0.170514
    outer loop
      vertex 142.4 4.84 18
      vertex 142.397 4.78779 18
      vertex 145 4.84 3
    endloop
  endfacet
  facet normal 0.55188 0.816335 0.170371
    outer loop
      vertex 143.5 7.43808 3
      vertex 142.2 5.18641 18
      vertex 142.243 5.15734 18
    endloop
  endfacet
  facet normal -0.55188 0.816335 0.170371
    outer loop
      vertex 141.8 5.18641 18
      vertex 140.5 7.43808 3
      vertex 141.757 5.15734 18
    endloop
  endfacet
  facet normal -0.435763 -0.883778 0.170433
    outer loop
      vertex 141.847 4.47045 18
      vertex 140.5 2.24192 3
      vertex 140.852 2.06836 3
    endloop
  endfacet
  facet normal -0.55188 -0.816335 0.170371
    outer loop
      vertex 141.757 4.52266 18
      vertex 140.5 2.24192 3
      vertex 141.8 4.49359 18
    endloop
  endfacet
  facet normal 0.933183 0.316427 0.170423
    outer loop
      vertex 144.772 5.98805 3
      vertex 142.37 4.99307 18
      vertex 144.898 5.61646 3
    endloop
  endfacet
  facet normal -0.643584 0.746185 0.170317
    outer loop
      vertex 141.757 5.15734 18
      vertex 139.879 6.96132 3
      vertex 141.717 5.12284 18
    endloop
  endfacet
  facet normal 0.55188 -0.816335 0.170371
    outer loop
      vertex 142.243 4.52266 18
      vertex 142.2 4.49359 18
      vertex 143.5 2.24192 3
    endloop
  endfacet
  facet normal -0.819876 0.546584 0.170435
    outer loop
      vertex 141.683 5.0835 18
      vertex 139.62 6.66628 3
      vertex 141.654 5.04 18
    endloop
  endfacet
  facet normal 0.435763 -0.883778 0.170433
    outer loop
      vertex 143.5 2.24192 3
      vertex 142.153 4.47045 18
      vertex 143.148 2.06836 3
    endloop
  endfacet
  facet normal 0.0646673 -0.983246 0.170429
    outer loop
      vertex 142 4.44 18
      vertex 142 1.84 3
      vertex 142.052 4.44342 18
    endloop
  endfacet
  facet normal 0.0646672 0.983244 0.170436
    outer loop
      vertex 142.392 7.81433 3
      vertex 142 5.24 18
      vertex 142.052 5.23658 18
    endloop
  endfacet
  facet normal -0.547777 0.819078 0.170444
    outer loop
      vertex 140.5 7.43808 3
      vertex 140.174 7.22006 3
      vertex 141.757 5.15734 18
    endloop
  endfacet
  facet normal -0.192642 0.966356 0.170425
    outer loop
      vertex 141.608 7.81433 3
      vertex 141.224 7.73778 3
      vertex 141.896 5.22637 18
    endloop
  endfacet
  facet normal 0.319923 -0.931999 0.170375
    outer loop
      vertex 142.153 4.47045 18
      vertex 142.104 4.45363 18
      vertex 142.776 1.94222 3
    endloop
  endfacet
  facet normal -0.740512 -0.650078 0.170414
    outer loop
      vertex 141.717 4.55716 18
      vertex 139.62 3.01371 3
      vertex 139.879 2.71868 3
    endloop
  endfacet
  facet normal -0.649747 -0.740803 0.170412
    outer loop
      vertex 141.717 4.55716 18
      vertex 139.879 2.71868 3
      vertex 140.174 2.45994 3
    endloop
  endfacet
  facet normal -0.933183 0.316427 0.170423
    outer loop
      vertex 139.228 5.98805 3
      vertex 139.102 5.61646 3
      vertex 141.63 4.99307 18
    endloop
  endfacet
  facet normal 0.0643887 0.983263 0.170432
    outer loop
      vertex 142 7.84 3
      vertex 142 5.24 18
      vertex 142.392 7.81433 3
    endloop
  endfacet
  facet normal 0 0 1
    outer loop
      vertex 142.397 4.89221 18
      vertex 142.397 4.78779 18
      vertex 142.4 4.84 18
    endloop
  endfacet
  facet normal 0 0 1
    outer loop
      vertex 142.386 4.94353 18
      vertex 142.397 4.78779 18
      vertex 142.397 4.89221 18
    endloop
  endfacet
  facet normal 0 0 1
    outer loop
      vertex 142.386 4.94353 18
      vertex 142.386 4.73647 18
      vertex 142.397 4.78779 18
    endloop
  endfacet
  facet normal 0 0 1
    outer loop
      vertex 142.37 4.99307 18
      vertex 142.386 4.73647 18
      vertex 142.386 4.94353 18
    endloop
  endfacet
  facet normal 0 0 1
    outer loop
      vertex 142.37 4.99307 18
      vertex 142.37 4.68693 18
      vertex 142.386 4.73647 18
    endloop
  endfacet
  facet normal 0 0 1
    outer loop
      vertex 142.346 5.04 18
      vertex 142.37 4.68693 18
      vertex 142.37 4.99307 18
    endloop
  endfacet
  facet normal 0 0 1
    outer loop
      vertex 142.346 5.04 18
      vertex 142.346 4.64 18
      vertex 142.37 4.68693 18
    endloop
  endfacet
  facet normal 0 0 1
    outer loop
      vertex 142.317 5.0835 18
      vertex 142.346 4.64 18
      vertex 142.346 5.04 18
    endloop
  endfacet
  facet normal 0 0 1
    outer loop
      vertex 142.317 5.0835 18
      vertex 142.317 4.59649 18
      vertex 142.346 4.64 18
    endloop
  endfacet
  facet normal 0 0 1
    outer loop
      vertex 142.283 5.12284 18
      vertex 142.317 4.59649 18
      vertex 142.317 5.0835 18
    endloop
  endfacet
  facet normal 0 0 1
    outer loop
      vertex 142.283 5.12284 18
      vertex 142.283 4.55716 18
      vertex 142.317 4.59649 18
    endloop
  endfacet
  facet normal 0 0 1
    outer loop
      vertex 142.243 5.15734 18
      vertex 142.283 4.55716 18
      vertex 142.283 5.12284 18
    endloop
  endfacet
  facet normal 0 0 1
    outer loop
      vertex 142.243 5.15734 18
      vertex 142.243 4.52266 18
      vertex 142.283 4.55716 18
    endloop
  endfacet
  facet normal 0 0 1
    outer loop
      vertex 142.2 5.18641 18
      vertex 142.243 4.52266 18
      vertex 142.243 5.15734 18
    endloop
  endfacet
  facet normal 0 0 1
    outer loop
      vertex 142.2 5.18641 18
      vertex 142.2 4.49359 18
      vertex 142.243 4.52266 18
    endloop
  endfacet
  facet normal 0 0 1
    outer loop
      vertex 142.153 5.20955 18
      vertex 142.2 4.49359 18
      vertex 142.2 5.18641 18
    endloop
  endfacet
  facet normal 0 0 1
    outer loop
      vertex 142.153 5.20955 18
      vertex 142.153 4.47045 18
      vertex 142.2 4.49359 18
    endloop
  endfacet
  facet normal 0 0 1
    outer loop
      vertex 142.104 5.22637 18
      vertex 142.153 4.47045 18
      vertex 142.153 5.20955 18
    endloop
  endfacet
  facet normal 0 0 1
    outer loop
      vertex 142.104 5.22637 18
      vertex 142.104 4.45363 18
      vertex 142.153 4.47045 18
    endloop
  endfacet
  facet normal 0 0 1
    outer loop
      vertex 142.052 5.23658 18
      vertex 142.104 4.45363 18
      vertex 142.104 5.22637 18
    endloop
  endfacet
  facet normal 0 0 1
    outer loop
      vertex 142.052 5.23658 18
      vertex 142.052 4.44342 18
      vertex 142.104 4.45363 18
    endloop
  endfacet
  facet normal 0 0 1
    outer loop
      vertex 142 5.24 18
      vertex 142.052 4.44342 18
      vertex 142.052 5.23658 18
    endloop
  endfacet
  facet normal 0 0 1
    outer loop
      vertex 142 5.24 18
      vertex 142 4.44 18
      vertex 142.052 4.44342 18
    endloop
  endfacet
  facet normal -0 0 1
    outer loop
      vertex 141.948 5.23658 18
      vertex 142 4.44 18
      vertex 142 5.24 18
    endloop
  endfacet
  facet normal 0 0 1
    outer loop
      vertex 141.948 5.23658 18
      vertex 141.948 4.44342 18
      vertex 142 4.44 18
    endloop
  endfacet
  facet normal -0 0 1
    outer loop
      vertex 141.896 5.22637 18
      vertex 141.948 4.44342 18
      vertex 141.948 5.23658 18
    endloop
  endfacet
  facet normal 0 0 1
    outer loop
      vertex 141.896 5.22637 18
      vertex 141.896 4.45363 18
      vertex 141.948 4.44342 18
    endloop
  endfacet
  facet normal -0 0 1
    outer loop
      vertex 141.847 5.20955 18
      vertex 141.896 4.45363 18
      vertex 141.896 5.22637 18
    endloop
  endfacet
  facet normal 0 0 1
    outer loop
      vertex 141.847 5.20955 18
      vertex 141.847 4.47045 18
      vertex 141.896 4.45363 18
    endloop
  endfacet
  facet normal -0 0 1
    outer loop
      vertex 141.8 5.18641 18
      vertex 141.847 4.47045 18
      vertex 141.847 5.20955 18
    endloop
  endfacet
  facet normal 0 0 1
    outer loop
      vertex 141.8 5.18641 18
      vertex 141.8 4.49359 18
      vertex 141.847 4.47045 18
    endloop
  endfacet
  facet normal -0 0 1
    outer loop
      vertex 141.757 5.15734 18
      vertex 141.8 4.49359 18
      vertex 141.8 5.18641 18
    endloop
  endfacet
  facet normal 0 0 1
    outer loop
      vertex 141.757 5.15734 18
      vertex 141.757 4.52266 18
      vertex 141.8 4.49359 18
    endloop
  endfacet
  facet normal -0 0 1
    outer loop
      vertex 141.717 5.12284 18
      vertex 141.757 4.52266 18
      vertex 141.757 5.15734 18
    endloop
  endfacet
  facet normal 0 0 1
    outer loop
      vertex 141.717 5.12284 18
      vertex 141.717 4.55716 18
      vertex 141.757 4.52266 18
    endloop
  endfacet
  facet normal -0 0 1
    outer loop
      vertex 141.683 5.0835 18
      vertex 141.717 4.55716 18
      vertex 141.717 5.12284 18
    endloop
  endfacet
  facet normal 0 0 1
    outer loop
      vertex 141.683 5.0835 18
      vertex 141.683 4.59649 18
      vertex 141.717 4.55716 18
    endloop
  endfacet
  facet normal -0 0 1
    outer loop
      vertex 141.654 5.04 18
      vertex 141.683 4.59649 18
      vertex 141.683 5.0835 18
    endloop
  endfacet
  facet normal 0 0 1
    outer loop
      vertex 141.654 5.04 18
      vertex 141.654 4.64 18
      vertex 141.683 4.59649 18
    endloop
  endfacet
  facet normal -0 0 1
    outer loop
      vertex 141.63 4.99307 18
      vertex 141.654 4.64 18
      vertex 141.654 5.04 18
    endloop
  endfacet
  facet normal 0 0 1
    outer loop
      vertex 141.63 4.99307 18
      vertex 141.63 4.68693 18
      vertex 141.654 4.64 18
    endloop
  endfacet
  facet normal -0 0 1
    outer loop
      vertex 141.614 4.94353 18
      vertex 141.63 4.68693 18
      vertex 141.63 4.99307 18
    endloop
  endfacet
  facet normal 0 0 1
    outer loop
      vertex 141.614 4.94353 18
      vertex 141.614 4.73647 18
      vertex 141.63 4.68693 18
    endloop
  endfacet
  facet normal -0 0 1
    outer loop
      vertex 141.603 4.89221 18
      vertex 141.614 4.73647 18
      vertex 141.614 4.94353 18
    endloop
  endfacet
  facet normal 0 0 1
    outer loop
      vertex 141.603 4.89221 18
      vertex 141.603 4.78779 18
      vertex 141.614 4.73647 18
    endloop
  endfacet
  facet normal 0 -0 1
    outer loop
      vertex 141.603 4.78779 18
      vertex 141.603 4.89221 18
      vertex 141.6 4.84 18
    endloop
  endfacet
  facet normal 0.547777 -0.819078 0.170444
    outer loop
      vertex 143.826 2.45994 3
      vertex 142.243 4.52266 18
      vertex 143.5 2.24192 3
    endloop
  endfacet
  facet normal 0.963455 -0.206508 0.170611
    outer loop
      vertex 142.397 4.78779 18
      vertex 142.386 4.73647 18
      vertex 144.898 4.06354 3
    endloop
  endfacet
  facet normal 0.740523 0.650066 0.170414
    outer loop
      vertex 144.121 6.96132 3
      vertex 142.283 5.12284 18
      vertex 144.38 6.66628 3
    endloop
  endfacet
  facet normal 0.435763 0.883778 0.170433
    outer loop
      vertex 143.148 7.61164 3
      vertex 142.153 5.20955 18
      vertex 143.5 7.43808 3
    endloop
  endfacet
  facet normal -0.435246 0.884034 0.170425
    outer loop
      vertex 141.847 5.20955 18
      vertex 140.5 7.43808 3
      vertex 141.8 5.18641 18
    endloop
  endfacet
  facet normal -0.0643887 0.983263 0.170432
    outer loop
      vertex 142 7.84 3
      vertex 141.608 7.81433 3
      vertex 142 5.24 18
    endloop
  endfacet
  facet normal -0.963455 0.206508 0.170611
    outer loop
      vertex 141.614 4.94353 18
      vertex 139.102 5.61646 3
      vertex 141.603 4.89221 18
    endloop
  endfacet
  facet normal 0.643561 -0.746157 0.170525
    outer loop
      vertex 142.283 4.55716 18
      vertex 142.243 4.52266 18
      vertex 143.826 2.45994 3
    endloop
  endfacet
  facet normal -0.877332 0.448668 0.170251
    outer loop
      vertex 141.654 5.04 18
      vertex 139.228 5.98805 3
      vertex 141.63 4.99307 18
    endloop
  endfacet
  facet normal 0.189847 0.966902 0.170465
    outer loop
      vertex 142.392 7.81433 3
      vertex 142.052 5.23658 18
      vertex 142.104 5.22637 18
    endloop
  endfacet
  facet normal -0.966708 0.19089 0.170399
    outer loop
      vertex 139.102 5.61646 3
      vertex 139.026 5.23158 3
      vertex 141.603 4.89221 18
    endloop
  endfacet
  facet normal -0.983211 0.0652829 0.170393
    outer loop
      vertex 139.026 5.23158 3
      vertex 139 4.84 3
      vertex 141.603 4.89221 18
    endloop
  endfacet
  facet normal -0.983733 0.0565255 0.170514
    outer loop
      vertex 141.603 4.89221 18
      vertex 139 4.84 3
      vertex 141.6 4.84 18
    endloop
  endfacet
  facet normal -0.966466 0.192088 0.17043
    outer loop
      vertex 28.6022 17.9365 3
      vertex 28.5257 17.5516 3
      vertex 31.1034 17.2122 18
    endloop
  endfacet
  facet normal -0.966451 0.19216 0.170431
    outer loop
      vertex 31.1136 17.2635 18
      vertex 28.6022 17.9365 3
      vertex 31.1034 17.2122 18
    endloop
  endfacet
  facet normal 0.983285 0.0640454 0.170436
    outer loop
      vertex 34.5 17.16 3
      vertex 31.8966 17.2122 18
      vertex 31.9 17.16 18
    endloop
  endfacet
  facet normal 0.983255 0.0645292 0.170429
    outer loop
      vertex 34.4743 17.5516 3
      vertex 31.8966 17.2122 18
      vertex 34.5 17.16 3
    endloop
  endfacet
  facet normal 0.547395 0.819335 0.170436
    outer loop
      vertex 33 19.7581 3
      vertex 31.7435 17.4773 18
      vertex 33.3263 19.5401 3
    endloop
  endfacet
  facet normal 0.435642 -0.883839 0.170427
    outer loop
      vertex 33 14.5619 3
      vertex 31.6531 16.7904 18
      vertex 32.648 14.3884 3
    endloop
  endfacet
  facet normal -0.883219 -0.436902 0.170414
    outer loop
      vertex 31.1304 17.0069 18
      vertex 28.7284 16.0119 3
      vertex 31.1536 16.96 18
    endloop
  endfacet
  facet normal 0.0645292 0.983255 0.170429
    outer loop
      vertex 31.8916 20.1343 3
      vertex 31.5 20.16 3
      vertex 31.5522 17.5566 18
    endloop
  endfacet
  facet normal 0.649829 -0.740725 0.170435
    outer loop
      vertex 33.6213 15.0387 3
      vertex 31.7435 16.8427 18
      vertex 33.3263 14.7799 3
    endloop
  endfacet
  facet normal 0.192088 0.966466 0.17043
    outer loop
      vertex 31.8916 20.1343 3
      vertex 31.5522 17.5566 18
      vertex 32.2765 20.0578 3
    endloop
  endfacet
  facet normal -0.933032 -0.316869 0.170428
    outer loop
      vertex 31.1304 17.0069 18
      vertex 28.6022 16.3835 3
      vertex 28.7284 16.0119 3
    endloop
  endfacet
  facet normal 0.819005 -0.547886 0.170443
    outer loop
      vertex 31.8464 16.96 18
      vertex 31.8173 16.9165 18
      vertex 33.8801 15.3337 3
    endloop
  endfacet
  facet normal -0.740725 -0.649829 0.170436
    outer loop
      vertex 31.2172 16.8772 18
      vertex 29.1199 15.3337 3
      vertex 29.3787 15.0387 3
    endloop
  endfacet
  facet normal -0.0645292 -0.983254 0.170431
    outer loop
      vertex 31.5 16.76 18
      vertex 31.1084 14.1857 3
      vertex 31.5 14.16 3
    endloop
  endfacet
  facet normal -0.819005 -0.547886 0.170443
    outer loop
      vertex 31.1536 16.96 18
      vertex 29.1199 15.3337 3
      vertex 31.1827 16.9165 18
    endloop
  endfacet
  facet normal -0.883789 -0.435741 0.170433
    outer loop
      vertex 31.1536 16.96 18
      vertex 28.7284 16.0119 3
      vertex 28.9019 15.66 3
    endloop
  endfacet
  facet normal 0.436899 -0.883214 0.170447
    outer loop
      vertex 31.7 16.8136 18
      vertex 31.6531 16.7904 18
      vertex 33 14.5619 3
    endloop
  endfacet
  facet normal -0.649829 -0.740725 0.170435
    outer loop
      vertex 31.2565 16.8427 18
      vertex 29.3787 15.0387 3
      vertex 29.6737 14.7799 3
    endloop
  endfacet
  facet normal 0.819008 0.547888 0.170428
    outer loop
      vertex 34.0981 18.66 3
      vertex 31.8173 17.4035 18
      vertex 31.8464 17.36 18
    endloop
  endfacet
  facet normal 0.0645292 -0.983254 0.170431
    outer loop
      vertex 31.5 16.76 18
      vertex 31.5 14.16 3
      vertex 31.8916 14.1857 3
    endloop
  endfacet
  facet normal -0.650069 -0.740514 0.170439
    outer loop
      vertex 31.2172 16.8772 18
      vertex 29.3787 15.0387 3
      vertex 31.2565 16.8427 18
    endloop
  endfacet
  facet normal -0.933032 0.316869 0.170428
    outer loop
      vertex 28.7284 18.3081 3
      vertex 28.6022 17.9365 3
      vertex 31.1304 17.3131 18
    endloop
  endfacet
  facet normal -0.819008 0.547888 0.170428
    outer loop
      vertex 31.1827 17.4035 18
      vertex 28.9019 18.66 3
      vertex 31.1536 17.36 18
    endloop
  endfacet
  facet normal 0.883789 -0.435741 0.170433
    outer loop
      vertex 34.2716 16.0119 3
      vertex 31.8464 16.96 18
      vertex 34.0981 15.66 3
    endloop
  endfacet
  facet normal -0.933286 0.316113 0.17044
    outer loop
      vertex 31.1304 17.3131 18
      vertex 28.6022 17.9365 3
      vertex 31.1136 17.2635 18
    endloop
  endfacet
  facet normal 0.316946 0.933006 0.170427
    outer loop
      vertex 32.2765 20.0578 3
      vertex 31.6531 17.5296 18
      vertex 32.648 19.9316 3
    endloop
  endfacet
  facet normal -0.19216 -0.966451 0.170429
    outer loop
      vertex 31.3965 16.7736 18
      vertex 31.1084 14.1857 3
      vertex 31.4478 16.7634 18
    endloop
  endfacet
  facet normal 0.933286 0.316113 0.17044
    outer loop
      vertex 34.3978 17.9365 3
      vertex 31.8696 17.3131 18
      vertex 31.8864 17.2635 18
    endloop
  endfacet
  facet normal 0.819335 -0.547395 0.170434
    outer loop
      vertex 34.0981 15.66 3
      vertex 31.8464 16.96 18
      vertex 33.8801 15.3337 3
    endloop
  endfacet
  facet normal 0.547888 -0.819008 0.170428
    outer loop
      vertex 31.7435 16.8427 18
      vertex 31.7 16.8136 18
      vertex 33 14.5619 3
    endloop
  endfacet
  facet normal 0.547395 -0.819335 0.170436
    outer loop
      vertex 33.3263 14.7799 3
      vertex 31.7435 16.8427 18
      vertex 33 14.5619 3
    endloop
  endfacet
  facet normal 0.966466 -0.192088 0.17043
    outer loop
      vertex 34.4743 16.7684 3
      vertex 31.8966 17.1078 18
      vertex 34.3978 16.3835 3
    endloop
  endfacet
  facet normal 0.933032 -0.316869 0.170428
    outer loop
      vertex 34.3978 16.3835 3
      vertex 31.8696 17.0069 18
      vertex 34.2716 16.0119 3
    endloop
  endfacet
  facet normal -0.435742 -0.883789 0.170428
    outer loop
      vertex 31.3469 16.7904 18
      vertex 30 14.5619 3
      vertex 30.3519 14.3884 3
    endloop
  endfacet
  facet normal 0.883219 -0.436902 0.170414
    outer loop
      vertex 31.8696 17.0069 18
      vertex 31.8464 16.96 18
      vertex 34.2716 16.0119 3
    endloop
  endfacet
  facet normal -0.316869 0.933032 0.170428
    outer loop
      vertex 30.7235 20.0578 3
      vertex 30.3519 19.9316 3
      vertex 31.3469 17.5296 18
    endloop
  endfacet
  facet normal 0.547888 0.819008 0.170428
    outer loop
      vertex 33 19.7581 3
      vertex 31.7 17.5064 18
      vertex 31.7435 17.4773 18
    endloop
  endfacet
  facet normal -0.819335 0.547395 0.170436
    outer loop
      vertex 29.1199 18.9863 3
      vertex 28.9019 18.66 3
      vertex 31.1827 17.4035 18
    endloop
  endfacet
  facet normal 0.933286 -0.316113 0.17044
    outer loop
      vertex 31.8864 17.0565 18
      vertex 31.8696 17.0069 18
      vertex 34.3978 16.3835 3
    endloop
  endfacet
  facet normal 0.65007 0.740515 0.170431
    outer loop
      vertex 33.3263 19.5401 3
      vertex 31.7435 17.4773 18
      vertex 31.7828 17.4428 18
    endloop
  endfacet
  facet normal -0.0640454 0.983285 0.170436
    outer loop
      vertex 31.5 20.16 3
      vertex 31.4478 17.5566 18
      vertex 31.5 17.56 18
    endloop
  endfacet
  facet normal 0.316946 -0.933006 0.170427
    outer loop
      vertex 32.648 14.3884 3
      vertex 31.6531 16.7904 18
      vertex 32.2765 14.2622 3
    endloop
  endfacet
  facet normal 0.435642 0.883839 0.170427
    outer loop
      vertex 32.648 19.9316 3
      vertex 31.6531 17.5296 18
      vertex 33 19.7581 3
    endloop
  endfacet
  facet normal -0.819335 -0.547395 0.170434
    outer loop
      vertex 31.1536 16.96 18
      vertex 28.9019 15.66 3
      vertex 29.1199 15.3337 3
    endloop
  endfacet
  facet normal 0.883789 0.435742 0.170428
    outer loop
      vertex 34.0981 18.66 3
      vertex 31.8696 17.3131 18
      vertex 34.2716 18.3081 3
    endloop
  endfacet
  facet normal 0.966466 0.192088 0.17043
    outer loop
      vertex 34.3978 17.9365 3
      vertex 31.8966 17.2122 18
      vertex 34.4743 17.5516 3
    endloop
  endfacet
  facet normal 0.983255 -0.0645292 0.170429
    outer loop
      vertex 34.5 17.16 3
      vertex 31.8966 17.1078 18
      vertex 34.4743 16.7684 3
    endloop
  endfacet
  facet normal 0.983285 -0.0640454 0.170436
    outer loop
      vertex 31.9 17.16 18
      vertex 31.8966 17.1078 18
      vertex 34.5 17.16 3
    endloop
  endfacet
  facet normal -0.547395 0.819335 0.170436
    outer loop
      vertex 30 19.7581 3
      vertex 29.6737 19.5401 3
      vertex 31.2565 17.4773 18
    endloop
  endfacet
  facet normal 0.740725 -0.649829 0.170436
    outer loop
      vertex 33.8801 15.3337 3
      vertex 31.7828 16.8772 18
      vertex 33.6213 15.0387 3
    endloop
  endfacet
  facet normal -0.966466 -0.192088 0.17043
    outer loop
      vertex 31.1034 17.1078 18
      vertex 28.5257 16.7684 3
      vertex 28.6022 16.3835 3
    endloop
  endfacet
  facet normal -0.19216 0.966451 0.170431
    outer loop
      vertex 31.4478 17.5566 18
      vertex 30.7235 20.0578 3
      vertex 31.3965 17.5464 18
    endloop
  endfacet
  facet normal -0.983285 0.0640454 0.170436
    outer loop
      vertex 31.1034 17.2122 18
      vertex 28.5 17.16 3
      vertex 31.1 17.16 18
    endloop
  endfacet
  facet normal -0.435742 0.883789 0.170428
    outer loop
      vertex 30.3519 19.9316 3
      vertex 30 19.7581 3
      vertex 31.3469 17.5296 18
    endloop
  endfacet
  facet normal 0.650069 -0.740514 0.170439
    outer loop
      vertex 31.7828 16.8772 18
      vertex 31.7435 16.8427 18
      vertex 33.6213 15.0387 3
    endloop
  endfacet
  facet normal 0.649829 0.740725 0.170436
    outer loop
      vertex 33.3263 19.5401 3
      vertex 31.7828 17.4428 18
      vertex 33.6213 19.2813 3
    endloop
  endfacet
  facet normal 0.740725 0.649829 0.170436
    outer loop
      vertex 33.6213 19.2813 3
      vertex 31.7828 17.4428 18
      vertex 33.8801 18.9863 3
    endloop
  endfacet
  facet normal 0.933032 0.316869 0.170428
    outer loop
      vertex 34.2716 18.3081 3
      vertex 31.8696 17.3131 18
      vertex 34.3978 17.9365 3
    endloop
  endfacet
  facet normal 0.966451 -0.19216 0.170431
    outer loop
      vertex 31.8966 17.1078 18
      vertex 31.8864 17.0565 18
      vertex 34.3978 16.3835 3
    endloop
  endfacet
  facet normal -0.316869 -0.933032 0.170428
    outer loop
      vertex 31.3469 16.7904 18
      vertex 30.3519 14.3884 3
      vertex 30.7235 14.2622 3
    endloop
  endfacet
  facet normal 0.883214 0.436899 0.170447
    outer loop
      vertex 34.0981 18.66 3
      vertex 31.8464 17.36 18
      vertex 31.8696 17.3131 18
    endloop
  endfacet
  facet normal 0.966451 0.19216 0.170431
    outer loop
      vertex 34.3978 17.9365 3
      vertex 31.8864 17.2635 18
      vertex 31.8966 17.2122 18
    endloop
  endfacet
  facet normal -0.883789 0.435742 0.170428
    outer loop
      vertex 28.9019 18.66 3
      vertex 28.7284 18.3081 3
      vertex 31.1304 17.3131 18
    endloop
  endfacet
  facet normal 0.740515 0.65007 0.170431
    outer loop
      vertex 33.8801 18.9863 3
      vertex 31.7828 17.4428 18
      vertex 31.8173 17.4035 18
    endloop
  endfacet
  facet normal 0.740515 -0.65007 0.170431
    outer loop
      vertex 31.8173 16.9165 18
      vertex 31.7828 16.8772 18
      vertex 33.8801 15.3337 3
    endloop
  endfacet
  facet normal -0.547395 -0.819335 0.170436
    outer loop
      vertex 31.2565 16.8427 18
      vertex 29.6737 14.7799 3
      vertex 30 14.5619 3
    endloop
  endfacet
  facet normal 0.0640454 0.983285 0.170436
    outer loop
      vertex 31.5 20.16 3
      vertex 31.5 17.56 18
      vertex 31.5522 17.5566 18
    endloop
  endfacet
  facet normal 0.192088 -0.966466 0.17043
    outer loop
      vertex 32.2765 14.2622 3
      vertex 31.6035 16.7736 18
      vertex 31.8916 14.1857 3
    endloop
  endfacet
  facet normal -0.65007 0.740515 0.170431
    outer loop
      vertex 31.2565 17.4773 18
      vertex 29.6737 19.5401 3
      vertex 31.2172 17.4428 18
    endloop
  endfacet
  facet normal -0.0645292 0.983255 0.170429
    outer loop
      vertex 31.5 20.16 3
      vertex 31.1084 20.1343 3
      vertex 31.4478 17.5566 18
    endloop
  endfacet
  facet normal -0.192088 0.966466 0.17043
    outer loop
      vertex 31.1084 20.1343 3
      vertex 30.7235 20.0578 3
      vertex 31.4478 17.5566 18
    endloop
  endfacet
  facet normal 0.19216 0.966451 0.170431
    outer loop
      vertex 32.2765 20.0578 3
      vertex 31.5522 17.5566 18
      vertex 31.6035 17.5464 18
    endloop
  endfacet
  facet normal -0.740515 -0.65007 0.170431
    outer loop
      vertex 31.1827 16.9165 18
      vertex 29.1199 15.3337 3
      vertex 31.2172 16.8772 18
    endloop
  endfacet
  facet normal -0.547888 -0.819008 0.170428
    outer loop
      vertex 31.2565 16.8427 18
      vertex 30 14.5619 3
      vertex 31.3 16.8136 18
    endloop
  endfacet
  facet normal -0.316113 0.933286 0.17044
    outer loop
      vertex 31.3965 17.5464 18
      vertex 30.7235 20.0578 3
      vertex 31.3469 17.5296 18
    endloop
  endfacet
  facet normal 0.819335 0.547395 0.170436
    outer loop
      vertex 33.8801 18.9863 3
      vertex 31.8173 17.4035 18
      vertex 34.0981 18.66 3
    endloop
  endfacet
  facet normal -0.192088 -0.966466 0.17043
    outer loop
      vertex 31.3965 16.7736 18
      vertex 30.7235 14.2622 3
      vertex 31.1084 14.1857 3
    endloop
  endfacet
  facet normal 0.316113 0.933286 0.17044
    outer loop
      vertex 32.2765 20.0578 3
      vertex 31.6035 17.5464 18
      vertex 31.6531 17.5296 18
    endloop
  endfacet
  facet normal 0.436899 0.883214 0.170447
    outer loop
      vertex 33 19.7581 3
      vertex 31.6531 17.5296 18
      vertex 31.7 17.5064 18
    endloop
  endfacet
  facet normal -0.316113 -0.933286 0.17044
    outer loop
      vertex 31.3469 16.7904 18
      vertex 30.7235 14.2622 3
      vertex 31.3965 16.7736 18
    endloop
  endfacet
  facet normal -0.649829 0.740725 0.170436
    outer loop
      vertex 29.6737 19.5401 3
      vertex 29.3787 19.2813 3
      vertex 31.2172 17.4428 18
    endloop
  endfacet
  facet normal -0.740725 0.649829 0.170436
    outer loop
      vertex 29.3787 19.2813 3
      vertex 29.1199 18.9863 3
      vertex 31.2172 17.4428 18
    endloop
  endfacet
  facet normal -0.966451 -0.19216 0.170431
    outer loop
      vertex 31.1034 17.1078 18
      vertex 28.6022 16.3835 3
      vertex 31.1136 17.0565 18
    endloop
  endfacet
  facet normal 0.316113 -0.933286 0.17044
    outer loop
      vertex 31.6531 16.7904 18
      vertex 31.6035 16.7736 18
      vertex 32.2765 14.2622 3
    endloop
  endfacet
  facet normal -0.740515 0.65007 0.170431
    outer loop
      vertex 31.2172 17.4428 18
      vertex 29.1199 18.9863 3
      vertex 31.1827 17.4035 18
    endloop
  endfacet
  facet normal -0.983255 0.0645292 0.170429
    outer loop
      vertex 28.5257 17.5516 3
      vertex 28.5 17.16 3
      vertex 31.1034 17.2122 18
    endloop
  endfacet
  facet normal -0.883214 0.436899 0.170447
    outer loop
      vertex 31.1536 17.36 18
      vertex 28.9019 18.66 3
      vertex 31.1304 17.3131 18
    endloop
  endfacet
  facet normal -0.436899 -0.883214 0.170447
    outer loop
      vertex 31.3 16.8136 18
      vertex 30 14.5619 3
      vertex 31.3469 16.7904 18
    endloop
  endfacet
  facet normal -0.436899 0.883214 0.170447
    outer loop
      vertex 31.3469 17.5296 18
      vertex 30 19.7581 3
      vertex 31.3 17.5064 18
    endloop
  endfacet
  facet normal -0.0640455 -0.983287 0.170424
    outer loop
      vertex 31.4478 16.7634 18
      vertex 31.1084 14.1857 3
      vertex 31.5 16.76 18
    endloop
  endfacet
  facet normal -0.547888 0.819008 0.170428
    outer loop
      vertex 31.3 17.5064 18
      vertex 30 19.7581 3
      vertex 31.2565 17.4773 18
    endloop
  endfacet
  facet normal -0.983285 -0.0640454 0.170436
    outer loop
      vertex 31.1 17.16 18
      vertex 28.5 17.16 3
      vertex 31.1034 17.1078 18
    endloop
  endfacet
  facet normal -0.983255 -0.0645292 0.170429
    outer loop
      vertex 31.1034 17.1078 18
      vertex 28.5 17.16 3
      vertex 28.5257 16.7684 3
    endloop
  endfacet
  facet normal 0 0 1
    outer loop
      vertex 31.8966 17.2122 18
      vertex 31.8966 17.1078 18
      vertex 31.9 17.16 18
    endloop
  endfacet
  facet normal 0 0 1
    outer loop
      vertex 31.8864 17.2635 18
      vertex 31.8966 17.1078 18
      vertex 31.8966 17.2122 18
    endloop
  endfacet
  facet normal 0 0 1
    outer loop
      vertex 31.8864 17.2635 18
      vertex 31.8864 17.0565 18
      vertex 31.8966 17.1078 18
    endloop
  endfacet
  facet normal 0 0 1
    outer loop
      vertex 31.8696 17.3131 18
      vertex 31.8864 17.0565 18
      vertex 31.8864 17.2635 18
    endloop
  endfacet
  facet normal 0 0 1
    outer loop
      vertex 31.8696 17.3131 18
      vertex 31.8696 17.0069 18
      vertex 31.8864 17.0565 18
    endloop
  endfacet
  facet normal 0 0 1
    outer loop
      vertex 31.8464 17.36 18
      vertex 31.8696 17.0069 18
      vertex 31.8696 17.3131 18
    endloop
  endfacet
  facet normal 0 0 1
    outer loop
      vertex 31.8464 17.36 18
      vertex 31.8464 16.96 18
      vertex 31.8696 17.0069 18
    endloop
  endfacet
  facet normal 0 0 1
    outer loop
      vertex 31.8173 17.4035 18
      vertex 31.8464 16.96 18
      vertex 31.8464 17.36 18
    endloop
  endfacet
  facet normal 0 0 1
    outer loop
      vertex 31.8173 17.4035 18
      vertex 31.8173 16.9165 18
      vertex 31.8464 16.96 18
    endloop
  endfacet
  facet normal 0 0 1
    outer loop
      vertex 31.7828 17.4428 18
      vertex 31.8173 16.9165 18
      vertex 31.8173 17.4035 18
    endloop
  endfacet
  facet normal 0 0 1
    outer loop
      vertex 31.7828 17.4428 18
      vertex 31.7828 16.8772 18
      vertex 31.8173 16.9165 18
    endloop
  endfacet
  facet normal 0 0 1
    outer loop
      vertex 31.7435 17.4773 18
      vertex 31.7828 16.8772 18
      vertex 31.7828 17.4428 18
    endloop
  endfacet
  facet normal 0 0 1
    outer loop
      vertex 31.7435 17.4773 18
      vertex 31.7435 16.8427 18
      vertex 31.7828 16.8772 18
    endloop
  endfacet
  facet normal 0 0 1
    outer loop
      vertex 31.7 17.5064 18
      vertex 31.7435 16.8427 18
      vertex 31.7435 17.4773 18
    endloop
  endfacet
  facet normal 0 0 1
    outer loop
      vertex 31.7 17.5064 18
      vertex 31.7 16.8136 18
      vertex 31.7435 16.8427 18
    endloop
  endfacet
  facet normal 0 0 1
    outer loop
      vertex 31.6531 17.5296 18
      vertex 31.7 16.8136 18
      vertex 31.7 17.5064 18
    endloop
  endfacet
  facet normal 0 0 1
    outer loop
      vertex 31.6531 17.5296 18
      vertex 31.6531 16.7904 18
      vertex 31.7 16.8136 18
    endloop
  endfacet
  facet normal 0 0 1
    outer loop
      vertex 31.6035 17.5464 18
      vertex 31.6531 16.7904 18
      vertex 31.6531 17.5296 18
    endloop
  endfacet
  facet normal 0 0 1
    outer loop
      vertex 31.6035 17.5464 18
      vertex 31.6035 16.7736 18
      vertex 31.6531 16.7904 18
    endloop
  endfacet
  facet normal 0 0 1
    outer loop
      vertex 31.5522 17.5566 18
      vertex 31.6035 16.7736 18
      vertex 31.6035 17.5464 18
    endloop
  endfacet
  facet normal 0 0 1
    outer loop
      vertex 31.5522 17.5566 18
      vertex 31.5522 16.7634 18
      vertex 31.6035 16.7736 18
    endloop
  endfacet
  facet normal 0 0 1
    outer loop
      vertex 31.5 17.56 18
      vertex 31.5522 16.7634 18
      vertex 31.5522 17.5566 18
    endloop
  endfacet
  facet normal 0 0 1
    outer loop
      vertex 31.5 17.56 18
      vertex 31.5 16.76 18
      vertex 31.5522 16.7634 18
    endloop
  endfacet
  facet normal -0 0 1
    outer loop
      vertex 31.4478 17.5566 18
      vertex 31.5 16.76 18
      vertex 31.5 17.56 18
    endloop
  endfacet
  facet normal 0 0 1
    outer loop
      vertex 31.4478 17.5566 18
      vertex 31.4478 16.7634 18
      vertex 31.5 16.76 18
    endloop
  endfacet
  facet normal -0 0 1
    outer loop
      vertex 31.3965 17.5464 18
      vertex 31.4478 16.7634 18
      vertex 31.4478 17.5566 18
    endloop
  endfacet
  facet normal 0 0 1
    outer loop
      vertex 31.3965 17.5464 18
      vertex 31.3965 16.7736 18
      vertex 31.4478 16.7634 18
    endloop
  endfacet
  facet normal -0 0 1
    outer loop
      vertex 31.3469 17.5296 18
      vertex 31.3965 16.7736 18
      vertex 31.3965 17.5464 18
    endloop
  endfacet
  facet normal 0 0 1
    outer loop
      vertex 31.3469 17.5296 18
      vertex 31.3469 16.7904 18
      vertex 31.3965 16.7736 18
    endloop
  endfacet
  facet normal -0 0 1
    outer loop
      vertex 31.3 17.5064 18
      vertex 31.3469 16.7904 18
      vertex 31.3469 17.5296 18
    endloop
  endfacet
  facet normal 0 0 1
    outer loop
      vertex 31.3 17.5064 18
      vertex 31.3 16.8136 18
      vertex 31.3469 16.7904 18
    endloop
  endfacet
  facet normal -0 0 1
    outer loop
      vertex 31.2565 17.4773 18
      vertex 31.3 16.8136 18
      vertex 31.3 17.5064 18
    endloop
  endfacet
  facet normal 0 0 1
    outer loop
      vertex 31.2565 17.4773 18
      vertex 31.2565 16.8427 18
      vertex 31.3 16.8136 18
    endloop
  endfacet
  facet normal -0 0 1
    outer loop
      vertex 31.2172 17.4428 18
      vertex 31.2565 16.8427 18
      vertex 31.2565 17.4773 18
    endloop
  endfacet
  facet normal 0 0 1
    outer loop
      vertex 31.2172 17.4428 18
      vertex 31.2172 16.8772 18
      vertex 31.2565 16.8427 18
    endloop
  endfacet
  facet normal -0 0 1
    outer loop
      vertex 31.1827 17.4035 18
      vertex 31.2172 16.8772 18
      vertex 31.2172 17.4428 18
    endloop
  endfacet
  facet normal 0 0 1
    outer loop
      vertex 31.1827 17.4035 18
      vertex 31.1827 16.9165 18
      vertex 31.2172 16.8772 18
    endloop
  endfacet
  facet normal -0 0 1
    outer loop
      vertex 31.1536 17.36 18
      vertex 31.1827 16.9165 18
      vertex 31.1827 17.4035 18
    endloop
  endfacet
  facet normal 0 0 1
    outer loop
      vertex 31.1536 17.36 18
      vertex 31.1536 16.96 18
      vertex 31.1827 16.9165 18
    endloop
  endfacet
  facet normal -0 0 1
    outer loop
      vertex 31.1304 17.3131 18
      vertex 31.1536 16.96 18
      vertex 31.1536 17.36 18
    endloop
  endfacet
  facet normal 0 0 1
    outer loop
      vertex 31.1304 17.3131 18
      vertex 31.1304 17.0069 18
      vertex 31.1536 16.96 18
    endloop
  endfacet
  facet normal -0 0 1
    outer loop
      vertex 31.1136 17.2635 18
      vertex 31.1304 17.0069 18
      vertex 31.1304 17.3131 18
    endloop
  endfacet
  facet normal 0 0 1
    outer loop
      vertex 31.1136 17.2635 18
      vertex 31.1136 17.0565 18
      vertex 31.1304 17.0069 18
    endloop
  endfacet
  facet normal -0 0 1
    outer loop
      vertex 31.1034 17.2122 18
      vertex 31.1136 17.0565 18
      vertex 31.1136 17.2635 18
    endloop
  endfacet
  facet normal 0 0 1
    outer loop
      vertex 31.1034 17.2122 18
      vertex 31.1034 17.1078 18
      vertex 31.1136 17.0565 18
    endloop
  endfacet
  facet normal 0 -0 1
    outer loop
      vertex 31.1034 17.1078 18
      vertex 31.1034 17.2122 18
      vertex 31.1 17.16 18
    endloop
  endfacet
  facet normal -0.933286 -0.316113 0.17044
    outer loop
      vertex 31.1136 17.0565 18
      vertex 28.6022 16.3835 3
      vertex 31.1304 17.0069 18
    endloop
  endfacet
  facet normal 0.0640455 -0.983287 0.170424
    outer loop
      vertex 31.5522 16.7634 18
      vertex 31.5 16.76 18
      vertex 31.8916 14.1857 3
    endloop
  endfacet
  facet normal 0.19216 -0.966451 0.170429
    outer loop
      vertex 31.6035 16.7736 18
      vertex 31.5522 16.7634 18
      vertex 31.8916 14.1857 3
    endloop
  endfacet
  facet normal -0.966466 0.192088 0.17043
    outer loop
      vertex 41.6022 17.9365 3
      vertex 41.5257 17.5516 3
      vertex 44.1034 17.2122 18
    endloop
  endfacet
  facet normal -0.966451 0.19216 0.170431
    outer loop
      vertex 44.1136 17.2635 18
      vertex 41.6022 17.9365 3
      vertex 44.1034 17.2122 18
    endloop
  endfacet
  facet normal 0.983285 0.0640454 0.170436
    outer loop
      vertex 47.5 17.16 3
      vertex 44.8966 17.2122 18
      vertex 44.9 17.16 18
    endloop
  endfacet
  facet normal 0.983255 0.0645292 0.170429
    outer loop
      vertex 47.4743 17.5516 3
      vertex 44.8966 17.2122 18
      vertex 47.5 17.16 3
    endloop
  endfacet
  facet normal 0.547395 0.819335 0.170436
    outer loop
      vertex 46 19.7581 3
      vertex 44.7435 17.4773 18
      vertex 46.3263 19.5401 3
    endloop
  endfacet
  facet normal 0.435642 -0.883839 0.170427
    outer loop
      vertex 46 14.5619 3
      vertex 44.6531 16.7904 18
      vertex 45.648 14.3884 3
    endloop
  endfacet
  facet normal -0.883219 -0.436902 0.170414
    outer loop
      vertex 44.1304 17.0069 18
      vertex 41.7284 16.0119 3
      vertex 44.1536 16.96 18
    endloop
  endfacet
  facet normal 0.0645292 0.983255 0.170429
    outer loop
      vertex 44.8916 20.1343 3
      vertex 44.5 20.16 3
      vertex 44.5522 17.5566 18
    endloop
  endfacet
  facet normal 0.649829 -0.740725 0.170435
    outer loop
      vertex 46.6213 15.0387 3
      vertex 44.7435 16.8427 18
      vertex 46.3263 14.7799 3
    endloop
  endfacet
  facet normal 0.192088 0.966466 0.17043
    outer loop
      vertex 44.8916 20.1343 3
      vertex 44.5522 17.5566 18
      vertex 45.2765 20.0578 3
    endloop
  endfacet
  facet normal -0.933032 -0.316869 0.170428
    outer loop
      vertex 44.1304 17.0069 18
      vertex 41.6022 16.3835 3
      vertex 41.7284 16.0119 3
    endloop
  endfacet
  facet normal 0.819005 -0.547886 0.170443
    outer loop
      vertex 44.8464 16.96 18
      vertex 44.8173 16.9165 18
      vertex 46.8801 15.3337 3
    endloop
  endfacet
  facet normal -0.740725 -0.649829 0.170436
    outer loop
      vertex 44.2172 16.8772 18
      vertex 42.1199 15.3337 3
      vertex 42.3787 15.0387 3
    endloop
  endfacet
  facet normal -0.0645292 -0.983254 0.170431
    outer loop
      vertex 44.5 16.76 18
      vertex 44.1084 14.1857 3
      vertex 44.5 14.16 3
    endloop
  endfacet
  facet normal -0.819005 -0.547886 0.170443
    outer loop
      vertex 44.1536 16.96 18
      vertex 42.1199 15.3337 3
      vertex 44.1827 16.9165 18
    endloop
  endfacet
  facet normal -0.883789 -0.435741 0.170433
    outer loop
      vertex 44.1536 16.96 18
      vertex 41.7284 16.0119 3
      vertex 41.9019 15.66 3
    endloop
  endfacet
  facet normal 0.436899 -0.883214 0.170447
    outer loop
      vertex 44.7 16.8136 18
      vertex 44.6531 16.7904 18
      vertex 46 14.5619 3
    endloop
  endfacet
  facet normal -0.649829 -0.740725 0.170435
    outer loop
      vertex 44.2565 16.8427 18
      vertex 42.3787 15.0387 3
      vertex 42.6737 14.7799 3
    endloop
  endfacet
  facet normal 0.819008 0.547888 0.170428
    outer loop
      vertex 47.0981 18.66 3
      vertex 44.8173 17.4035 18
      vertex 44.8464 17.36 18
    endloop
  endfacet
  facet normal 0.0645292 -0.983254 0.170431
    outer loop
      vertex 44.5 16.76 18
      vertex 44.5 14.16 3
      vertex 44.8916 14.1857 3
    endloop
  endfacet
  facet normal -0.650069 -0.740514 0.170439
    outer loop
      vertex 44.2172 16.8772 18
      vertex 42.3787 15.0387 3
      vertex 44.2565 16.8427 18
    endloop
  endfacet
  facet normal -0.933032 0.316869 0.170428
    outer loop
      vertex 41.7284 18.3081 3
      vertex 41.6022 17.9365 3
      vertex 44.1304 17.3131 18
    endloop
  endfacet
  facet normal -0.819008 0.547888 0.170428
    outer loop
      vertex 44.1827 17.4035 18
      vertex 41.9019 18.66 3
      vertex 44.1536 17.36 18
    endloop
  endfacet
  facet normal 0.883789 -0.435741 0.170433
    outer loop
      vertex 47.2716 16.0119 3
      vertex 44.8464 16.96 18
      vertex 47.0981 15.66 3
    endloop
  endfacet
  facet normal -0.933286 0.316113 0.17044
    outer loop
      vertex 44.1304 17.3131 18
      vertex 41.6022 17.9365 3
      vertex 44.1136 17.2635 18
    endloop
  endfacet
  facet normal 0.316946 0.933006 0.170427
    outer loop
      vertex 45.2765 20.0578 3
      vertex 44.6531 17.5296 18
      vertex 45.648 19.9316 3
    endloop
  endfacet
  facet normal -0.19216 -0.966451 0.170429
    outer loop
      vertex 44.3965 16.7736 18
      vertex 44.1084 14.1857 3
      vertex 44.4478 16.7634 18
    endloop
  endfacet
  facet normal 0.933286 0.316113 0.17044
    outer loop
      vertex 47.3978 17.9365 3
      vertex 44.8696 17.3131 18
      vertex 44.8864 17.2635 18
    endloop
  endfacet
  facet normal 0.819335 -0.547395 0.170434
    outer loop
      vertex 47.0981 15.66 3
      vertex 44.8464 16.96 18
      vertex 46.8801 15.3337 3
    endloop
  endfacet
  facet normal 0.547888 -0.819008 0.170428
    outer loop
      vertex 44.7435 16.8427 18
      vertex 44.7 16.8136 18
      vertex 46 14.5619 3
    endloop
  endfacet
  facet normal 0.547395 -0.819335 0.170436
    outer loop
      vertex 46.3263 14.7799 3
      vertex 44.7435 16.8427 18
      vertex 46 14.5619 3
    endloop
  endfacet
  facet normal 0.966466 -0.192088 0.17043
    outer loop
      vertex 47.4743 16.7684 3
      vertex 44.8966 17.1078 18
      vertex 47.3978 16.3835 3
    endloop
  endfacet
  facet normal 0.933032 -0.316869 0.170428
    outer loop
      vertex 47.3978 16.3835 3
      vertex 44.8696 17.0069 18
      vertex 47.2716 16.0119 3
    endloop
  endfacet
  facet normal -0.435642 -0.883839 0.170427
    outer loop
      vertex 44.3469 16.7904 18
      vertex 43 14.5619 3
      vertex 43.352 14.3884 3
    endloop
  endfacet
  facet normal 0.883219 -0.436902 0.170414
    outer loop
      vertex 44.8696 17.0069 18
      vertex 44.8464 16.96 18
      vertex 47.2716 16.0119 3
    endloop
  endfacet
  facet normal -0.316946 0.933006 0.170427
    outer loop
      vertex 43.7235 20.0578 3
      vertex 43.352 19.9316 3
      vertex 44.3469 17.5296 18
    endloop
  endfacet
  facet normal 0.547888 0.819008 0.170428
    outer loop
      vertex 46 19.7581 3
      vertex 44.7 17.5064 18
      vertex 44.7435 17.4773 18
    endloop
  endfacet
  facet normal -0.819335 0.547395 0.170436
    outer loop
      vertex 42.1199 18.9863 3
      vertex 41.9019 18.66 3
      vertex 44.1827 17.4035 18
    endloop
  endfacet
  facet normal 0.933286 -0.316113 0.17044
    outer loop
      vertex 44.8864 17.0565 18
      vertex 44.8696 17.0069 18
      vertex 47.3978 16.3835 3
    endloop
  endfacet
  facet normal 0.65007 0.740515 0.170431
    outer loop
      vertex 46.3263 19.5401 3
      vertex 44.7435 17.4773 18
      vertex 44.7828 17.4428 18
    endloop
  endfacet
  facet normal -0.0640454 0.983285 0.170436
    outer loop
      vertex 44.5 20.16 3
      vertex 44.4478 17.5566 18
      vertex 44.5 17.56 18
    endloop
  endfacet
  facet normal 0.316946 -0.933006 0.170427
    outer loop
      vertex 45.648 14.3884 3
      vertex 44.6531 16.7904 18
      vertex 45.2765 14.2622 3
    endloop
  endfacet
  facet normal 0.435642 0.883839 0.170427
    outer loop
      vertex 45.648 19.9316 3
      vertex 44.6531 17.5296 18
      vertex 46 19.7581 3
    endloop
  endfacet
  facet normal -0.819335 -0.547395 0.170434
    outer loop
      vertex 44.1536 16.96 18
      vertex 41.9019 15.66 3
      vertex 42.1199 15.3337 3
    endloop
  endfacet
  facet normal 0.883789 0.435742 0.170428
    outer loop
      vertex 47.0981 18.66 3
      vertex 44.8696 17.3131 18
      vertex 47.2716 18.3081 3
    endloop
  endfacet
  facet normal 0.966466 0.192088 0.17043
    outer loop
      vertex 47.3978 17.9365 3
      vertex 44.8966 17.2122 18
      vertex 47.4743 17.5516 3
    endloop
  endfacet
  facet normal 0.983255 -0.0645292 0.170429
    outer loop
      vertex 47.5 17.16 3
      vertex 44.8966 17.1078 18
      vertex 47.4743 16.7684 3
    endloop
  endfacet
  facet normal 0.983285 -0.0640454 0.170436
    outer loop
      vertex 44.9 17.16 18
      vertex 44.8966 17.1078 18
      vertex 47.5 17.16 3
    endloop
  endfacet
  facet normal -0.547395 0.819335 0.170436
    outer loop
      vertex 43 19.7581 3
      vertex 42.6737 19.5401 3
      vertex 44.2565 17.4773 18
    endloop
  endfacet
  facet normal 0.740725 -0.649829 0.170436
    outer loop
      vertex 46.8801 15.3337 3
      vertex 44.7828 16.8772 18
      vertex 46.6213 15.0387 3
    endloop
  endfacet
  facet normal -0.966466 -0.192088 0.17043
    outer loop
      vertex 44.1034 17.1078 18
      vertex 41.5257 16.7684 3
      vertex 41.6022 16.3835 3
    endloop
  endfacet
  facet normal -0.19216 0.966451 0.170431
    outer loop
      vertex 44.4478 17.5566 18
      vertex 43.7235 20.0578 3
      vertex 44.3965 17.5464 18
    endloop
  endfacet
  facet normal -0.983285 0.0640454 0.170436
    outer loop
      vertex 44.1034 17.2122 18
      vertex 41.5 17.16 3
      vertex 44.1 17.16 18
    endloop
  endfacet
  facet normal -0.435642 0.883839 0.170427
    outer loop
      vertex 43.352 19.9316 3
      vertex 43 19.7581 3
      vertex 44.3469 17.5296 18
    endloop
  endfacet
  facet normal 0.650069 -0.740514 0.170439
    outer loop
      vertex 44.7828 16.8772 18
      vertex 44.7435 16.8427 18
      vertex 46.6213 15.0387 3
    endloop
  endfacet
  facet normal 0.649829 0.740725 0.170436
    outer loop
      vertex 46.3263 19.5401 3
      vertex 44.7828 17.4428 18
      vertex 46.6213 19.2813 3
    endloop
  endfacet
  facet normal 0.740725 0.649829 0.170436
    outer loop
      vertex 46.6213 19.2813 3
      vertex 44.7828 17.4428 18
      vertex 46.8801 18.9863 3
    endloop
  endfacet
  facet normal 0.933032 0.316869 0.170428
    outer loop
      vertex 47.2716 18.3081 3
      vertex 44.8696 17.3131 18
      vertex 47.3978 17.9365 3
    endloop
  endfacet
  facet normal 0.966451 -0.19216 0.170431
    outer loop
      vertex 44.8966 17.1078 18
      vertex 44.8864 17.0565 18
      vertex 47.3978 16.3835 3
    endloop
  endfacet
  facet normal -0.316946 -0.933006 0.170427
    outer loop
      vertex 44.3469 16.7904 18
      vertex 43.352 14.3884 3
      vertex 43.7235 14.2622 3
    endloop
  endfacet
  facet normal 0.883214 0.436899 0.170447
    outer loop
      vertex 47.0981 18.66 3
      vertex 44.8464 17.36 18
      vertex 44.8696 17.3131 18
    endloop
  endfacet
  facet normal 0.966451 0.19216 0.170431
    outer loop
      vertex 47.3978 17.9365 3
      vertex 44.8864 17.2635 18
      vertex 44.8966 17.2122 18
    endloop
  endfacet
  facet normal -0.883789 0.435742 0.170428
    outer loop
      vertex 41.9019 18.66 3
      vertex 41.7284 18.3081 3
      vertex 44.1304 17.3131 18
    endloop
  endfacet
  facet normal 0.740515 0.65007 0.170431
    outer loop
      vertex 46.8801 18.9863 3
      vertex 44.7828 17.4428 18
      vertex 44.8173 17.4035 18
    endloop
  endfacet
  facet normal 0.740515 -0.65007 0.170431
    outer loop
      vertex 44.8173 16.9165 18
      vertex 44.7828 16.8772 18
      vertex 46.8801 15.3337 3
    endloop
  endfacet
  facet normal -0.547395 -0.819335 0.170436
    outer loop
      vertex 44.2565 16.8427 18
      vertex 42.6737 14.7799 3
      vertex 43 14.5619 3
    endloop
  endfacet
  facet normal 0.0640454 0.983285 0.170436
    outer loop
      vertex 44.5 20.16 3
      vertex 44.5 17.56 18
      vertex 44.5522 17.5566 18
    endloop
  endfacet
  facet normal 0.192088 -0.966466 0.17043
    outer loop
      vertex 45.2765 14.2622 3
      vertex 44.6035 16.7736 18
      vertex 44.8916 14.1857 3
    endloop
  endfacet
  facet normal -0.65007 0.740515 0.170431
    outer loop
      vertex 44.2565 17.4773 18
      vertex 42.6737 19.5401 3
      vertex 44.2172 17.4428 18
    endloop
  endfacet
  facet normal -0.0645292 0.983255 0.170429
    outer loop
      vertex 44.5 20.16 3
      vertex 44.1084 20.1343 3
      vertex 44.4478 17.5566 18
    endloop
  endfacet
  facet normal -0.192088 0.966466 0.17043
    outer loop
      vertex 44.1084 20.1343 3
      vertex 43.7235 20.0578 3
      vertex 44.4478 17.5566 18
    endloop
  endfacet
  facet normal 0.19216 0.966451 0.170431
    outer loop
      vertex 45.2765 20.0578 3
      vertex 44.5522 17.5566 18
      vertex 44.6035 17.5464 18
    endloop
  endfacet
  facet normal -0.740515 -0.65007 0.170431
    outer loop
      vertex 44.1827 16.9165 18
      vertex 42.1199 15.3337 3
      vertex 44.2172 16.8772 18
    endloop
  endfacet
  facet normal -0.547888 -0.819008 0.170428
    outer loop
      vertex 44.2565 16.8427 18
      vertex 43 14.5619 3
      vertex 44.3 16.8136 18
    endloop
  endfacet
  facet normal -0.316113 0.933286 0.17044
    outer loop
      vertex 44.3965 17.5464 18
      vertex 43.7235 20.0578 3
      vertex 44.3469 17.5296 18
    endloop
  endfacet
  facet normal 0.819335 0.547395 0.170436
    outer loop
      vertex 46.8801 18.9863 3
      vertex 44.8173 17.4035 18
      vertex 47.0981 18.66 3
    endloop
  endfacet
  facet normal -0.192088 -0.966466 0.17043
    outer loop
      vertex 44.3965 16.7736 18
      vertex 43.7235 14.2622 3
      vertex 44.1084 14.1857 3
    endloop
  endfacet
  facet normal 0.316113 0.933286 0.17044
    outer loop
      vertex 45.2765 20.0578 3
      vertex 44.6035 17.5464 18
      vertex 44.6531 17.5296 18
    endloop
  endfacet
  facet normal 0.436899 0.883214 0.170447
    outer loop
      vertex 46 19.7581 3
      vertex 44.6531 17.5296 18
      vertex 44.7 17.5064 18
    endloop
  endfacet
  facet normal -0.316113 -0.933286 0.17044
    outer loop
      vertex 44.3469 16.7904 18
      vertex 43.7235 14.2622 3
      vertex 44.3965 16.7736 18
    endloop
  endfacet
  facet normal -0.649829 0.740725 0.170436
    outer loop
      vertex 42.6737 19.5401 3
      vertex 42.3787 19.2813 3
      vertex 44.2172 17.4428 18
    endloop
  endfacet
  facet normal -0.740725 0.649829 0.170436
    outer loop
      vertex 42.3787 19.2813 3
      vertex 42.1199 18.9863 3
      vertex 44.2172 17.4428 18
    endloop
  endfacet
  facet normal -0.966451 -0.19216 0.170431
    outer loop
      vertex 44.1034 17.1078 18
      vertex 41.6022 16.3835 3
      vertex 44.1136 17.0565 18
    endloop
  endfacet
  facet normal 0.316113 -0.933286 0.17044
    outer loop
      vertex 44.6531 16.7904 18
      vertex 44.6035 16.7736 18
      vertex 45.2765 14.2622 3
    endloop
  endfacet
  facet normal -0.740515 0.65007 0.170431
    outer loop
      vertex 44.2172 17.4428 18
      vertex 42.1199 18.9863 3
      vertex 44.1827 17.4035 18
    endloop
  endfacet
  facet normal -0.983255 0.0645292 0.170429
    outer loop
      vertex 41.5257 17.5516 3
      vertex 41.5 17.16 3
      vertex 44.1034 17.2122 18
    endloop
  endfacet
  facet normal -0.883214 0.436899 0.170447
    outer loop
      vertex 44.1536 17.36 18
      vertex 41.9019 18.66 3
      vertex 44.1304 17.3131 18
    endloop
  endfacet
  facet normal -0.436899 -0.883214 0.170447
    outer loop
      vertex 44.3 16.8136 18
      vertex 43 14.5619 3
      vertex 44.3469 16.7904 18
    endloop
  endfacet
  facet normal -0.436899 0.883214 0.170447
    outer loop
      vertex 44.3469 17.5296 18
      vertex 43 19.7581 3
      vertex 44.3 17.5064 18
    endloop
  endfacet
  facet normal -0.0640455 -0.983287 0.170424
    outer loop
      vertex 44.4478 16.7634 18
      vertex 44.1084 14.1857 3
      vertex 44.5 16.76 18
    endloop
  endfacet
  facet normal -0.547888 0.819008 0.170428
    outer loop
      vertex 44.3 17.5064 18
      vertex 43 19.7581 3
      vertex 44.2565 17.4773 18
    endloop
  endfacet
  facet normal -0.983285 -0.0640454 0.170436
    outer loop
      vertex 44.1 17.16 18
      vertex 41.5 17.16 3
      vertex 44.1034 17.1078 18
    endloop
  endfacet
  facet normal -0.983255 -0.0645292 0.170429
    outer loop
      vertex 44.1034 17.1078 18
      vertex 41.5 17.16 3
      vertex 41.5257 16.7684 3
    endloop
  endfacet
  facet normal 0 0 1
    outer loop
      vertex 44.8966 17.2122 18
      vertex 44.8966 17.1078 18
      vertex 44.9 17.16 18
    endloop
  endfacet
  facet normal 0 0 1
    outer loop
      vertex 44.8864 17.2635 18
      vertex 44.8966 17.1078 18
      vertex 44.8966 17.2122 18
    endloop
  endfacet
  facet normal 0 0 1
    outer loop
      vertex 44.8864 17.2635 18
      vertex 44.8864 17.0565 18
      vertex 44.8966 17.1078 18
    endloop
  endfacet
  facet normal 0 0 1
    outer loop
      vertex 44.8696 17.3131 18
      vertex 44.8864 17.0565 18
      vertex 44.8864 17.2635 18
    endloop
  endfacet
  facet normal 0 0 1
    outer loop
      vertex 44.8696 17.3131 18
      vertex 44.8696 17.0069 18
      vertex 44.8864 17.0565 18
    endloop
  endfacet
  facet normal 0 0 1
    outer loop
      vertex 44.8464 17.36 18
      vertex 44.8696 17.0069 18
      vertex 44.8696 17.3131 18
    endloop
  endfacet
  facet normal 0 0 1
    outer loop
      vertex 44.8464 17.36 18
      vertex 44.8464 16.96 18
      vertex 44.8696 17.0069 18
    endloop
  endfacet
  facet normal 0 0 1
    outer loop
      vertex 44.8173 17.4035 18
      vertex 44.8464 16.96 18
      vertex 44.8464 17.36 18
    endloop
  endfacet
  facet normal 0 0 1
    outer loop
      vertex 44.8173 17.4035 18
      vertex 44.8173 16.9165 18
      vertex 44.8464 16.96 18
    endloop
  endfacet
  facet normal 0 0 1
    outer loop
      vertex 44.7828 17.4428 18
      vertex 44.8173 16.9165 18
      vertex 44.8173 17.4035 18
    endloop
  endfacet
  facet normal 0 0 1
    outer loop
      vertex 44.7828 17.4428 18
      vertex 44.7828 16.8772 18
      vertex 44.8173 16.9165 18
    endloop
  endfacet
  facet normal 0 0 1
    outer loop
      vertex 44.7435 17.4773 18
      vertex 44.7828 16.8772 18
      vertex 44.7828 17.4428 18
    endloop
  endfacet
  facet normal 0 0 1
    outer loop
      vertex 44.7435 17.4773 18
      vertex 44.7435 16.8427 18
      vertex 44.7828 16.8772 18
    endloop
  endfacet
  facet normal 0 0 1
    outer loop
      vertex 44.7 17.5064 18
      vertex 44.7435 16.8427 18
      vertex 44.7435 17.4773 18
    endloop
  endfacet
  facet normal 0 0 1
    outer loop
      vertex 44.7 17.5064 18
      vertex 44.7 16.8136 18
      vertex 44.7435 16.8427 18
    endloop
  endfacet
  facet normal 0 0 1
    outer loop
      vertex 44.6531 17.5296 18
      vertex 44.7 16.8136 18
      vertex 44.7 17.5064 18
    endloop
  endfacet
  facet normal 0 0 1
    outer loop
      vertex 44.6531 17.5296 18
      vertex 44.6531 16.7904 18
      vertex 44.7 16.8136 18
    endloop
  endfacet
  facet normal 0 0 1
    outer loop
      vertex 44.6035 17.5464 18
      vertex 44.6531 16.7904 18
      vertex 44.6531 17.5296 18
    endloop
  endfacet
  facet normal 0 0 1
    outer loop
      vertex 44.6035 17.5464 18
      vertex 44.6035 16.7736 18
      vertex 44.6531 16.7904 18
    endloop
  endfacet
  facet normal 0 0 1
    outer loop
      vertex 44.5522 17.5566 18
      vertex 44.6035 16.7736 18
      vertex 44.6035 17.5464 18
    endloop
  endfacet
  facet normal 0 0 1
    outer loop
      vertex 44.5522 17.5566 18
      vertex 44.5522 16.7634 18
      vertex 44.6035 16.7736 18
    endloop
  endfacet
  facet normal 0 0 1
    outer loop
      vertex 44.5 17.56 18
      vertex 44.5522 16.7634 18
      vertex 44.5522 17.5566 18
    endloop
  endfacet
  facet normal 0 0 1
    outer loop
      vertex 44.5 17.56 18
      vertex 44.5 16.76 18
      vertex 44.5522 16.7634 18
    endloop
  endfacet
  facet normal -0 0 1
    outer loop
      vertex 44.4478 17.5566 18
      vertex 44.5 16.76 18
      vertex 44.5 17.56 18
    endloop
  endfacet
  facet normal 0 0 1
    outer loop
      vertex 44.4478 17.5566 18
      vertex 44.4478 16.7634 18
      vertex 44.5 16.76 18
    endloop
  endfacet
  facet normal -0 0 1
    outer loop
      vertex 44.3965 17.5464 18
      vertex 44.4478 16.7634 18
      vertex 44.4478 17.5566 18
    endloop
  endfacet
  facet normal 0 0 1
    outer loop
      vertex 44.3965 17.5464 18
      vertex 44.3965 16.7736 18
      vertex 44.4478 16.7634 18
    endloop
  endfacet
  facet normal -0 0 1
    outer loop
      vertex 44.3469 17.5296 18
      vertex 44.3965 16.7736 18
      vertex 44.3965 17.5464 18
    endloop
  endfacet
  facet normal 0 0 1
    outer loop
      vertex 44.3469 17.5296 18
      vertex 44.3469 16.7904 18
      vertex 44.3965 16.7736 18
    endloop
  endfacet
  facet normal -0 0 1
    outer loop
      vertex 44.3 17.5064 18
      vertex 44.3469 16.7904 18
      vertex 44.3469 17.5296 18
    endloop
  endfacet
  facet normal 0 0 1
    outer loop
      vertex 44.3 17.5064 18
      vertex 44.3 16.8136 18
      vertex 44.3469 16.7904 18
    endloop
  endfacet
  facet normal -0 0 1
    outer loop
      vertex 44.2565 17.4773 18
      vertex 44.3 16.8136 18
      vertex 44.3 17.5064 18
    endloop
  endfacet
  facet normal 0 0 1
    outer loop
      vertex 44.2565 17.4773 18
      vertex 44.2565 16.8427 18
      vertex 44.3 16.8136 18
    endloop
  endfacet
  facet normal -0 0 1
    outer loop
      vertex 44.2172 17.4428 18
      vertex 44.2565 16.8427 18
      vertex 44.2565 17.4773 18
    endloop
  endfacet
  facet normal 0 0 1
    outer loop
      vertex 44.2172 17.4428 18
      vertex 44.2172 16.8772 18
      vertex 44.2565 16.8427 18
    endloop
  endfacet
  facet normal -0 0 1
    outer loop
      vertex 44.1827 17.4035 18
      vertex 44.2172 16.8772 18
      vertex 44.2172 17.4428 18
    endloop
  endfacet
  facet normal 0 0 1
    outer loop
      vertex 44.1827 17.4035 18
      vertex 44.1827 16.9165 18
      vertex 44.2172 16.8772 18
    endloop
  endfacet
  facet normal -0 0 1
    outer loop
      vertex 44.1536 17.36 18
      vertex 44.1827 16.9165 18
      vertex 44.1827 17.4035 18
    endloop
  endfacet
  facet normal 0 0 1
    outer loop
      vertex 44.1536 17.36 18
      vertex 44.1536 16.96 18
      vertex 44.1827 16.9165 18
    endloop
  endfacet
  facet normal -0 0 1
    outer loop
      vertex 44.1304 17.3131 18
      vertex 44.1536 16.96 18
      vertex 44.1536 17.36 18
    endloop
  endfacet
  facet normal 0 0 1
    outer loop
      vertex 44.1304 17.3131 18
      vertex 44.1304 17.0069 18
      vertex 44.1536 16.96 18
    endloop
  endfacet
  facet normal -0 0 1
    outer loop
      vertex 44.1136 17.2635 18
      vertex 44.1304 17.0069 18
      vertex 44.1304 17.3131 18
    endloop
  endfacet
  facet normal 0 0 1
    outer loop
      vertex 44.1136 17.2635 18
      vertex 44.1136 17.0565 18
      vertex 44.1304 17.0069 18
    endloop
  endfacet
  facet normal -0 0 1
    outer loop
      vertex 44.1034 17.2122 18
      vertex 44.1136 17.0565 18
      vertex 44.1136 17.2635 18
    endloop
  endfacet
  facet normal 0 0 1
    outer loop
      vertex 44.1034 17.2122 18
      vertex 44.1034 17.1078 18
      vertex 44.1136 17.0565 18
    endloop
  endfacet
  facet normal 0 -0 1
    outer loop
      vertex 44.1034 17.1078 18
      vertex 44.1034 17.2122 18
      vertex 44.1 17.16 18
    endloop
  endfacet
  facet normal -0.933286 -0.316113 0.17044
    outer loop
      vertex 44.1136 17.0565 18
      vertex 41.6022 16.3835 3
      vertex 44.1304 17.0069 18
    endloop
  endfacet
  facet normal 0.0640455 -0.983287 0.170424
    outer loop
      vertex 44.5522 16.7634 18
      vertex 44.5 16.76 18
      vertex 44.8916 14.1857 3
    endloop
  endfacet
  facet normal 0.19216 -0.966451 0.170429
    outer loop
      vertex 44.6035 16.7736 18
      vertex 44.5522 16.7634 18
      vertex 44.8916 14.1857 3
    endloop
  endfacet
  facet normal -0.966466 0.192088 0.17043
    outer loop
      vertex 54.6022 17.9365 3
      vertex 54.5257 17.5516 3
      vertex 57.1034 17.2122 18
    endloop
  endfacet
  facet normal -0.966451 0.19216 0.170431
    outer loop
      vertex 57.1136 17.2635 18
      vertex 54.6022 17.9365 3
      vertex 57.1034 17.2122 18
    endloop
  endfacet
  facet normal 0.983285 0.0640454 0.170436
    outer loop
      vertex 60.5 17.16 3
      vertex 57.8966 17.2122 18
      vertex 57.9 17.16 18
    endloop
  endfacet
  facet normal 0.983255 0.0645292 0.170429
    outer loop
      vertex 60.4743 17.5516 3
      vertex 57.8966 17.2122 18
      vertex 60.5 17.16 3
    endloop
  endfacet
  facet normal 0.547395 0.819335 0.170436
    outer loop
      vertex 59 19.7581 3
      vertex 57.7435 17.4773 18
      vertex 59.3263 19.5401 3
    endloop
  endfacet
  facet normal 0.435642 -0.883839 0.170427
    outer loop
      vertex 59 14.5619 3
      vertex 57.6531 16.7904 18
      vertex 58.648 14.3884 3
    endloop
  endfacet
  facet normal -0.883219 -0.436902 0.170414
    outer loop
      vertex 57.1304 17.0069 18
      vertex 54.7284 16.0119 3
      vertex 57.1536 16.96 18
    endloop
  endfacet
  facet normal 0.0645292 0.983255 0.170429
    outer loop
      vertex 57.8916 20.1343 3
      vertex 57.5 20.16 3
      vertex 57.5522 17.5566 18
    endloop
  endfacet
  facet normal 0.649829 -0.740725 0.170435
    outer loop
      vertex 59.6213 15.0387 3
      vertex 57.7435 16.8427 18
      vertex 59.3263 14.7799 3
    endloop
  endfacet
  facet normal 0.192088 0.966466 0.17043
    outer loop
      vertex 57.8916 20.1343 3
      vertex 57.5522 17.5566 18
      vertex 58.2765 20.0578 3
    endloop
  endfacet
  facet normal -0.933032 -0.316869 0.170428
    outer loop
      vertex 57.1304 17.0069 18
      vertex 54.6022 16.3835 3
      vertex 54.7284 16.0119 3
    endloop
  endfacet
  facet normal 0.819005 -0.547886 0.170443
    outer loop
      vertex 57.8464 16.96 18
      vertex 57.8173 16.9165 18
      vertex 59.8801 15.3337 3
    endloop
  endfacet
  facet normal -0.740725 -0.649829 0.170436
    outer loop
      vertex 57.2172 16.8772 18
      vertex 55.1199 15.3337 3
      vertex 55.3787 15.0387 3
    endloop
  endfacet
  facet normal -0.0645292 -0.983254 0.170431
    outer loop
      vertex 57.5 16.76 18
      vertex 57.1084 14.1857 3
      vertex 57.5 14.16 3
    endloop
  endfacet
  facet normal -0.819005 -0.547886 0.170443
    outer loop
      vertex 57.1536 16.96 18
      vertex 55.1199 15.3337 3
      vertex 57.1827 16.9165 18
    endloop
  endfacet
  facet normal -0.883789 -0.435741 0.170433
    outer loop
      vertex 57.1536 16.96 18
      vertex 54.7284 16.0119 3
      vertex 54.9019 15.66 3
    endloop
  endfacet
  facet normal 0.436899 -0.883214 0.170447
    outer loop
      vertex 57.7 16.8136 18
      vertex 57.6531 16.7904 18
      vertex 59 14.5619 3
    endloop
  endfacet
  facet normal -0.649829 -0.740725 0.170435
    outer loop
      vertex 57.2565 16.8427 18
      vertex 55.3787 15.0387 3
      vertex 55.6737 14.7799 3
    endloop
  endfacet
  facet normal 0.819008 0.547888 0.170428
    outer loop
      vertex 60.0981 18.66 3
      vertex 57.8173 17.4035 18
      vertex 57.8464 17.36 18
    endloop
  endfacet
  facet normal 0.0645292 -0.983254 0.170431
    outer loop
      vertex 57.5 16.76 18
      vertex 57.5 14.16 3
      vertex 57.8916 14.1857 3
    endloop
  endfacet
  facet normal -0.650069 -0.740514 0.170439
    outer loop
      vertex 57.2172 16.8772 18
      vertex 55.3787 15.0387 3
      vertex 57.2565 16.8427 18
    endloop
  endfacet
  facet normal -0.933032 0.316869 0.170428
    outer loop
      vertex 54.7284 18.3081 3
      vertex 54.6022 17.9365 3
      vertex 57.1304 17.3131 18
    endloop
  endfacet
  facet normal -0.819008 0.547888 0.170428
    outer loop
      vertex 57.1827 17.4035 18
      vertex 54.9019 18.66 3
      vertex 57.1536 17.36 18
    endloop
  endfacet
  facet normal 0.883789 -0.435741 0.170433
    outer loop
      vertex 60.2716 16.0119 3
      vertex 57.8464 16.96 18
      vertex 60.0981 15.66 3
    endloop
  endfacet
  facet normal -0.933286 0.316113 0.17044
    outer loop
      vertex 57.1304 17.3131 18
      vertex 54.6022 17.9365 3
      vertex 57.1136 17.2635 18
    endloop
  endfacet
  facet normal 0.316946 0.933006 0.170427
    outer loop
      vertex 58.2765 20.0578 3
      vertex 57.6531 17.5296 18
      vertex 58.648 19.9316 3
    endloop
  endfacet
  facet normal -0.19216 -0.966451 0.170429
    outer loop
      vertex 57.3965 16.7736 18
      vertex 57.1084 14.1857 3
      vertex 57.4478 16.7634 18
    endloop
  endfacet
  facet normal 0.933286 0.316113 0.17044
    outer loop
      vertex 60.3978 17.9365 3
      vertex 57.8696 17.3131 18
      vertex 57.8864 17.2635 18
    endloop
  endfacet
  facet normal 0.819335 -0.547395 0.170434
    outer loop
      vertex 60.0981 15.66 3
      vertex 57.8464 16.96 18
      vertex 59.8801 15.3337 3
    endloop
  endfacet
  facet normal 0.547888 -0.819008 0.170428
    outer loop
      vertex 57.7435 16.8427 18
      vertex 57.7 16.8136 18
      vertex 59 14.5619 3
    endloop
  endfacet
  facet normal 0.547395 -0.819335 0.170436
    outer loop
      vertex 59.3263 14.7799 3
      vertex 57.7435 16.8427 18
      vertex 59 14.5619 3
    endloop
  endfacet
  facet normal 0.966466 -0.192088 0.17043
    outer loop
      vertex 60.4743 16.7684 3
      vertex 57.8966 17.1078 18
      vertex 60.3978 16.3835 3
    endloop
  endfacet
  facet normal 0.933032 -0.316869 0.170428
    outer loop
      vertex 60.3978 16.3835 3
      vertex 57.8696 17.0069 18
      vertex 60.2716 16.0119 3
    endloop
  endfacet
  facet normal -0.435642 -0.883839 0.170427
    outer loop
      vertex 57.3469 16.7904 18
      vertex 56 14.5619 3
      vertex 56.352 14.3884 3
    endloop
  endfacet
  facet normal 0.883219 -0.436902 0.170414
    outer loop
      vertex 57.8696 17.0069 18
      vertex 57.8464 16.96 18
      vertex 60.2716 16.0119 3
    endloop
  endfacet
  facet normal -0.316946 0.933006 0.170427
    outer loop
      vertex 56.7235 20.0578 3
      vertex 56.352 19.9316 3
      vertex 57.3469 17.5296 18
    endloop
  endfacet
  facet normal 0.547888 0.819008 0.170428
    outer loop
      vertex 59 19.7581 3
      vertex 57.7 17.5064 18
      vertex 57.7435 17.4773 18
    endloop
  endfacet
  facet normal -0.819335 0.547395 0.170436
    outer loop
      vertex 55.1199 18.9863 3
      vertex 54.9019 18.66 3
      vertex 57.1827 17.4035 18
    endloop
  endfacet
  facet normal 0.933286 -0.316113 0.17044
    outer loop
      vertex 57.8864 17.0565 18
      vertex 57.8696 17.0069 18
      vertex 60.3978 16.3835 3
    endloop
  endfacet
  facet normal 0.65007 0.740515 0.170431
    outer loop
      vertex 59.3263 19.5401 3
      vertex 57.7435 17.4773 18
      vertex 57.7828 17.4428 18
    endloop
  endfacet
  facet normal -0.0640454 0.983285 0.170436
    outer loop
      vertex 57.5 20.16 3
      vertex 57.4478 17.5566 18
      vertex 57.5 17.56 18
    endloop
  endfacet
  facet normal 0.316946 -0.933006 0.170427
    outer loop
      vertex 58.648 14.3884 3
      vertex 57.6531 16.7904 18
      vertex 58.2765 14.2622 3
    endloop
  endfacet
  facet normal 0.435642 0.883839 0.170427
    outer loop
      vertex 58.648 19.9316 3
      vertex 57.6531 17.5296 18
      vertex 59 19.7581 3
    endloop
  endfacet
  facet normal -0.819335 -0.547395 0.170434
    outer loop
      vertex 57.1536 16.96 18
      vertex 54.9019 15.66 3
      vertex 55.1199 15.3337 3
    endloop
  endfacet
  facet normal 0.883789 0.435742 0.170428
    outer loop
      vertex 60.0981 18.66 3
      vertex 57.8696 17.3131 18
      vertex 60.2716 18.3081 3
    endloop
  endfacet
  facet normal 0.966466 0.192088 0.17043
    outer loop
      vertex 60.3978 17.9365 3
      vertex 57.8966 17.2122 18
      vertex 60.4743 17.5516 3
    endloop
  endfacet
  facet normal 0.983255 -0.0645292 0.170429
    outer loop
      vertex 60.5 17.16 3
      vertex 57.8966 17.1078 18
      vertex 60.4743 16.7684 3
    endloop
  endfacet
  facet normal 0.983285 -0.0640454 0.170436
    outer loop
      vertex 57.9 17.16 18
      vertex 57.8966 17.1078 18
      vertex 60.5 17.16 3
    endloop
  endfacet
  facet normal -0.547395 0.819335 0.170436
    outer loop
      vertex 56 19.7581 3
      vertex 55.6737 19.5401 3
      vertex 57.2565 17.4773 18
    endloop
  endfacet
  facet normal 0.740725 -0.649829 0.170436
    outer loop
      vertex 59.8801 15.3337 3
      vertex 57.7828 16.8772 18
      vertex 59.6213 15.0387 3
    endloop
  endfacet
  facet normal -0.966466 -0.192088 0.17043
    outer loop
      vertex 57.1034 17.1078 18
      vertex 54.5257 16.7684 3
      vertex 54.6022 16.3835 3
    endloop
  endfacet
  facet normal -0.19216 0.966451 0.170431
    outer loop
      vertex 57.4478 17.5566 18
      vertex 56.7235 20.0578 3
      vertex 57.3965 17.5464 18
    endloop
  endfacet
  facet normal -0.983285 0.0640454 0.170436
    outer loop
      vertex 57.1034 17.2122 18
      vertex 54.5 17.16 3
      vertex 57.1 17.16 18
    endloop
  endfacet
  facet normal -0.435642 0.883839 0.170427
    outer loop
      vertex 56.352 19.9316 3
      vertex 56 19.7581 3
      vertex 57.3469 17.5296 18
    endloop
  endfacet
  facet normal 0.650069 -0.740514 0.170439
    outer loop
      vertex 57.7828 16.8772 18
      vertex 57.7435 16.8427 18
      vertex 59.6213 15.0387 3
    endloop
  endfacet
  facet normal 0.649829 0.740725 0.170436
    outer loop
      vertex 59.3263 19.5401 3
      vertex 57.7828 17.4428 18
      vertex 59.6213 19.2813 3
    endloop
  endfacet
  facet normal 0.740725 0.649829 0.170436
    outer loop
      vertex 59.6213 19.2813 3
      vertex 57.7828 17.4428 18
      vertex 59.8801 18.9863 3
    endloop
  endfacet
  facet normal 0.933032 0.316869 0.170428
    outer loop
      vertex 60.2716 18.3081 3
      vertex 57.8696 17.3131 18
      vertex 60.3978 17.9365 3
    endloop
  endfacet
  facet normal 0.966451 -0.19216 0.170431
    outer loop
      vertex 57.8966 17.1078 18
      vertex 57.8864 17.0565 18
      vertex 60.3978 16.3835 3
    endloop
  endfacet
  facet normal -0.316946 -0.933006 0.170427
    outer loop
      vertex 57.3469 16.7904 18
      vertex 56.352 14.3884 3
      vertex 56.7235 14.2622 3
    endloop
  endfacet
  facet normal 0.883214 0.436899 0.170447
    outer loop
      vertex 60.0981 18.66 3
      vertex 57.8464 17.36 18
      vertex 57.8696 17.3131 18
    endloop
  endfacet
  facet normal 0.966451 0.19216 0.170431
    outer loop
      vertex 60.3978 17.9365 3
      vertex 57.8864 17.2635 18
      vertex 57.8966 17.2122 18
    endloop
  endfacet
  facet normal -0.883789 0.435742 0.170428
    outer loop
      vertex 54.9019 18.66 3
      vertex 54.7284 18.3081 3
      vertex 57.1304 17.3131 18
    endloop
  endfacet
  facet normal 0.740515 0.65007 0.170431
    outer loop
      vertex 59.8801 18.9863 3
      vertex 57.7828 17.4428 18
      vertex 57.8173 17.4035 18
    endloop
  endfacet
  facet normal 0.740515 -0.65007 0.170431
    outer loop
      vertex 57.8173 16.9165 18
      vertex 57.7828 16.8772 18
      vertex 59.8801 15.3337 3
    endloop
  endfacet
  facet normal -0.547395 -0.819335 0.170436
    outer loop
      vertex 57.2565 16.8427 18
      vertex 55.6737 14.7799 3
      vertex 56 14.5619 3
    endloop
  endfacet
  facet normal 0.0640454 0.983285 0.170436
    outer loop
      vertex 57.5 20.16 3
      vertex 57.5 17.56 18
      vertex 57.5522 17.5566 18
    endloop
  endfacet
  facet normal 0.192088 -0.966466 0.17043
    outer loop
      vertex 58.2765 14.2622 3
      vertex 57.6035 16.7736 18
      vertex 57.8916 14.1857 3
    endloop
  endfacet
  facet normal -0.65007 0.740515 0.170431
    outer loop
      vertex 57.2565 17.4773 18
      vertex 55.6737 19.5401 3
      vertex 57.2172 17.4428 18
    endloop
  endfacet
  facet normal -0.0645292 0.983255 0.170429
    outer loop
      vertex 57.5 20.16 3
      vertex 57.1084 20.1343 3
      vertex 57.4478 17.5566 18
    endloop
  endfacet
  facet normal -0.192088 0.966466 0.17043
    outer loop
      vertex 57.1084 20.1343 3
      vertex 56.7235 20.0578 3
      vertex 57.4478 17.5566 18
    endloop
  endfacet
  facet normal 0.19216 0.966451 0.170431
    outer loop
      vertex 58.2765 20.0578 3
      vertex 57.5522 17.5566 18
      vertex 57.6035 17.5464 18
    endloop
  endfacet
  facet normal -0.740515 -0.65007 0.170431
    outer loop
      vertex 57.1827 16.9165 18
      vertex 55.1199 15.3337 3
      vertex 57.2172 16.8772 18
    endloop
  endfacet
  facet normal -0.547888 -0.819008 0.170428
    outer loop
      vertex 57.2565 16.8427 18
      vertex 56 14.5619 3
      vertex 57.3 16.8136 18
    endloop
  endfacet
  facet normal -0.316113 0.933286 0.17044
    outer loop
      vertex 57.3965 17.5464 18
      vertex 56.7235 20.0578 3
      vertex 57.3469 17.5296 18
    endloop
  endfacet
  facet normal 0.819335 0.547395 0.170436
    outer loop
      vertex 59.8801 18.9863 3
      vertex 57.8173 17.4035 18
      vertex 60.0981 18.66 3
    endloop
  endfacet
  facet normal -0.192088 -0.966466 0.17043
    outer loop
      vertex 57.3965 16.7736 18
      vertex 56.7235 14.2622 3
      vertex 57.1084 14.1857 3
    endloop
  endfacet
  facet normal 0.316113 0.933286 0.17044
    outer loop
      vertex 58.2765 20.0578 3
      vertex 57.6035 17.5464 18
      vertex 57.6531 17.5296 18
    endloop
  endfacet
  facet normal 0.436899 0.883214 0.170447
    outer loop
      vertex 59 19.7581 3
      vertex 57.6531 17.5296 18
      vertex 57.7 17.5064 18
    endloop
  endfacet
  facet normal -0.316113 -0.933286 0.17044
    outer loop
      vertex 57.3469 16.7904 18
      vertex 56.7235 14.2622 3
      vertex 57.3965 16.7736 18
    endloop
  endfacet
  facet normal -0.649829 0.740725 0.170436
    outer loop
      vertex 55.6737 19.5401 3
      vertex 55.3787 19.2813 3
      vertex 57.2172 17.4428 18
    endloop
  endfacet
  facet normal -0.740725 0.649829 0.170436
    outer loop
      vertex 55.3787 19.2813 3
      vertex 55.1199 18.9863 3
      vertex 57.2172 17.4428 18
    endloop
  endfacet
  facet normal -0.966451 -0.19216 0.170431
    outer loop
      vertex 57.1034 17.1078 18
      vertex 54.6022 16.3835 3
      vertex 57.1136 17.0565 18
    endloop
  endfacet
  facet normal 0.316113 -0.933286 0.17044
    outer loop
      vertex 57.6531 16.7904 18
      vertex 57.6035 16.7736 18
      vertex 58.2765 14.2622 3
    endloop
  endfacet
  facet normal -0.740515 0.65007 0.170431
    outer loop
      vertex 57.2172 17.4428 18
      vertex 55.1199 18.9863 3
      vertex 57.1827 17.4035 18
    endloop
  endfacet
  facet normal -0.983255 0.0645292 0.170429
    outer loop
      vertex 54.5257 17.5516 3
      vertex 54.5 17.16 3
      vertex 57.1034 17.2122 18
    endloop
  endfacet
  facet normal -0.883214 0.436899 0.170447
    outer loop
      vertex 57.1536 17.36 18
      vertex 54.9019 18.66 3
      vertex 57.1304 17.3131 18
    endloop
  endfacet
  facet normal -0.436899 -0.883214 0.170447
    outer loop
      vertex 57.3 16.8136 18
      vertex 56 14.5619 3
      vertex 57.3469 16.7904 18
    endloop
  endfacet
  facet normal -0.436899 0.883214 0.170447
    outer loop
      vertex 57.3469 17.5296 18
      vertex 56 19.7581 3
      vertex 57.3 17.5064 18
    endloop
  endfacet
  facet normal -0.0640455 -0.983287 0.170424
    outer loop
      vertex 57.4478 16.7634 18
      vertex 57.1084 14.1857 3
      vertex 57.5 16.76 18
    endloop
  endfacet
  facet normal -0.547888 0.819008 0.170428
    outer loop
      vertex 57.3 17.5064 18
      vertex 56 19.7581 3
      vertex 57.2565 17.4773 18
    endloop
  endfacet
  facet normal -0.983285 -0.0640454 0.170436
    outer loop
      vertex 57.1 17.16 18
      vertex 54.5 17.16 3
      vertex 57.1034 17.1078 18
    endloop
  endfacet
  facet normal -0.983255 -0.0645292 0.170429
    outer loop
      vertex 57.1034 17.1078 18
      vertex 54.5 17.16 3
      vertex 54.5257 16.7684 3
    endloop
  endfacet
  facet normal 0 0 1
    outer loop
      vertex 57.8966 17.2122 18
      vertex 57.8966 17.1078 18
      vertex 57.9 17.16 18
    endloop
  endfacet
  facet normal 0 0 1
    outer loop
      vertex 57.8864 17.2635 18
      vertex 57.8966 17.1078 18
      vertex 57.8966 17.2122 18
    endloop
  endfacet
  facet normal 0 0 1
    outer loop
      vertex 57.8864 17.2635 18
      vertex 57.8864 17.0565 18
      vertex 57.8966 17.1078 18
    endloop
  endfacet
  facet normal 0 0 1
    outer loop
      vertex 57.8696 17.3131 18
      vertex 57.8864 17.0565 18
      vertex 57.8864 17.2635 18
    endloop
  endfacet
  facet normal 0 0 1
    outer loop
      vertex 57.8696 17.3131 18
      vertex 57.8696 17.0069 18
      vertex 57.8864 17.0565 18
    endloop
  endfacet
  facet normal 0 0 1
    outer loop
      vertex 57.8464 17.36 18
      vertex 57.8696 17.0069 18
      vertex 57.8696 17.3131 18
    endloop
  endfacet
  facet normal 0 0 1
    outer loop
      vertex 57.8464 17.36 18
      vertex 57.8464 16.96 18
      vertex 57.8696 17.0069 18
    endloop
  endfacet
  facet normal 0 0 1
    outer loop
      vertex 57.8173 17.4035 18
      vertex 57.8464 16.96 18
      vertex 57.8464 17.36 18
    endloop
  endfacet
  facet normal 0 0 1
    outer loop
      vertex 57.8173 17.4035 18
      vertex 57.8173 16.9165 18
      vertex 57.8464 16.96 18
    endloop
  endfacet
  facet normal 0 0 1
    outer loop
      vertex 57.7828 17.4428 18
      vertex 57.8173 16.9165 18
      vertex 57.8173 17.4035 18
    endloop
  endfacet
  facet normal 0 0 1
    outer loop
      vertex 57.7828 17.4428 18
      vertex 57.7828 16.8772 18
      vertex 57.8173 16.9165 18
    endloop
  endfacet
  facet normal 0 0 1
    outer loop
      vertex 57.7435 17.4773 18
      vertex 57.7828 16.8772 18
      vertex 57.7828 17.4428 18
    endloop
  endfacet
  facet normal 0 0 1
    outer loop
      vertex 57.7435 17.4773 18
      vertex 57.7435 16.8427 18
      vertex 57.7828 16.8772 18
    endloop
  endfacet
  facet normal 0 0 1
    outer loop
      vertex 57.7 17.5064 18
      vertex 57.7435 16.8427 18
      vertex 57.7435 17.4773 18
    endloop
  endfacet
  facet normal 0 0 1
    outer loop
      vertex 57.7 17.5064 18
      vertex 57.7 16.8136 18
      vertex 57.7435 16.8427 18
    endloop
  endfacet
  facet normal 0 0 1
    outer loop
      vertex 57.6531 17.5296 18
      vertex 57.7 16.8136 18
      vertex 57.7 17.5064 18
    endloop
  endfacet
  facet normal 0 0 1
    outer loop
      vertex 57.6531 17.5296 18
      vertex 57.6531 16.7904 18
      vertex 57.7 16.8136 18
    endloop
  endfacet
  facet normal 0 0 1
    outer loop
      vertex 57.6035 17.5464 18
      vertex 57.6531 16.7904 18
      vertex 57.6531 17.5296 18
    endloop
  endfacet
  facet normal 0 0 1
    outer loop
      vertex 57.6035 17.5464 18
      vertex 57.6035 16.7736 18
      vertex 57.6531 16.7904 18
    endloop
  endfacet
  facet normal 0 0 1
    outer loop
      vertex 57.5522 17.5566 18
      vertex 57.6035 16.7736 18
      vertex 57.6035 17.5464 18
    endloop
  endfacet
  facet normal 0 0 1
    outer loop
      vertex 57.5522 17.5566 18
      vertex 57.5522 16.7634 18
      vertex 57.6035 16.7736 18
    endloop
  endfacet
  facet normal 0 0 1
    outer loop
      vertex 57.5 17.56 18
      vertex 57.5522 16.7634 18
      vertex 57.5522 17.5566 18
    endloop
  endfacet
  facet normal 0 0 1
    outer loop
      vertex 57.5 17.56 18
      vertex 57.5 16.76 18
      vertex 57.5522 16.7634 18
    endloop
  endfacet
  facet normal -0 0 1
    outer loop
      vertex 57.4478 17.5566 18
      vertex 57.5 16.76 18
      vertex 57.5 17.56 18
    endloop
  endfacet
  facet normal 0 0 1
    outer loop
      vertex 57.4478 17.5566 18
      vertex 57.4478 16.7634 18
      vertex 57.5 16.76 18
    endloop
  endfacet
  facet normal -0 0 1
    outer loop
      vertex 57.3965 17.5464 18
      vertex 57.4478 16.7634 18
      vertex 57.4478 17.5566 18
    endloop
  endfacet
  facet normal 0 0 1
    outer loop
      vertex 57.3965 17.5464 18
      vertex 57.3965 16.7736 18
      vertex 57.4478 16.7634 18
    endloop
  endfacet
  facet normal -0 0 1
    outer loop
      vertex 57.3469 17.5296 18
      vertex 57.3965 16.7736 18
      vertex 57.3965 17.5464 18
    endloop
  endfacet
  facet normal 0 0 1
    outer loop
      vertex 57.3469 17.5296 18
      vertex 57.3469 16.7904 18
      vertex 57.3965 16.7736 18
    endloop
  endfacet
  facet normal -0 0 1
    outer loop
      vertex 57.3 17.5064 18
      vertex 57.3469 16.7904 18
      vertex 57.3469 17.5296 18
    endloop
  endfacet
  facet normal 0 0 1
    outer loop
      vertex 57.3 17.5064 18
      vertex 57.3 16.8136 18
      vertex 57.3469 16.7904 18
    endloop
  endfacet
  facet normal -0 0 1
    outer loop
      vertex 57.2565 17.4773 18
      vertex 57.3 16.8136 18
      vertex 57.3 17.5064 18
    endloop
  endfacet
  facet normal 0 0 1
    outer loop
      vertex 57.2565 17.4773 18
      vertex 57.2565 16.8427 18
      vertex 57.3 16.8136 18
    endloop
  endfacet
  facet normal -0 0 1
    outer loop
      vertex 57.2172 17.4428 18
      vertex 57.2565 16.8427 18
      vertex 57.2565 17.4773 18
    endloop
  endfacet
  facet normal 0 0 1
    outer loop
      vertex 57.2172 17.4428 18
      vertex 57.2172 16.8772 18
      vertex 57.2565 16.8427 18
    endloop
  endfacet
  facet normal -0 0 1
    outer loop
      vertex 57.1827 17.4035 18
      vertex 57.2172 16.8772 18
      vertex 57.2172 17.4428 18
    endloop
  endfacet
  facet normal 0 0 1
    outer loop
      vertex 57.1827 17.4035 18
      vertex 57.1827 16.9165 18
      vertex 57.2172 16.8772 18
    endloop
  endfacet
  facet normal -0 0 1
    outer loop
      vertex 57.1536 17.36 18
      vertex 57.1827 16.9165 18
      vertex 57.1827 17.4035 18
    endloop
  endfacet
  facet normal 0 0 1
    outer loop
      vertex 57.1536 17.36 18
      vertex 57.1536 16.96 18
      vertex 57.1827 16.9165 18
    endloop
  endfacet
  facet normal -0 0 1
    outer loop
      vertex 57.1304 17.3131 18
      vertex 57.1536 16.96 18
      vertex 57.1536 17.36 18
    endloop
  endfacet
  facet normal 0 0 1
    outer loop
      vertex 57.1304 17.3131 18
      vertex 57.1304 17.0069 18
      vertex 57.1536 16.96 18
    endloop
  endfacet
  facet normal -0 0 1
    outer loop
      vertex 57.1136 17.2635 18
      vertex 57.1304 17.0069 18
      vertex 57.1304 17.3131 18
    endloop
  endfacet
  facet normal 0 0 1
    outer loop
      vertex 57.1136 17.2635 18
      vertex 57.1136 17.0565 18
      vertex 57.1304 17.0069 18
    endloop
  endfacet
  facet normal -0 0 1
    outer loop
      vertex 57.1034 17.2122 18
      vertex 57.1136 17.0565 18
      vertex 57.1136 17.2635 18
    endloop
  endfacet
  facet normal 0 0 1
    outer loop
      vertex 57.1034 17.2122 18
      vertex 57.1034 17.1078 18
      vertex 57.1136 17.0565 18
    endloop
  endfacet
  facet normal 0 -0 1
    outer loop
      vertex 57.1034 17.1078 18
      vertex 57.1034 17.2122 18
      vertex 57.1 17.16 18
    endloop
  endfacet
  facet normal -0.933286 -0.316113 0.17044
    outer loop
      vertex 57.1136 17.0565 18
      vertex 54.6022 16.3835 3
      vertex 57.1304 17.0069 18
    endloop
  endfacet
  facet normal 0.0640455 -0.983287 0.170424
    outer loop
      vertex 57.5522 16.7634 18
      vertex 57.5 16.76 18
      vertex 57.8916 14.1857 3
    endloop
  endfacet
  facet normal 0.19216 -0.966451 0.170429
    outer loop
      vertex 57.6035 16.7736 18
      vertex 57.5522 16.7634 18
      vertex 57.8916 14.1857 3
    endloop
  endfacet
  facet normal -0.966466 0.192088 0.17043
    outer loop
      vertex 67.6022 17.9365 3
      vertex 67.5257 17.5516 3
      vertex 70.1034 17.2122 18
    endloop
  endfacet
  facet normal -0.966451 0.19216 0.170431
    outer loop
      vertex 70.1136 17.2635 18
      vertex 67.6022 17.9365 3
      vertex 70.1034 17.2122 18
    endloop
  endfacet
  facet normal 0.983285 0.0640454 0.170436
    outer loop
      vertex 73.5 17.16 3
      vertex 70.8966 17.2122 18
      vertex 70.9 17.16 18
    endloop
  endfacet
  facet normal 0.983255 0.0645292 0.170429
    outer loop
      vertex 73.4743 17.5516 3
      vertex 70.8966 17.2122 18
      vertex 73.5 17.16 3
    endloop
  endfacet
  facet normal 0.547395 0.819335 0.170436
    outer loop
      vertex 72 19.7581 3
      vertex 70.7435 17.4773 18
      vertex 72.3263 19.5401 3
    endloop
  endfacet
  facet normal 0.435642 -0.883839 0.170427
    outer loop
      vertex 72 14.5619 3
      vertex 70.6531 16.7904 18
      vertex 71.648 14.3884 3
    endloop
  endfacet
  facet normal -0.883219 -0.436902 0.170414
    outer loop
      vertex 70.1304 17.0069 18
      vertex 67.7284 16.0119 3
      vertex 70.1536 16.96 18
    endloop
  endfacet
  facet normal 0.0645292 0.983255 0.170429
    outer loop
      vertex 70.8916 20.1343 3
      vertex 70.5 20.16 3
      vertex 70.5522 17.5566 18
    endloop
  endfacet
  facet normal 0.649829 -0.740725 0.170435
    outer loop
      vertex 72.6213 15.0387 3
      vertex 70.7435 16.8427 18
      vertex 72.3263 14.7799 3
    endloop
  endfacet
  facet normal 0.192088 0.966466 0.17043
    outer loop
      vertex 70.8916 20.1343 3
      vertex 70.5522 17.5566 18
      vertex 71.2765 20.0578 3
    endloop
  endfacet
  facet normal -0.933032 -0.316869 0.170428
    outer loop
      vertex 70.1304 17.0069 18
      vertex 67.6022 16.3835 3
      vertex 67.7284 16.0119 3
    endloop
  endfacet
  facet normal 0.819005 -0.547886 0.170443
    outer loop
      vertex 70.8464 16.96 18
      vertex 70.8173 16.9165 18
      vertex 72.8801 15.3337 3
    endloop
  endfacet
  facet normal -0.740725 -0.649829 0.170436
    outer loop
      vertex 70.2172 16.8772 18
      vertex 68.1199 15.3337 3
      vertex 68.3787 15.0387 3
    endloop
  endfacet
  facet normal -0.0645292 -0.983254 0.170431
    outer loop
      vertex 70.5 16.76 18
      vertex 70.1084 14.1857 3
      vertex 70.5 14.16 3
    endloop
  endfacet
  facet normal -0.819005 -0.547886 0.170443
    outer loop
      vertex 70.1536 16.96 18
      vertex 68.1199 15.3337 3
      vertex 70.1827 16.9165 18
    endloop
  endfacet
  facet normal -0.883789 -0.435741 0.170433
    outer loop
      vertex 70.1536 16.96 18
      vertex 67.7284 16.0119 3
      vertex 67.9019 15.66 3
    endloop
  endfacet
  facet normal 0.436899 -0.883214 0.170447
    outer loop
      vertex 70.7 16.8136 18
      vertex 70.6531 16.7904 18
      vertex 72 14.5619 3
    endloop
  endfacet
  facet normal -0.649829 -0.740725 0.170435
    outer loop
      vertex 70.2565 16.8427 18
      vertex 68.3787 15.0387 3
      vertex 68.6737 14.7799 3
    endloop
  endfacet
  facet normal 0.819008 0.547888 0.170428
    outer loop
      vertex 73.0981 18.66 3
      vertex 70.8173 17.4035 18
      vertex 70.8464 17.36 18
    endloop
  endfacet
  facet normal 0.0645292 -0.983254 0.170431
    outer loop
      vertex 70.5 16.76 18
      vertex 70.5 14.16 3
      vertex 70.8916 14.1857 3
    endloop
  endfacet
  facet normal -0.650069 -0.740514 0.170439
    outer loop
      vertex 70.2172 16.8772 18
      vertex 68.3787 15.0387 3
      vertex 70.2565 16.8427 18
    endloop
  endfacet
  facet normal -0.933032 0.316869 0.170428
    outer loop
      vertex 67.7284 18.3081 3
      vertex 67.6022 17.9365 3
      vertex 70.1304 17.3131 18
    endloop
  endfacet
  facet normal -0.819008 0.547888 0.170428
    outer loop
      vertex 70.1827 17.4035 18
      vertex 67.9019 18.66 3
      vertex 70.1536 17.36 18
    endloop
  endfacet
  facet normal 0.883789 -0.435741 0.170433
    outer loop
      vertex 73.2716 16.0119 3
      vertex 70.8464 16.96 18
      vertex 73.0981 15.66 3
    endloop
  endfacet
  facet normal -0.933286 0.316113 0.17044
    outer loop
      vertex 70.1304 17.3131 18
      vertex 67.6022 17.9365 3
      vertex 70.1136 17.2635 18
    endloop
  endfacet
  facet normal 0.316946 0.933006 0.170427
    outer loop
      vertex 71.2765 20.0578 3
      vertex 70.6531 17.5296 18
      vertex 71.648 19.9316 3
    endloop
  endfacet
  facet normal -0.19216 -0.966451 0.170429
    outer loop
      vertex 70.3965 16.7736 18
      vertex 70.1084 14.1857 3
      vertex 70.4478 16.7634 18
    endloop
  endfacet
  facet normal 0.933286 0.316113 0.17044
    outer loop
      vertex 73.3978 17.9365 3
      vertex 70.8696 17.3131 18
      vertex 70.8864 17.2635 18
    endloop
  endfacet
  facet normal 0.819335 -0.547395 0.170434
    outer loop
      vertex 73.0981 15.66 3
      vertex 70.8464 16.96 18
      vertex 72.8801 15.3337 3
    endloop
  endfacet
  facet normal 0.547888 -0.819008 0.170428
    outer loop
      vertex 70.7435 16.8427 18
      vertex 70.7 16.8136 18
      vertex 72 14.5619 3
    endloop
  endfacet
  facet normal 0.547395 -0.819335 0.170436
    outer loop
      vertex 72.3263 14.7799 3
      vertex 70.7435 16.8427 18
      vertex 72 14.5619 3
    endloop
  endfacet
  facet normal 0.966466 -0.192088 0.17043
    outer loop
      vertex 73.4743 16.7684 3
      vertex 70.8966 17.1078 18
      vertex 73.3978 16.3835 3
    endloop
  endfacet
  facet normal 0.933032 -0.316869 0.170428
    outer loop
      vertex 73.3978 16.3835 3
      vertex 70.8696 17.0069 18
      vertex 73.2716 16.0119 3
    endloop
  endfacet
  facet normal -0.435642 -0.883839 0.170427
    outer loop
      vertex 70.3469 16.7904 18
      vertex 69 14.5619 3
      vertex 69.352 14.3884 3
    endloop
  endfacet
  facet normal 0.883219 -0.436902 0.170414
    outer loop
      vertex 70.8696 17.0069 18
      vertex 70.8464 16.96 18
      vertex 73.2716 16.0119 3
    endloop
  endfacet
  facet normal -0.316946 0.933006 0.170427
    outer loop
      vertex 69.7235 20.0578 3
      vertex 69.352 19.9316 3
      vertex 70.3469 17.5296 18
    endloop
  endfacet
  facet normal 0.547888 0.819008 0.170428
    outer loop
      vertex 72 19.7581 3
      vertex 70.7 17.5064 18
      vertex 70.7435 17.4773 18
    endloop
  endfacet
  facet normal -0.819335 0.547395 0.170436
    outer loop
      vertex 68.1199 18.9863 3
      vertex 67.9019 18.66 3
      vertex 70.1827 17.4035 18
    endloop
  endfacet
  facet normal 0.933286 -0.316113 0.17044
    outer loop
      vertex 70.8864 17.0565 18
      vertex 70.8696 17.0069 18
      vertex 73.3978 16.3835 3
    endloop
  endfacet
  facet normal 0.65007 0.740515 0.170431
    outer loop
      vertex 72.3263 19.5401 3
      vertex 70.7435 17.4773 18
      vertex 70.7828 17.4428 18
    endloop
  endfacet
  facet normal -0.0640454 0.983285 0.170436
    outer loop
      vertex 70.5 20.16 3
      vertex 70.4478 17.5566 18
      vertex 70.5 17.56 18
    endloop
  endfacet
  facet normal 0.316946 -0.933006 0.170427
    outer loop
      vertex 71.648 14.3884 3
      vertex 70.6531 16.7904 18
      vertex 71.2765 14.2622 3
    endloop
  endfacet
  facet normal 0.435642 0.883839 0.170427
    outer loop
      vertex 71.648 19.9316 3
      vertex 70.6531 17.5296 18
      vertex 72 19.7581 3
    endloop
  endfacet
  facet normal -0.819335 -0.547395 0.170434
    outer loop
      vertex 70.1536 16.96 18
      vertex 67.9019 15.66 3
      vertex 68.1199 15.3337 3
    endloop
  endfacet
  facet normal 0.883789 0.435742 0.170428
    outer loop
      vertex 73.0981 18.66 3
      vertex 70.8696 17.3131 18
      vertex 73.2716 18.3081 3
    endloop
  endfacet
  facet normal 0.966466 0.192088 0.17043
    outer loop
      vertex 73.3978 17.9365 3
      vertex 70.8966 17.2122 18
      vertex 73.4743 17.5516 3
    endloop
  endfacet
  facet normal 0.983255 -0.0645292 0.170429
    outer loop
      vertex 73.5 17.16 3
      vertex 70.8966 17.1078 18
      vertex 73.4743 16.7684 3
    endloop
  endfacet
  facet normal 0.983285 -0.0640454 0.170436
    outer loop
      vertex 70.9 17.16 18
      vertex 70.8966 17.1078 18
      vertex 73.5 17.16 3
    endloop
  endfacet
  facet normal -0.547395 0.819335 0.170436
    outer loop
      vertex 69 19.7581 3
      vertex 68.6737 19.5401 3
      vertex 70.2565 17.4773 18
    endloop
  endfacet
  facet normal 0.740725 -0.649829 0.170436
    outer loop
      vertex 72.8801 15.3337 3
      vertex 70.7828 16.8772 18
      vertex 72.6213 15.0387 3
    endloop
  endfacet
  facet normal -0.966466 -0.192088 0.17043
    outer loop
      vertex 70.1034 17.1078 18
      vertex 67.5257 16.7684 3
      vertex 67.6022 16.3835 3
    endloop
  endfacet
  facet normal -0.19216 0.966451 0.170431
    outer loop
      vertex 70.4478 17.5566 18
      vertex 69.7235 20.0578 3
      vertex 70.3965 17.5464 18
    endloop
  endfacet
  facet normal -0.983285 0.0640454 0.170436
    outer loop
      vertex 70.1034 17.2122 18
      vertex 67.5 17.16 3
      vertex 70.1 17.16 18
    endloop
  endfacet
  facet normal -0.435642 0.883839 0.170427
    outer loop
      vertex 69.352 19.9316 3
      vertex 69 19.7581 3
      vertex 70.3469 17.5296 18
    endloop
  endfacet
  facet normal 0.650069 -0.740514 0.170439
    outer loop
      vertex 70.7828 16.8772 18
      vertex 70.7435 16.8427 18
      vertex 72.6213 15.0387 3
    endloop
  endfacet
  facet normal 0.649829 0.740725 0.170436
    outer loop
      vertex 72.3263 19.5401 3
      vertex 70.7828 17.4428 18
      vertex 72.6213 19.2813 3
    endloop
  endfacet
  facet normal 0.740725 0.649829 0.170436
    outer loop
      vertex 72.6213 19.2813 3
      vertex 70.7828 17.4428 18
      vertex 72.8801 18.9863 3
    endloop
  endfacet
  facet normal 0.933032 0.316869 0.170428
    outer loop
      vertex 73.2716 18.3081 3
      vertex 70.8696 17.3131 18
      vertex 73.3978 17.9365 3
    endloop
  endfacet
  facet normal 0.966451 -0.19216 0.170431
    outer loop
      vertex 70.8966 17.1078 18
      vertex 70.8864 17.0565 18
      vertex 73.3978 16.3835 3
    endloop
  endfacet
  facet normal -0.316946 -0.933006 0.170427
    outer loop
      vertex 70.3469 16.7904 18
      vertex 69.352 14.3884 3
      vertex 69.7235 14.2622 3
    endloop
  endfacet
  facet normal 0.883214 0.436899 0.170447
    outer loop
      vertex 73.0981 18.66 3
      vertex 70.8464 17.36 18
      vertex 70.8696 17.3131 18
    endloop
  endfacet
  facet normal 0.966451 0.19216 0.170431
    outer loop
      vertex 73.3978 17.9365 3
      vertex 70.8864 17.2635 18
      vertex 70.8966 17.2122 18
    endloop
  endfacet
  facet normal -0.883789 0.435742 0.170428
    outer loop
      vertex 67.9019 18.66 3
      vertex 67.7284 18.3081 3
      vertex 70.1304 17.3131 18
    endloop
  endfacet
  facet normal 0.740515 0.65007 0.170431
    outer loop
      vertex 72.8801 18.9863 3
      vertex 70.7828 17.4428 18
      vertex 70.8173 17.4035 18
    endloop
  endfacet
  facet normal 0.740515 -0.65007 0.170431
    outer loop
      vertex 70.8173 16.9165 18
      vertex 70.7828 16.8772 18
      vertex 72.8801 15.3337 3
    endloop
  endfacet
  facet normal -0.547395 -0.819335 0.170436
    outer loop
      vertex 70.2565 16.8427 18
      vertex 68.6737 14.7799 3
      vertex 69 14.5619 3
    endloop
  endfacet
  facet normal 0.0640454 0.983285 0.170436
    outer loop
      vertex 70.5 20.16 3
      vertex 70.5 17.56 18
      vertex 70.5522 17.5566 18
    endloop
  endfacet
  facet normal 0.192088 -0.966466 0.17043
    outer loop
      vertex 71.2765 14.2622 3
      vertex 70.6035 16.7736 18
      vertex 70.8916 14.1857 3
    endloop
  endfacet
  facet normal -0.65007 0.740515 0.170431
    outer loop
      vertex 70.2565 17.4773 18
      vertex 68.6737 19.5401 3
      vertex 70.2172 17.4428 18
    endloop
  endfacet
  facet normal -0.0645292 0.983255 0.170429
    outer loop
      vertex 70.5 20.16 3
      vertex 70.1084 20.1343 3
      vertex 70.4478 17.5566 18
    endloop
  endfacet
  facet normal -0.192088 0.966466 0.17043
    outer loop
      vertex 70.1084 20.1343 3
      vertex 69.7235 20.0578 3
      vertex 70.4478 17.5566 18
    endloop
  endfacet
  facet normal 0.19216 0.966451 0.170431
    outer loop
      vertex 71.2765 20.0578 3
      vertex 70.5522 17.5566 18
      vertex 70.6035 17.5464 18
    endloop
  endfacet
  facet normal -0.740515 -0.65007 0.170431
    outer loop
      vertex 70.1827 16.9165 18
      vertex 68.1199 15.3337 3
      vertex 70.2172 16.8772 18
    endloop
  endfacet
  facet normal -0.547888 -0.819008 0.170428
    outer loop
      vertex 70.2565 16.8427 18
      vertex 69 14.5619 3
      vertex 70.3 16.8136 18
    endloop
  endfacet
  facet normal -0.316113 0.933286 0.17044
    outer loop
      vertex 70.3965 17.5464 18
      vertex 69.7235 20.0578 3
      vertex 70.3469 17.5296 18
    endloop
  endfacet
  facet normal 0.819335 0.547395 0.170436
    outer loop
      vertex 72.8801 18.9863 3
      vertex 70.8173 17.4035 18
      vertex 73.0981 18.66 3
    endloop
  endfacet
  facet normal -0.192088 -0.966466 0.17043
    outer loop
      vertex 70.3965 16.7736 18
      vertex 69.7235 14.2622 3
      vertex 70.1084 14.1857 3
    endloop
  endfacet
  facet normal 0.316113 0.933286 0.17044
    outer loop
      vertex 71.2765 20.0578 3
      vertex 70.6035 17.5464 18
      vertex 70.6531 17.5296 18
    endloop
  endfacet
  facet normal 0.436899 0.883214 0.170447
    outer loop
      vertex 72 19.7581 3
      vertex 70.6531 17.5296 18
      vertex 70.7 17.5064 18
    endloop
  endfacet
  facet normal -0.316113 -0.933286 0.17044
    outer loop
      vertex 70.3469 16.7904 18
      vertex 69.7235 14.2622 3
      vertex 70.3965 16.7736 18
    endloop
  endfacet
  facet normal -0.649829 0.740725 0.170436
    outer loop
      vertex 68.6737 19.5401 3
      vertex 68.3787 19.2813 3
      vertex 70.2172 17.4428 18
    endloop
  endfacet
  facet normal -0.740725 0.649829 0.170436
    outer loop
      vertex 68.3787 19.2813 3
      vertex 68.1199 18.9863 3
      vertex 70.2172 17.4428 18
    endloop
  endfacet
  facet normal -0.966451 -0.19216 0.170431
    outer loop
      vertex 70.1034 17.1078 18
      vertex 67.6022 16.3835 3
      vertex 70.1136 17.0565 18
    endloop
  endfacet
  facet normal 0.316113 -0.933286 0.17044
    outer loop
      vertex 70.6531 16.7904 18
      vertex 70.6035 16.7736 18
      vertex 71.2765 14.2622 3
    endloop
  endfacet
  facet normal -0.740515 0.65007 0.170431
    outer loop
      vertex 70.2172 17.4428 18
      vertex 68.1199 18.9863 3
      vertex 70.1827 17.4035 18
    endloop
  endfacet
  facet normal -0.983255 0.0645292 0.170429
    outer loop
      vertex 67.5257 17.5516 3
      vertex 67.5 17.16 3
      vertex 70.1034 17.2122 18
    endloop
  endfacet
  facet normal -0.883214 0.436899 0.170447
    outer loop
      vertex 70.1536 17.36 18
      vertex 67.9019 18.66 3
      vertex 70.1304 17.3131 18
    endloop
  endfacet
  facet normal -0.436899 -0.883214 0.170447
    outer loop
      vertex 70.3 16.8136 18
      vertex 69 14.5619 3
      vertex 70.3469 16.7904 18
    endloop
  endfacet
  facet normal -0.436899 0.883214 0.170447
    outer loop
      vertex 70.3469 17.5296 18
      vertex 69 19.7581 3
      vertex 70.3 17.5064 18
    endloop
  endfacet
  facet normal -0.0640455 -0.983287 0.170424
    outer loop
      vertex 70.4478 16.7634 18
      vertex 70.1084 14.1857 3
      vertex 70.5 16.76 18
    endloop
  endfacet
  facet normal -0.547888 0.819008 0.170428
    outer loop
      vertex 70.3 17.5064 18
      vertex 69 19.7581 3
      vertex 70.2565 17.4773 18
    endloop
  endfacet
  facet normal -0.983285 -0.0640454 0.170436
    outer loop
      vertex 70.1 17.16 18
      vertex 67.5 17.16 3
      vertex 70.1034 17.1078 18
    endloop
  endfacet
  facet normal -0.983255 -0.0645292 0.170429
    outer loop
      vertex 70.1034 17.1078 18
      vertex 67.5 17.16 3
      vertex 67.5257 16.7684 3
    endloop
  endfacet
  facet normal 0 0 1
    outer loop
      vertex 70.8966 17.2122 18
      vertex 70.8966 17.1078 18
      vertex 70.9 17.16 18
    endloop
  endfacet
  facet normal 0 0 1
    outer loop
      vertex 70.8864 17.2635 18
      vertex 70.8966 17.1078 18
      vertex 70.8966 17.2122 18
    endloop
  endfacet
  facet normal 0 0 1
    outer loop
      vertex 70.8864 17.2635 18
      vertex 70.8864 17.0565 18
      vertex 70.8966 17.1078 18
    endloop
  endfacet
  facet normal 0 0 1
    outer loop
      vertex 70.8696 17.3131 18
      vertex 70.8864 17.0565 18
      vertex 70.8864 17.2635 18
    endloop
  endfacet
  facet normal 0 0 1
    outer loop
      vertex 70.8696 17.3131 18
      vertex 70.8696 17.0069 18
      vertex 70.8864 17.0565 18
    endloop
  endfacet
  facet normal 0 0 1
    outer loop
      vertex 70.8464 17.36 18
      vertex 70.8696 17.0069 18
      vertex 70.8696 17.3131 18
    endloop
  endfacet
  facet normal 0 0 1
    outer loop
      vertex 70.8464 17.36 18
      vertex 70.8464 16.96 18
      vertex 70.8696 17.0069 18
    endloop
  endfacet
  facet normal 0 0 1
    outer loop
      vertex 70.8173 17.4035 18
      vertex 70.8464 16.96 18
      vertex 70.8464 17.36 18
    endloop
  endfacet
  facet normal 0 0 1
    outer loop
      vertex 70.8173 17.4035 18
      vertex 70.8173 16.9165 18
      vertex 70.8464 16.96 18
    endloop
  endfacet
  facet normal 0 0 1
    outer loop
      vertex 70.7828 17.4428 18
      vertex 70.8173 16.9165 18
      vertex 70.8173 17.4035 18
    endloop
  endfacet
  facet normal 0 0 1
    outer loop
      vertex 70.7828 17.4428 18
      vertex 70.7828 16.8772 18
      vertex 70.8173 16.9165 18
    endloop
  endfacet
  facet normal 0 0 1
    outer loop
      vertex 70.7435 17.4773 18
      vertex 70.7828 16.8772 18
      vertex 70.7828 17.4428 18
    endloop
  endfacet
  facet normal 0 0 1
    outer loop
      vertex 70.7435 17.4773 18
      vertex 70.7435 16.8427 18
      vertex 70.7828 16.8772 18
    endloop
  endfacet
  facet normal 0 0 1
    outer loop
      vertex 70.7 17.5064 18
      vertex 70.7435 16.8427 18
      vertex 70.7435 17.4773 18
    endloop
  endfacet
  facet normal 0 0 1
    outer loop
      vertex 70.7 17.5064 18
      vertex 70.7 16.8136 18
      vertex 70.7435 16.8427 18
    endloop
  endfacet
  facet normal 0 0 1
    outer loop
      vertex 70.6531 17.5296 18
      vertex 70.7 16.8136 18
      vertex 70.7 17.5064 18
    endloop
  endfacet
  facet normal 0 0 1
    outer loop
      vertex 70.6531 17.5296 18
      vertex 70.6531 16.7904 18
      vertex 70.7 16.8136 18
    endloop
  endfacet
  facet normal 0 0 1
    outer loop
      vertex 70.6035 17.5464 18
      vertex 70.6531 16.7904 18
      vertex 70.6531 17.5296 18
    endloop
  endfacet
  facet normal 0 0 1
    outer loop
      vertex 70.6035 17.5464 18
      vertex 70.6035 16.7736 18
      vertex 70.6531 16.7904 18
    endloop
  endfacet
  facet normal 0 0 1
    outer loop
      vertex 70.5522 17.5566 18
      vertex 70.6035 16.7736 18
      vertex 70.6035 17.5464 18
    endloop
  endfacet
  facet normal 0 0 1
    outer loop
      vertex 70.5522 17.5566 18
      vertex 70.5522 16.7634 18
      vertex 70.6035 16.7736 18
    endloop
  endfacet
  facet normal 0 0 1
    outer loop
      vertex 70.5 17.56 18
      vertex 70.5522 16.7634 18
      vertex 70.5522 17.5566 18
    endloop
  endfacet
  facet normal 0 0 1
    outer loop
      vertex 70.5 17.56 18
      vertex 70.5 16.76 18
      vertex 70.5522 16.7634 18
    endloop
  endfacet
  facet normal -0 0 1
    outer loop
      vertex 70.4478 17.5566 18
      vertex 70.5 16.76 18
      vertex 70.5 17.56 18
    endloop
  endfacet
  facet normal 0 0 1
    outer loop
      vertex 70.4478 17.5566 18
      vertex 70.4478 16.7634 18
      vertex 70.5 16.76 18
    endloop
  endfacet
  facet normal -0 0 1
    outer loop
      vertex 70.3965 17.5464 18
      vertex 70.4478 16.7634 18
      vertex 70.4478 17.5566 18
    endloop
  endfacet
  facet normal 0 0 1
    outer loop
      vertex 70.3965 17.5464 18
      vertex 70.3965 16.7736 18
      vertex 70.4478 16.7634 18
    endloop
  endfacet
  facet normal -0 0 1
    outer loop
      vertex 70.3469 17.5296 18
      vertex 70.3965 16.7736 18
      vertex 70.3965 17.5464 18
    endloop
  endfacet
  facet normal 0 0 1
    outer loop
      vertex 70.3469 17.5296 18
      vertex 70.3469 16.7904 18
      vertex 70.3965 16.7736 18
    endloop
  endfacet
  facet normal -0 0 1
    outer loop
      vertex 70.3 17.5064 18
      vertex 70.3469 16.7904 18
      vertex 70.3469 17.5296 18
    endloop
  endfacet
  facet normal 0 0 1
    outer loop
      vertex 70.3 17.5064 18
      vertex 70.3 16.8136 18
      vertex 70.3469 16.7904 18
    endloop
  endfacet
  facet normal -0 0 1
    outer loop
      vertex 70.2565 17.4773 18
      vertex 70.3 16.8136 18
      vertex 70.3 17.5064 18
    endloop
  endfacet
  facet normal 0 0 1
    outer loop
      vertex 70.2565 17.4773 18
      vertex 70.2565 16.8427 18
      vertex 70.3 16.8136 18
    endloop
  endfacet
  facet normal -0 0 1
    outer loop
      vertex 70.2172 17.4428 18
      vertex 70.2565 16.8427 18
      vertex 70.2565 17.4773 18
    endloop
  endfacet
  facet normal 0 0 1
    outer loop
      vertex 70.2172 17.4428 18
      vertex 70.2172 16.8772 18
      vertex 70.2565 16.8427 18
    endloop
  endfacet
  facet normal -0 0 1
    outer loop
      vertex 70.1827 17.4035 18
      vertex 70.2172 16.8772 18
      vertex 70.2172 17.4428 18
    endloop
  endfacet
  facet normal 0 0 1
    outer loop
      vertex 70.1827 17.4035 18
      vertex 70.1827 16.9165 18
      vertex 70.2172 16.8772 18
    endloop
  endfacet
  facet normal -0 0 1
    outer loop
      vertex 70.1536 17.36 18
      vertex 70.1827 16.9165 18
      vertex 70.1827 17.4035 18
    endloop
  endfacet
  facet normal 0 0 1
    outer loop
      vertex 70.1536 17.36 18
      vertex 70.1536 16.96 18
      vertex 70.1827 16.9165 18
    endloop
  endfacet
  facet normal -0 0 1
    outer loop
      vertex 70.1304 17.3131 18
      vertex 70.1536 16.96 18
      vertex 70.1536 17.36 18
    endloop
  endfacet
  facet normal 0 0 1
    outer loop
      vertex 70.1304 17.3131 18
      vertex 70.1304 17.0069 18
      vertex 70.1536 16.96 18
    endloop
  endfacet
  facet normal -0 0 1
    outer loop
      vertex 70.1136 17.2635 18
      vertex 70.1304 17.0069 18
      vertex 70.1304 17.3131 18
    endloop
  endfacet
  facet normal 0 0 1
    outer loop
      vertex 70.1136 17.2635 18
      vertex 70.1136 17.0565 18
      vertex 70.1304 17.0069 18
    endloop
  endfacet
  facet normal -0 0 1
    outer loop
      vertex 70.1034 17.2122 18
      vertex 70.1136 17.0565 18
      vertex 70.1136 17.2635 18
    endloop
  endfacet
  facet normal 0 0 1
    outer loop
      vertex 70.1034 17.2122 18
      vertex 70.1034 17.1078 18
      vertex 70.1136 17.0565 18
    endloop
  endfacet
  facet normal 0 -0 1
    outer loop
      vertex 70.1034 17.1078 18
      vertex 70.1034 17.2122 18
      vertex 70.1 17.16 18
    endloop
  endfacet
  facet normal -0.933286 -0.316113 0.17044
    outer loop
      vertex 70.1136 17.0565 18
      vertex 67.6022 16.3835 3
      vertex 70.1304 17.0069 18
    endloop
  endfacet
  facet normal 0.0640455 -0.983287 0.170424
    outer loop
      vertex 70.5522 16.7634 18
      vertex 70.5 16.76 18
      vertex 70.8916 14.1857 3
    endloop
  endfacet
  facet normal 0.19216 -0.966451 0.170429
    outer loop
      vertex 70.6035 16.7736 18
      vertex 70.5522 16.7634 18
      vertex 70.8916 14.1857 3
    endloop
  endfacet
  facet normal -0.966466 0.192088 0.17043
    outer loop
      vertex 80.6022 17.9365 3
      vertex 80.5257 17.5516 3
      vertex 83.1034 17.2122 18
    endloop
  endfacet
  facet normal -0.966451 0.19216 0.170431
    outer loop
      vertex 83.1136 17.2635 18
      vertex 80.6022 17.9365 3
      vertex 83.1034 17.2122 18
    endloop
  endfacet
  facet normal 0.983285 0.0640454 0.170436
    outer loop
      vertex 86.5 17.16 3
      vertex 83.8966 17.2122 18
      vertex 83.9 17.16 18
    endloop
  endfacet
  facet normal 0.983255 0.0645292 0.170429
    outer loop
      vertex 86.4743 17.5516 3
      vertex 83.8966 17.2122 18
      vertex 86.5 17.16 3
    endloop
  endfacet
  facet normal 0.547395 0.819335 0.170436
    outer loop
      vertex 85 19.7581 3
      vertex 83.7435 17.4773 18
      vertex 85.3263 19.5401 3
    endloop
  endfacet
  facet normal 0.435642 -0.883839 0.170427
    outer loop
      vertex 85 14.5619 3
      vertex 83.6531 16.7904 18
      vertex 84.648 14.3884 3
    endloop
  endfacet
  facet normal -0.883219 -0.436902 0.170414
    outer loop
      vertex 83.1304 17.0069 18
      vertex 80.7284 16.0119 3
      vertex 83.1536 16.96 18
    endloop
  endfacet
  facet normal 0.0645292 0.983255 0.170429
    outer loop
      vertex 83.8916 20.1343 3
      vertex 83.5 20.16 3
      vertex 83.5522 17.5566 18
    endloop
  endfacet
  facet normal 0.649829 -0.740725 0.170435
    outer loop
      vertex 85.6213 15.0387 3
      vertex 83.7435 16.8427 18
      vertex 85.3263 14.7799 3
    endloop
  endfacet
  facet normal 0.192088 0.966466 0.17043
    outer loop
      vertex 83.8916 20.1343 3
      vertex 83.5522 17.5566 18
      vertex 84.2765 20.0578 3
    endloop
  endfacet
  facet normal -0.933032 -0.316869 0.170428
    outer loop
      vertex 83.1304 17.0069 18
      vertex 80.6022 16.3835 3
      vertex 80.7284 16.0119 3
    endloop
  endfacet
  facet normal 0.819005 -0.547886 0.170443
    outer loop
      vertex 83.8464 16.96 18
      vertex 83.8173 16.9165 18
      vertex 85.8801 15.3337 3
    endloop
  endfacet
  facet normal -0.740725 -0.649829 0.170436
    outer loop
      vertex 83.2172 16.8772 18
      vertex 81.1199 15.3337 3
      vertex 81.3787 15.0387 3
    endloop
  endfacet
  facet normal -0.0645292 -0.983254 0.170431
    outer loop
      vertex 83.5 16.76 18
      vertex 83.1084 14.1857 3
      vertex 83.5 14.16 3
    endloop
  endfacet
  facet normal -0.819005 -0.547886 0.170443
    outer loop
      vertex 83.1536 16.96 18
      vertex 81.1199 15.3337 3
      vertex 83.1827 16.9165 18
    endloop
  endfacet
  facet normal -0.883789 -0.435741 0.170433
    outer loop
      vertex 83.1536 16.96 18
      vertex 80.7284 16.0119 3
      vertex 80.9019 15.66 3
    endloop
  endfacet
  facet normal 0.436899 -0.883214 0.170447
    outer loop
      vertex 83.7 16.8136 18
      vertex 83.6531 16.7904 18
      vertex 85 14.5619 3
    endloop
  endfacet
  facet normal -0.649829 -0.740725 0.170435
    outer loop
      vertex 83.2565 16.8427 18
      vertex 81.3787 15.0387 3
      vertex 81.6737 14.7799 3
    endloop
  endfacet
  facet normal 0.819008 0.547888 0.170428
    outer loop
      vertex 86.0981 18.66 3
      vertex 83.8173 17.4035 18
      vertex 83.8464 17.36 18
    endloop
  endfacet
  facet normal 0.0645292 -0.983254 0.170431
    outer loop
      vertex 83.5 16.76 18
      vertex 83.5 14.16 3
      vertex 83.8916 14.1857 3
    endloop
  endfacet
  facet normal -0.650069 -0.740514 0.170439
    outer loop
      vertex 83.2172 16.8772 18
      vertex 81.3787 15.0387 3
      vertex 83.2565 16.8427 18
    endloop
  endfacet
  facet normal -0.933032 0.316869 0.170428
    outer loop
      vertex 80.7284 18.3081 3
      vertex 80.6022 17.9365 3
      vertex 83.1304 17.3131 18
    endloop
  endfacet
  facet normal -0.819008 0.547888 0.170428
    outer loop
      vertex 83.1827 17.4035 18
      vertex 80.9019 18.66 3
      vertex 83.1536 17.36 18
    endloop
  endfacet
  facet normal 0.883789 -0.435741 0.170433
    outer loop
      vertex 86.2716 16.0119 3
      vertex 83.8464 16.96 18
      vertex 86.0981 15.66 3
    endloop
  endfacet
  facet normal -0.933286 0.316113 0.17044
    outer loop
      vertex 83.1304 17.3131 18
      vertex 80.6022 17.9365 3
      vertex 83.1136 17.2635 18
    endloop
  endfacet
  facet normal 0.316946 0.933006 0.170427
    outer loop
      vertex 84.2765 20.0578 3
      vertex 83.6531 17.5296 18
      vertex 84.648 19.9316 3
    endloop
  endfacet
  facet normal -0.19216 -0.966451 0.170429
    outer loop
      vertex 83.3965 16.7736 18
      vertex 83.1084 14.1857 3
      vertex 83.4478 16.7634 18
    endloop
  endfacet
  facet normal 0.933286 0.316113 0.17044
    outer loop
      vertex 86.3978 17.9365 3
      vertex 83.8696 17.3131 18
      vertex 83.8864 17.2635 18
    endloop
  endfacet
  facet normal 0.819335 -0.547395 0.170434
    outer loop
      vertex 86.0981 15.66 3
      vertex 83.8464 16.96 18
      vertex 85.8801 15.3337 3
    endloop
  endfacet
  facet normal 0.547888 -0.819008 0.170428
    outer loop
      vertex 83.7435 16.8427 18
      vertex 83.7 16.8136 18
      vertex 85 14.5619 3
    endloop
  endfacet
  facet normal 0.547395 -0.819335 0.170436
    outer loop
      vertex 85.3263 14.7799 3
      vertex 83.7435 16.8427 18
      vertex 85 14.5619 3
    endloop
  endfacet
  facet normal 0.966466 -0.192088 0.17043
    outer loop
      vertex 86.4743 16.7684 3
      vertex 83.8966 17.1078 18
      vertex 86.3978 16.3835 3
    endloop
  endfacet
  facet normal 0.933032 -0.316869 0.170428
    outer loop
      vertex 86.3978 16.3835 3
      vertex 83.8696 17.0069 18
      vertex 86.2716 16.0119 3
    endloop
  endfacet
  facet normal -0.435642 -0.883839 0.170427
    outer loop
      vertex 83.3469 16.7904 18
      vertex 82 14.5619 3
      vertex 82.352 14.3884 3
    endloop
  endfacet
  facet normal 0.883219 -0.436902 0.170414
    outer loop
      vertex 83.8696 17.0069 18
      vertex 83.8464 16.96 18
      vertex 86.2716 16.0119 3
    endloop
  endfacet
  facet normal -0.316946 0.933006 0.170427
    outer loop
      vertex 82.7235 20.0578 3
      vertex 82.352 19.9316 3
      vertex 83.3469 17.5296 18
    endloop
  endfacet
  facet normal 0.547888 0.819008 0.170428
    outer loop
      vertex 85 19.7581 3
      vertex 83.7 17.5064 18
      vertex 83.7435 17.4773 18
    endloop
  endfacet
  facet normal -0.819335 0.547395 0.170436
    outer loop
      vertex 81.1199 18.9863 3
      vertex 80.9019 18.66 3
      vertex 83.1827 17.4035 18
    endloop
  endfacet
  facet normal 0.933286 -0.316113 0.17044
    outer loop
      vertex 83.8864 17.0565 18
      vertex 83.8696 17.0069 18
      vertex 86.3978 16.3835 3
    endloop
  endfacet
  facet normal 0.65007 0.740515 0.170431
    outer loop
      vertex 85.3263 19.5401 3
      vertex 83.7435 17.4773 18
      vertex 83.7828 17.4428 18
    endloop
  endfacet
  facet normal -0.0640454 0.983285 0.170436
    outer loop
      vertex 83.5 20.16 3
      vertex 83.4478 17.5566 18
      vertex 83.5 17.56 18
    endloop
  endfacet
  facet normal 0.316946 -0.933006 0.170427
    outer loop
      vertex 84.648 14.3884 3
      vertex 83.6531 16.7904 18
      vertex 84.2765 14.2622 3
    endloop
  endfacet
  facet normal 0.435642 0.883839 0.170427
    outer loop
      vertex 84.648 19.9316 3
      vertex 83.6531 17.5296 18
      vertex 85 19.7581 3
    endloop
  endfacet
  facet normal -0.819335 -0.547395 0.170434
    outer loop
      vertex 83.1536 16.96 18
      vertex 80.9019 15.66 3
      vertex 81.1199 15.3337 3
    endloop
  endfacet
  facet normal 0.883789 0.435742 0.170428
    outer loop
      vertex 86.0981 18.66 3
      vertex 83.8696 17.3131 18
      vertex 86.2716 18.3081 3
    endloop
  endfacet
  facet normal 0.966466 0.192088 0.17043
    outer loop
      vertex 86.3978 17.9365 3
      vertex 83.8966 17.2122 18
      vertex 86.4743 17.5516 3
    endloop
  endfacet
  facet normal 0.983255 -0.0645292 0.170429
    outer loop
      vertex 86.5 17.16 3
      vertex 83.8966 17.1078 18
      vertex 86.4743 16.7684 3
    endloop
  endfacet
  facet normal 0.983285 -0.0640454 0.170436
    outer loop
      vertex 83.9 17.16 18
      vertex 83.8966 17.1078 18
      vertex 86.5 17.16 3
    endloop
  endfacet
  facet normal -0.547395 0.819335 0.170436
    outer loop
      vertex 82 19.7581 3
      vertex 81.6737 19.5401 3
      vertex 83.2565 17.4773 18
    endloop
  endfacet
  facet normal 0.740725 -0.649829 0.170436
    outer loop
      vertex 85.8801 15.3337 3
      vertex 83.7828 16.8772 18
      vertex 85.6213 15.0387 3
    endloop
  endfacet
  facet normal -0.966466 -0.192088 0.17043
    outer loop
      vertex 83.1034 17.1078 18
      vertex 80.5257 16.7684 3
      vertex 80.6022 16.3835 3
    endloop
  endfacet
  facet normal -0.19216 0.966451 0.170431
    outer loop
      vertex 83.4478 17.5566 18
      vertex 82.7235 20.0578 3
      vertex 83.3965 17.5464 18
    endloop
  endfacet
  facet normal -0.983285 0.0640454 0.170436
    outer loop
      vertex 83.1034 17.2122 18
      vertex 80.5 17.16 3
      vertex 83.1 17.16 18
    endloop
  endfacet
  facet normal -0.435642 0.883839 0.170427
    outer loop
      vertex 82.352 19.9316 3
      vertex 82 19.7581 3
      vertex 83.3469 17.5296 18
    endloop
  endfacet
  facet normal 0.650069 -0.740514 0.170439
    outer loop
      vertex 83.7828 16.8772 18
      vertex 83.7435 16.8427 18
      vertex 85.6213 15.0387 3
    endloop
  endfacet
  facet normal 0.649829 0.740725 0.170436
    outer loop
      vertex 85.3263 19.5401 3
      vertex 83.7828 17.4428 18
      vertex 85.6213 19.2813 3
    endloop
  endfacet
  facet normal 0.740725 0.649829 0.170436
    outer loop
      vertex 85.6213 19.2813 3
      vertex 83.7828 17.4428 18
      vertex 85.8801 18.9863 3
    endloop
  endfacet
  facet normal 0.933032 0.316869 0.170428
    outer loop
      vertex 86.2716 18.3081 3
      vertex 83.8696 17.3131 18
      vertex 86.3978 17.9365 3
    endloop
  endfacet
  facet normal 0.966451 -0.19216 0.170431
    outer loop
      vertex 83.8966 17.1078 18
      vertex 83.8864 17.0565 18
      vertex 86.3978 16.3835 3
    endloop
  endfacet
  facet normal -0.316946 -0.933006 0.170427
    outer loop
      vertex 83.3469 16.7904 18
      vertex 82.352 14.3884 3
      vertex 82.7235 14.2622 3
    endloop
  endfacet
  facet normal 0.883214 0.436899 0.170447
    outer loop
      vertex 86.0981 18.66 3
      vertex 83.8464 17.36 18
      vertex 83.8696 17.3131 18
    endloop
  endfacet
  facet normal 0.966451 0.19216 0.170431
    outer loop
      vertex 86.3978 17.9365 3
      vertex 83.8864 17.2635 18
      vertex 83.8966 17.2122 18
    endloop
  endfacet
  facet normal -0.883789 0.435742 0.170428
    outer loop
      vertex 80.9019 18.66 3
      vertex 80.7284 18.3081 3
      vertex 83.1304 17.3131 18
    endloop
  endfacet
  facet normal 0.740515 0.65007 0.170431
    outer loop
      vertex 85.8801 18.9863 3
      vertex 83.7828 17.4428 18
      vertex 83.8173 17.4035 18
    endloop
  endfacet
  facet normal 0.740515 -0.65007 0.170431
    outer loop
      vertex 83.8173 16.9165 18
      vertex 83.7828 16.8772 18
      vertex 85.8801 15.3337 3
    endloop
  endfacet
  facet normal -0.547395 -0.819335 0.170436
    outer loop
      vertex 83.2565 16.8427 18
      vertex 81.6737 14.7799 3
      vertex 82 14.5619 3
    endloop
  endfacet
  facet normal 0.0640454 0.983285 0.170436
    outer loop
      vertex 83.5 20.16 3
      vertex 83.5 17.56 18
      vertex 83.5522 17.5566 18
    endloop
  endfacet
  facet normal 0.192088 -0.966466 0.17043
    outer loop
      vertex 84.2765 14.2622 3
      vertex 83.6035 16.7736 18
      vertex 83.8916 14.1857 3
    endloop
  endfacet
  facet normal -0.65007 0.740515 0.170431
    outer loop
      vertex 83.2565 17.4773 18
      vertex 81.6737 19.5401 3
      vertex 83.2172 17.4428 18
    endloop
  endfacet
  facet normal -0.0645292 0.983255 0.170429
    outer loop
      vertex 83.5 20.16 3
      vertex 83.1084 20.1343 3
      vertex 83.4478 17.5566 18
    endloop
  endfacet
  facet normal -0.192088 0.966466 0.17043
    outer loop
      vertex 83.1084 20.1343 3
      vertex 82.7235 20.0578 3
      vertex 83.4478 17.5566 18
    endloop
  endfacet
  facet normal 0.19216 0.966451 0.170431
    outer loop
      vertex 84.2765 20.0578 3
      vertex 83.5522 17.5566 18
      vertex 83.6035 17.5464 18
    endloop
  endfacet
  facet normal -0.740515 -0.65007 0.170431
    outer loop
      vertex 83.1827 16.9165 18
      vertex 81.1199 15.3337 3
      vertex 83.2172 16.8772 18
    endloop
  endfacet
  facet normal -0.547888 -0.819008 0.170428
    outer loop
      vertex 83.2565 16.8427 18
      vertex 82 14.5619 3
      vertex 83.3 16.8136 18
    endloop
  endfacet
  facet normal -0.316113 0.933286 0.17044
    outer loop
      vertex 83.3965 17.5464 18
      vertex 82.7235 20.0578 3
      vertex 83.3469 17.5296 18
    endloop
  endfacet
  facet normal 0.819335 0.547395 0.170436
    outer loop
      vertex 85.8801 18.9863 3
      vertex 83.8173 17.4035 18
      vertex 86.0981 18.66 3
    endloop
  endfacet
  facet normal -0.192088 -0.966466 0.17043
    outer loop
      vertex 83.3965 16.7736 18
      vertex 82.7235 14.2622 3
      vertex 83.1084 14.1857 3
    endloop
  endfacet
  facet normal 0.316113 0.933286 0.17044
    outer loop
      vertex 84.2765 20.0578 3
      vertex 83.6035 17.5464 18
      vertex 83.6531 17.5296 18
    endloop
  endfacet
  facet normal 0.436899 0.883214 0.170447
    outer loop
      vertex 85 19.7581 3
      vertex 83.6531 17.5296 18
      vertex 83.7 17.5064 18
    endloop
  endfacet
  facet normal -0.316113 -0.933286 0.17044
    outer loop
      vertex 83.3469 16.7904 18
      vertex 82.7235 14.2622 3
      vertex 83.3965 16.7736 18
    endloop
  endfacet
  facet normal -0.649829 0.740725 0.170436
    outer loop
      vertex 81.6737 19.5401 3
      vertex 81.3787 19.2813 3
      vertex 83.2172 17.4428 18
    endloop
  endfacet
  facet normal -0.740725 0.649829 0.170436
    outer loop
      vertex 81.3787 19.2813 3
      vertex 81.1199 18.9863 3
      vertex 83.2172 17.4428 18
    endloop
  endfacet
  facet normal -0.966451 -0.19216 0.170431
    outer loop
      vertex 83.1034 17.1078 18
      vertex 80.6022 16.3835 3
      vertex 83.1136 17.0565 18
    endloop
  endfacet
  facet normal 0.316113 -0.933286 0.17044
    outer loop
      vertex 83.6531 16.7904 18
      vertex 83.6035 16.7736 18
      vertex 84.2765 14.2622 3
    endloop
  endfacet
  facet normal -0.740515 0.65007 0.170431
    outer loop
      vertex 83.2172 17.4428 18
      vertex 81.1199 18.9863 3
      vertex 83.1827 17.4035 18
    endloop
  endfacet
  facet normal -0.983255 0.0645292 0.170429
    outer loop
      vertex 80.5257 17.5516 3
      vertex 80.5 17.16 3
      vertex 83.1034 17.2122 18
    endloop
  endfacet
  facet normal -0.883214 0.436899 0.170447
    outer loop
      vertex 83.1536 17.36 18
      vertex 80.9019 18.66 3
      vertex 83.1304 17.3131 18
    endloop
  endfacet
  facet normal -0.436899 -0.883214 0.170447
    outer loop
      vertex 83.3 16.8136 18
      vertex 82 14.5619 3
      vertex 83.3469 16.7904 18
    endloop
  endfacet
  facet normal -0.436899 0.883214 0.170447
    outer loop
      vertex 83.3469 17.5296 18
      vertex 82 19.7581 3
      vertex 83.3 17.5064 18
    endloop
  endfacet
  facet normal -0.0640455 -0.983287 0.170424
    outer loop
      vertex 83.4478 16.7634 18
      vertex 83.1084 14.1857 3
      vertex 83.5 16.76 18
    endloop
  endfacet
  facet normal -0.547888 0.819008 0.170428
    outer loop
      vertex 83.3 17.5064 18
      vertex 82 19.7581 3
      vertex 83.2565 17.4773 18
    endloop
  endfacet
  facet normal -0.983285 -0.0640454 0.170436
    outer loop
      vertex 83.1 17.16 18
      vertex 80.5 17.16 3
      vertex 83.1034 17.1078 18
    endloop
  endfacet
  facet normal -0.983255 -0.0645292 0.170429
    outer loop
      vertex 83.1034 17.1078 18
      vertex 80.5 17.16 3
      vertex 80.5257 16.7684 3
    endloop
  endfacet
  facet normal 0 0 1
    outer loop
      vertex 83.8966 17.2122 18
      vertex 83.8966 17.1078 18
      vertex 83.9 17.16 18
    endloop
  endfacet
  facet normal 0 0 1
    outer loop
      vertex 83.8864 17.2635 18
      vertex 83.8966 17.1078 18
      vertex 83.8966 17.2122 18
    endloop
  endfacet
  facet normal 0 0 1
    outer loop
      vertex 83.8864 17.2635 18
      vertex 83.8864 17.0565 18
      vertex 83.8966 17.1078 18
    endloop
  endfacet
  facet normal 0 0 1
    outer loop
      vertex 83.8696 17.3131 18
      vertex 83.8864 17.0565 18
      vertex 83.8864 17.2635 18
    endloop
  endfacet
  facet normal 0 0 1
    outer loop
      vertex 83.8696 17.3131 18
      vertex 83.8696 17.0069 18
      vertex 83.8864 17.0565 18
    endloop
  endfacet
  facet normal 0 0 1
    outer loop
      vertex 83.8464 17.36 18
      vertex 83.8696 17.0069 18
      vertex 83.8696 17.3131 18
    endloop
  endfacet
  facet normal 0 0 1
    outer loop
      vertex 83.8464 17.36 18
      vertex 83.8464 16.96 18
      vertex 83.8696 17.0069 18
    endloop
  endfacet
  facet normal 0 0 1
    outer loop
      vertex 83.8173 17.4035 18
      vertex 83.8464 16.96 18
      vertex 83.8464 17.36 18
    endloop
  endfacet
  facet normal 0 0 1
    outer loop
      vertex 83.8173 17.4035 18
      vertex 83.8173 16.9165 18
      vertex 83.8464 16.96 18
    endloop
  endfacet
  facet normal 0 0 1
    outer loop
      vertex 83.7828 17.4428 18
      vertex 83.8173 16.9165 18
      vertex 83.8173 17.4035 18
    endloop
  endfacet
  facet normal 0 0 1
    outer loop
      vertex 83.7828 17.4428 18
      vertex 83.7828 16.8772 18
      vertex 83.8173 16.9165 18
    endloop
  endfacet
  facet normal 0 0 1
    outer loop
      vertex 83.7435 17.4773 18
      vertex 83.7828 16.8772 18
      vertex 83.7828 17.4428 18
    endloop
  endfacet
  facet normal 0 0 1
    outer loop
      vertex 83.7435 17.4773 18
      vertex 83.7435 16.8427 18
      vertex 83.7828 16.8772 18
    endloop
  endfacet
  facet normal 0 0 1
    outer loop
      vertex 83.7 17.5064 18
      vertex 83.7435 16.8427 18
      vertex 83.7435 17.4773 18
    endloop
  endfacet
  facet normal 0 0 1
    outer loop
      vertex 83.7 17.5064 18
      vertex 83.7 16.8136 18
      vertex 83.7435 16.8427 18
    endloop
  endfacet
  facet normal 0 0 1
    outer loop
      vertex 83.6531 17.5296 18
      vertex 83.7 16.8136 18
      vertex 83.7 17.5064 18
    endloop
  endfacet
  facet normal 0 0 1
    outer loop
      vertex 83.6531 17.5296 18
      vertex 83.6531 16.7904 18
      vertex 83.7 16.8136 18
    endloop
  endfacet
  facet normal 0 0 1
    outer loop
      vertex 83.6035 17.5464 18
      vertex 83.6531 16.7904 18
      vertex 83.6531 17.5296 18
    endloop
  endfacet
  facet normal 0 0 1
    outer loop
      vertex 83.6035 17.5464 18
      vertex 83.6035 16.7736 18
      vertex 83.6531 16.7904 18
    endloop
  endfacet
  facet normal 0 0 1
    outer loop
      vertex 83.5522 17.5566 18
      vertex 83.6035 16.7736 18
      vertex 83.6035 17.5464 18
    endloop
  endfacet
  facet normal 0 0 1
    outer loop
      vertex 83.5522 17.5566 18
      vertex 83.5522 16.7634 18
      vertex 83.6035 16.7736 18
    endloop
  endfacet
  facet normal 0 0 1
    outer loop
      vertex 83.5 17.56 18
      vertex 83.5522 16.7634 18
      vertex 83.5522 17.5566 18
    endloop
  endfacet
  facet normal 0 0 1
    outer loop
      vertex 83.5 17.56 18
      vertex 83.5 16.76 18
      vertex 83.5522 16.7634 18
    endloop
  endfacet
  facet normal -0 0 1
    outer loop
      vertex 83.4478 17.5566 18
      vertex 83.5 16.76 18
      vertex 83.5 17.56 18
    endloop
  endfacet
  facet normal 0 0 1
    outer loop
      vertex 83.4478 17.5566 18
      vertex 83.4478 16.7634 18
      vertex 83.5 16.76 18
    endloop
  endfacet
  facet normal -0 0 1
    outer loop
      vertex 83.3965 17.5464 18
      vertex 83.4478 16.7634 18
      vertex 83.4478 17.5566 18
    endloop
  endfacet
  facet normal 0 0 1
    outer loop
      vertex 83.3965 17.5464 18
      vertex 83.3965 16.7736 18
      vertex 83.4478 16.7634 18
    endloop
  endfacet
  facet normal -0 0 1
    outer loop
      vertex 83.3469 17.5296 18
      vertex 83.3965 16.7736 18
      vertex 83.3965 17.5464 18
    endloop
  endfacet
  facet normal 0 0 1
    outer loop
      vertex 83.3469 17.5296 18
      vertex 83.3469 16.7904 18
      vertex 83.3965 16.7736 18
    endloop
  endfacet
  facet normal -0 0 1
    outer loop
      vertex 83.3 17.5064 18
      vertex 83.3469 16.7904 18
      vertex 83.3469 17.5296 18
    endloop
  endfacet
  facet normal 0 0 1
    outer loop
      vertex 83.3 17.5064 18
      vertex 83.3 16.8136 18
      vertex 83.3469 16.7904 18
    endloop
  endfacet
  facet normal -0 0 1
    outer loop
      vertex 83.2565 17.4773 18
      vertex 83.3 16.8136 18
      vertex 83.3 17.5064 18
    endloop
  endfacet
  facet normal 0 0 1
    outer loop
      vertex 83.2565 17.4773 18
      vertex 83.2565 16.8427 18
      vertex 83.3 16.8136 18
    endloop
  endfacet
  facet normal -0 0 1
    outer loop
      vertex 83.2172 17.4428 18
      vertex 83.2565 16.8427 18
      vertex 83.2565 17.4773 18
    endloop
  endfacet
  facet normal 0 0 1
    outer loop
      vertex 83.2172 17.4428 18
      vertex 83.2172 16.8772 18
      vertex 83.2565 16.8427 18
    endloop
  endfacet
  facet normal -0 0 1
    outer loop
      vertex 83.1827 17.4035 18
      vertex 83.2172 16.8772 18
      vertex 83.2172 17.4428 18
    endloop
  endfacet
  facet normal 0 0 1
    outer loop
      vertex 83.1827 17.4035 18
      vertex 83.1827 16.9165 18
      vertex 83.2172 16.8772 18
    endloop
  endfacet
  facet normal -0 0 1
    outer loop
      vertex 83.1536 17.36 18
      vertex 83.1827 16.9165 18
      vertex 83.1827 17.4035 18
    endloop
  endfacet
  facet normal 0 0 1
    outer loop
      vertex 83.1536 17.36 18
      vertex 83.1536 16.96 18
      vertex 83.1827 16.9165 18
    endloop
  endfacet
  facet normal -0 0 1
    outer loop
      vertex 83.1304 17.3131 18
      vertex 83.1536 16.96 18
      vertex 83.1536 17.36 18
    endloop
  endfacet
  facet normal 0 0 1
    outer loop
      vertex 83.1304 17.3131 18
      vertex 83.1304 17.0069 18
      vertex 83.1536 16.96 18
    endloop
  endfacet
  facet normal -0 0 1
    outer loop
      vertex 83.1136 17.2635 18
      vertex 83.1304 17.0069 18
      vertex 83.1304 17.3131 18
    endloop
  endfacet
  facet normal 0 0 1
    outer loop
      vertex 83.1136 17.2635 18
      vertex 83.1136 17.0565 18
      vertex 83.1304 17.0069 18
    endloop
  endfacet
  facet normal -0 0 1
    outer loop
      vertex 83.1034 17.2122 18
      vertex 83.1136 17.0565 18
      vertex 83.1136 17.2635 18
    endloop
  endfacet
  facet normal 0 0 1
    outer loop
      vertex 83.1034 17.2122 18
      vertex 83.1034 17.1078 18
      vertex 83.1136 17.0565 18
    endloop
  endfacet
  facet normal 0 -0 1
    outer loop
      vertex 83.1034 17.1078 18
      vertex 83.1034 17.2122 18
      vertex 83.1 17.16 18
    endloop
  endfacet
  facet normal -0.933286 -0.316113 0.17044
    outer loop
      vertex 83.1136 17.0565 18
      vertex 80.6022 16.3835 3
      vertex 83.1304 17.0069 18
    endloop
  endfacet
  facet normal 0.0640455 -0.983287 0.170424
    outer loop
      vertex 83.5522 16.7634 18
      vertex 83.5 16.76 18
      vertex 83.8916 14.1857 3
    endloop
  endfacet
  facet normal 0.19216 -0.966451 0.170429
    outer loop
      vertex 83.6035 16.7736 18
      vertex 83.5522 16.7634 18
      vertex 83.8916 14.1857 3
    endloop
  endfacet
  facet normal -0.966466 0.192088 0.17043
    outer loop
      vertex 93.6022 17.9365 3
      vertex 93.5257 17.5516 3
      vertex 96.1034 17.2122 18
    endloop
  endfacet
  facet normal -0.966451 0.19216 0.170431
    outer loop
      vertex 96.1136 17.2635 18
      vertex 93.6022 17.9365 3
      vertex 96.1034 17.2122 18
    endloop
  endfacet
  facet normal 0.983285 0.0640454 0.170436
    outer loop
      vertex 99.5 17.16 3
      vertex 96.8966 17.2122 18
      vertex 96.9 17.16 18
    endloop
  endfacet
  facet normal 0.983255 0.0645292 0.170429
    outer loop
      vertex 99.4743 17.5516 3
      vertex 96.8966 17.2122 18
      vertex 99.5 17.16 3
    endloop
  endfacet
  facet normal 0.547395 0.819335 0.170436
    outer loop
      vertex 98 19.7581 3
      vertex 96.7435 17.4773 18
      vertex 98.3263 19.5401 3
    endloop
  endfacet
  facet normal 0.435642 -0.883839 0.170427
    outer loop
      vertex 98 14.5619 3
      vertex 96.6531 16.7904 18
      vertex 97.648 14.3884 3
    endloop
  endfacet
  facet normal -0.883219 -0.436902 0.170414
    outer loop
      vertex 96.1304 17.0069 18
      vertex 93.7284 16.0119 3
      vertex 96.1536 16.96 18
    endloop
  endfacet
  facet normal 0.0645292 0.983255 0.170429
    outer loop
      vertex 96.8916 20.1343 3
      vertex 96.5 20.16 3
      vertex 96.5522 17.5566 18
    endloop
  endfacet
  facet normal 0.649829 -0.740725 0.170435
    outer loop
      vertex 98.6213 15.0387 3
      vertex 96.7435 16.8427 18
      vertex 98.3263 14.7799 3
    endloop
  endfacet
  facet normal 0.192088 0.966466 0.17043
    outer loop
      vertex 96.8916 20.1343 3
      vertex 96.5522 17.5566 18
      vertex 97.2765 20.0578 3
    endloop
  endfacet
  facet normal -0.933032 -0.316869 0.170428
    outer loop
      vertex 96.1304 17.0069 18
      vertex 93.6022 16.3835 3
      vertex 93.7284 16.0119 3
    endloop
  endfacet
  facet normal 0.819005 -0.547886 0.170443
    outer loop
      vertex 96.8464 16.96 18
      vertex 96.8173 16.9165 18
      vertex 98.8801 15.3337 3
    endloop
  endfacet
  facet normal -0.740725 -0.649829 0.170436
    outer loop
      vertex 96.2172 16.8772 18
      vertex 94.1199 15.3337 3
      vertex 94.3787 15.0387 3
    endloop
  endfacet
  facet normal -0.0645292 -0.983254 0.170431
    outer loop
      vertex 96.5 16.76 18
      vertex 96.1084 14.1857 3
      vertex 96.5 14.16 3
    endloop
  endfacet
  facet normal -0.819005 -0.547886 0.170443
    outer loop
      vertex 96.1536 16.96 18
      vertex 94.1199 15.3337 3
      vertex 96.1827 16.9165 18
    endloop
  endfacet
  facet normal -0.883789 -0.435741 0.170433
    outer loop
      vertex 96.1536 16.96 18
      vertex 93.7284 16.0119 3
      vertex 93.9019 15.66 3
    endloop
  endfacet
  facet normal 0.436899 -0.883214 0.170447
    outer loop
      vertex 96.7 16.8136 18
      vertex 96.6531 16.7904 18
      vertex 98 14.5619 3
    endloop
  endfacet
  facet normal -0.649829 -0.740725 0.170435
    outer loop
      vertex 96.2565 16.8427 18
      vertex 94.3787 15.0387 3
      vertex 94.6737 14.7799 3
    endloop
  endfacet
  facet normal 0.819008 0.547888 0.170428
    outer loop
      vertex 99.0981 18.66 3
      vertex 96.8173 17.4035 18
      vertex 96.8464 17.36 18
    endloop
  endfacet
  facet normal 0.0645292 -0.983254 0.170431
    outer loop
      vertex 96.5 16.76 18
      vertex 96.5 14.16 3
      vertex 96.8916 14.1857 3
    endloop
  endfacet
  facet normal -0.650069 -0.740514 0.170439
    outer loop
      vertex 96.2172 16.8772 18
      vertex 94.3787 15.0387 3
      vertex 96.2565 16.8427 18
    endloop
  endfacet
  facet normal -0.933032 0.316869 0.170428
    outer loop
      vertex 93.7284 18.3081 3
      vertex 93.6022 17.9365 3
      vertex 96.1304 17.3131 18
    endloop
  endfacet
  facet normal -0.819008 0.547888 0.170428
    outer loop
      vertex 96.1827 17.4035 18
      vertex 93.9019 18.66 3
      vertex 96.1536 17.36 18
    endloop
  endfacet
  facet normal 0.883789 -0.435741 0.170433
    outer loop
      vertex 99.2716 16.0119 3
      vertex 96.8464 16.96 18
      vertex 99.0981 15.66 3
    endloop
  endfacet
  facet normal -0.933286 0.316113 0.17044
    outer loop
      vertex 96.1304 17.3131 18
      vertex 93.6022 17.9365 3
      vertex 96.1136 17.2635 18
    endloop
  endfacet
  facet normal 0.316946 0.933006 0.170427
    outer loop
      vertex 97.2765 20.0578 3
      vertex 96.6531 17.5296 18
      vertex 97.648 19.9316 3
    endloop
  endfacet
  facet normal -0.19216 -0.966451 0.170429
    outer loop
      vertex 96.3965 16.7736 18
      vertex 96.1084 14.1857 3
      vertex 96.4478 16.7634 18
    endloop
  endfacet
  facet normal 0.933286 0.316113 0.17044
    outer loop
      vertex 99.3978 17.9365 3
      vertex 96.8696 17.3131 18
      vertex 96.8864 17.2635 18
    endloop
  endfacet
  facet normal 0.819335 -0.547395 0.170434
    outer loop
      vertex 99.0981 15.66 3
      vertex 96.8464 16.96 18
      vertex 98.8801 15.3337 3
    endloop
  endfacet
  facet normal 0.547888 -0.819008 0.170428
    outer loop
      vertex 96.7435 16.8427 18
      vertex 96.7 16.8136 18
      vertex 98 14.5619 3
    endloop
  endfacet
  facet normal 0.547395 -0.819335 0.170436
    outer loop
      vertex 98.3263 14.7799 3
      vertex 96.7435 16.8427 18
      vertex 98 14.5619 3
    endloop
  endfacet
  facet normal 0.966466 -0.192088 0.17043
    outer loop
      vertex 99.4743 16.7684 3
      vertex 96.8966 17.1078 18
      vertex 99.3978 16.3835 3
    endloop
  endfacet
  facet normal 0.933032 -0.316869 0.170428
    outer loop
      vertex 99.3978 16.3835 3
      vertex 96.8696 17.0069 18
      vertex 99.2716 16.0119 3
    endloop
  endfacet
  facet normal -0.435642 -0.883839 0.170427
    outer loop
      vertex 96.3469 16.7904 18
      vertex 95 14.5619 3
      vertex 95.352 14.3884 3
    endloop
  endfacet
  facet normal 0.883219 -0.436902 0.170414
    outer loop
      vertex 96.8696 17.0069 18
      vertex 96.8464 16.96 18
      vertex 99.2716 16.0119 3
    endloop
  endfacet
  facet normal -0.316946 0.933006 0.170427
    outer loop
      vertex 95.7235 20.0578 3
      vertex 95.352 19.9316 3
      vertex 96.3469 17.5296 18
    endloop
  endfacet
  facet normal 0.547888 0.819008 0.170428
    outer loop
      vertex 98 19.7581 3
      vertex 96.7 17.5064 18
      vertex 96.7435 17.4773 18
    endloop
  endfacet
  facet normal -0.819335 0.547395 0.170436
    outer loop
      vertex 94.1199 18.9863 3
      vertex 93.9019 18.66 3
      vertex 96.1827 17.4035 18
    endloop
  endfacet
  facet normal 0.933286 -0.316113 0.17044
    outer loop
      vertex 96.8864 17.0565 18
      vertex 96.8696 17.0069 18
      vertex 99.3978 16.3835 3
    endloop
  endfacet
  facet normal 0.65007 0.740515 0.170431
    outer loop
      vertex 98.3263 19.5401 3
      vertex 96.7435 17.4773 18
      vertex 96.7828 17.4428 18
    endloop
  endfacet
  facet normal -0.0640454 0.983285 0.170436
    outer loop
      vertex 96.5 20.16 3
      vertex 96.4478 17.5566 18
      vertex 96.5 17.56 18
    endloop
  endfacet
  facet normal 0.316946 -0.933006 0.170427
    outer loop
      vertex 97.648 14.3884 3
      vertex 96.6531 16.7904 18
      vertex 97.2765 14.2622 3
    endloop
  endfacet
  facet normal 0.435642 0.883839 0.170427
    outer loop
      vertex 97.648 19.9316 3
      vertex 96.6531 17.5296 18
      vertex 98 19.7581 3
    endloop
  endfacet
  facet normal -0.819335 -0.547395 0.170434
    outer loop
      vertex 96.1536 16.96 18
      vertex 93.9019 15.66 3
      vertex 94.1199 15.3337 3
    endloop
  endfacet
  facet normal 0.883789 0.435742 0.170428
    outer loop
      vertex 99.0981 18.66 3
      vertex 96.8696 17.3131 18
      vertex 99.2716 18.3081 3
    endloop
  endfacet
  facet normal 0.966466 0.192088 0.17043
    outer loop
      vertex 99.3978 17.9365 3
      vertex 96.8966 17.2122 18
      vertex 99.4743 17.5516 3
    endloop
  endfacet
  facet normal 0.983255 -0.0645292 0.170429
    outer loop
      vertex 99.5 17.16 3
      vertex 96.8966 17.1078 18
      vertex 99.4743 16.7684 3
    endloop
  endfacet
  facet normal 0.983285 -0.0640454 0.170436
    outer loop
      vertex 96.9 17.16 18
      vertex 96.8966 17.1078 18
      vertex 99.5 17.16 3
    endloop
  endfacet
  facet normal -0.547395 0.819335 0.170436
    outer loop
      vertex 95 19.7581 3
      vertex 94.6737 19.5401 3
      vertex 96.2565 17.4773 18
    endloop
  endfacet
  facet normal 0.740725 -0.649829 0.170436
    outer loop
      vertex 98.8801 15.3337 3
      vertex 96.7828 16.8772 18
      vertex 98.6213 15.0387 3
    endloop
  endfacet
  facet normal -0.966466 -0.192088 0.17043
    outer loop
      vertex 96.1034 17.1078 18
      vertex 93.5257 16.7684 3
      vertex 93.6022 16.3835 3
    endloop
  endfacet
  facet normal -0.19216 0.966451 0.170431
    outer loop
      vertex 96.4478 17.5566 18
      vertex 95.7235 20.0578 3
      vertex 96.3965 17.5464 18
    endloop
  endfacet
  facet normal -0.983285 0.0640454 0.170436
    outer loop
      vertex 96.1034 17.2122 18
      vertex 93.5 17.16 3
      vertex 96.1 17.16 18
    endloop
  endfacet
  facet normal -0.435642 0.883839 0.170427
    outer loop
      vertex 95.352 19.9316 3
      vertex 95 19.7581 3
      vertex 96.3469 17.5296 18
    endloop
  endfacet
  facet normal 0.650069 -0.740514 0.170439
    outer loop
      vertex 96.7828 16.8772 18
      vertex 96.7435 16.8427 18
      vertex 98.6213 15.0387 3
    endloop
  endfacet
  facet normal 0.649829 0.740725 0.170436
    outer loop
      vertex 98.3263 19.5401 3
      vertex 96.7828 17.4428 18
      vertex 98.6213 19.2813 3
    endloop
  endfacet
  facet normal 0.740725 0.649829 0.170436
    outer loop
      vertex 98.6213 19.2813 3
      vertex 96.7828 17.4428 18
      vertex 98.8801 18.9863 3
    endloop
  endfacet
  facet normal 0.933032 0.316869 0.170428
    outer loop
      vertex 99.2716 18.3081 3
      vertex 96.8696 17.3131 18
      vertex 99.3978 17.9365 3
    endloop
  endfacet
  facet normal 0.966451 -0.19216 0.170431
    outer loop
      vertex 96.8966 17.1078 18
      vertex 96.8864 17.0565 18
      vertex 99.3978 16.3835 3
    endloop
  endfacet
  facet normal -0.316946 -0.933006 0.170427
    outer loop
      vertex 96.3469 16.7904 18
      vertex 95.352 14.3884 3
      vertex 95.7235 14.2622 3
    endloop
  endfacet
  facet normal 0.883214 0.436899 0.170447
    outer loop
      vertex 99.0981 18.66 3
      vertex 96.8464 17.36 18
      vertex 96.8696 17.3131 18
    endloop
  endfacet
  facet normal 0.966451 0.19216 0.170431
    outer loop
      vertex 99.3978 17.9365 3
      vertex 96.8864 17.2635 18
      vertex 96.8966 17.2122 18
    endloop
  endfacet
  facet normal -0.883789 0.435742 0.170428
    outer loop
      vertex 93.9019 18.66 3
      vertex 93.7284 18.3081 3
      vertex 96.1304 17.3131 18
    endloop
  endfacet
  facet normal 0.740515 0.65007 0.170431
    outer loop
      vertex 98.8801 18.9863 3
      vertex 96.7828 17.4428 18
      vertex 96.8173 17.4035 18
    endloop
  endfacet
  facet normal 0.740515 -0.65007 0.170431
    outer loop
      vertex 96.8173 16.9165 18
      vertex 96.7828 16.8772 18
      vertex 98.8801 15.3337 3
    endloop
  endfacet
  facet normal -0.547395 -0.819335 0.170436
    outer loop
      vertex 96.2565 16.8427 18
      vertex 94.6737 14.7799 3
      vertex 95 14.5619 3
    endloop
  endfacet
  facet normal 0.0640454 0.983285 0.170436
    outer loop
      vertex 96.5 20.16 3
      vertex 96.5 17.56 18
      vertex 96.5522 17.5566 18
    endloop
  endfacet
  facet normal 0.192088 -0.966466 0.17043
    outer loop
      vertex 97.2765 14.2622 3
      vertex 96.6035 16.7736 18
      vertex 96.8916 14.1857 3
    endloop
  endfacet
  facet normal -0.65007 0.740515 0.170431
    outer loop
      vertex 96.2565 17.4773 18
      vertex 94.6737 19.5401 3
      vertex 96.2172 17.4428 18
    endloop
  endfacet
  facet normal -0.0645292 0.983255 0.170429
    outer loop
      vertex 96.5 20.16 3
      vertex 96.1084 20.1343 3
      vertex 96.4478 17.5566 18
    endloop
  endfacet
  facet normal -0.192088 0.966466 0.17043
    outer loop
      vertex 96.1084 20.1343 3
      vertex 95.7235 20.0578 3
      vertex 96.4478 17.5566 18
    endloop
  endfacet
  facet normal 0.19216 0.966451 0.170431
    outer loop
      vertex 97.2765 20.0578 3
      vertex 96.5522 17.5566 18
      vertex 96.6035 17.5464 18
    endloop
  endfacet
  facet normal -0.740515 -0.65007 0.170431
    outer loop
      vertex 96.1827 16.9165 18
      vertex 94.1199 15.3337 3
      vertex 96.2172 16.8772 18
    endloop
  endfacet
  facet normal -0.547888 -0.819008 0.170428
    outer loop
      vertex 96.2565 16.8427 18
      vertex 95 14.5619 3
      vertex 96.3 16.8136 18
    endloop
  endfacet
  facet normal -0.316113 0.933286 0.17044
    outer loop
      vertex 96.3965 17.5464 18
      vertex 95.7235 20.0578 3
      vertex 96.3469 17.5296 18
    endloop
  endfacet
  facet normal 0.819335 0.547395 0.170436
    outer loop
      vertex 98.8801 18.9863 3
      vertex 96.8173 17.4035 18
      vertex 99.0981 18.66 3
    endloop
  endfacet
  facet normal -0.192088 -0.966466 0.17043
    outer loop
      vertex 96.3965 16.7736 18
      vertex 95.7235 14.2622 3
      vertex 96.1084 14.1857 3
    endloop
  endfacet
  facet normal 0.316113 0.933286 0.17044
    outer loop
      vertex 97.2765 20.0578 3
      vertex 96.6035 17.5464 18
      vertex 96.6531 17.5296 18
    endloop
  endfacet
  facet normal 0.436899 0.883214 0.170447
    outer loop
      vertex 98 19.7581 3
      vertex 96.6531 17.5296 18
      vertex 96.7 17.5064 18
    endloop
  endfacet
  facet normal -0.316113 -0.933286 0.17044
    outer loop
      vertex 96.3469 16.7904 18
      vertex 95.7235 14.2622 3
      vertex 96.3965 16.7736 18
    endloop
  endfacet
  facet normal -0.649829 0.740725 0.170436
    outer loop
      vertex 94.6737 19.5401 3
      vertex 94.3787 19.2813 3
      vertex 96.2172 17.4428 18
    endloop
  endfacet
  facet normal -0.740725 0.649829 0.170436
    outer loop
      vertex 94.3787 19.2813 3
      vertex 94.1199 18.9863 3
      vertex 96.2172 17.4428 18
    endloop
  endfacet
  facet normal -0.966451 -0.19216 0.170431
    outer loop
      vertex 96.1034 17.1078 18
      vertex 93.6022 16.3835 3
      vertex 96.1136 17.0565 18
    endloop
  endfacet
  facet normal 0.316113 -0.933286 0.17044
    outer loop
      vertex 96.6531 16.7904 18
      vertex 96.6035 16.7736 18
      vertex 97.2765 14.2622 3
    endloop
  endfacet
  facet normal -0.740515 0.65007 0.170431
    outer loop
      vertex 96.2172 17.4428 18
      vertex 94.1199 18.9863 3
      vertex 96.1827 17.4035 18
    endloop
  endfacet
  facet normal -0.983255 0.0645292 0.170429
    outer loop
      vertex 93.5257 17.5516 3
      vertex 93.5 17.16 3
      vertex 96.1034 17.2122 18
    endloop
  endfacet
  facet normal -0.883214 0.436899 0.170447
    outer loop
      vertex 96.1536 17.36 18
      vertex 93.9019 18.66 3
      vertex 96.1304 17.3131 18
    endloop
  endfacet
  facet normal -0.436899 -0.883214 0.170447
    outer loop
      vertex 96.3 16.8136 18
      vertex 95 14.5619 3
      vertex 96.3469 16.7904 18
    endloop
  endfacet
  facet normal -0.436899 0.883214 0.170447
    outer loop
      vertex 96.3469 17.5296 18
      vertex 95 19.7581 3
      vertex 96.3 17.5064 18
    endloop
  endfacet
  facet normal -0.0640455 -0.983287 0.170424
    outer loop
      vertex 96.4478 16.7634 18
      vertex 96.1084 14.1857 3
      vertex 96.5 16.76 18
    endloop
  endfacet
  facet normal -0.547888 0.819008 0.170428
    outer loop
      vertex 96.3 17.5064 18
      vertex 95 19.7581 3
      vertex 96.2565 17.4773 18
    endloop
  endfacet
  facet normal -0.983285 -0.0640454 0.170436
    outer loop
      vertex 96.1 17.16 18
      vertex 93.5 17.16 3
      vertex 96.1034 17.1078 18
    endloop
  endfacet
  facet normal -0.983255 -0.0645292 0.170429
    outer loop
      vertex 96.1034 17.1078 18
      vertex 93.5 17.16 3
      vertex 93.5257 16.7684 3
    endloop
  endfacet
  facet normal 0 0 1
    outer loop
      vertex 96.8966 17.2122 18
      vertex 96.8966 17.1078 18
      vertex 96.9 17.16 18
    endloop
  endfacet
  facet normal 0 0 1
    outer loop
      vertex 96.8864 17.2635 18
      vertex 96.8966 17.1078 18
      vertex 96.8966 17.2122 18
    endloop
  endfacet
  facet normal 0 0 1
    outer loop
      vertex 96.8864 17.2635 18
      vertex 96.8864 17.0565 18
      vertex 96.8966 17.1078 18
    endloop
  endfacet
  facet normal 0 0 1
    outer loop
      vertex 96.8696 17.3131 18
      vertex 96.8864 17.0565 18
      vertex 96.8864 17.2635 18
    endloop
  endfacet
  facet normal 0 0 1
    outer loop
      vertex 96.8696 17.3131 18
      vertex 96.8696 17.0069 18
      vertex 96.8864 17.0565 18
    endloop
  endfacet
  facet normal 0 0 1
    outer loop
      vertex 96.8464 17.36 18
      vertex 96.8696 17.0069 18
      vertex 96.8696 17.3131 18
    endloop
  endfacet
  facet normal 0 0 1
    outer loop
      vertex 96.8464 17.36 18
      vertex 96.8464 16.96 18
      vertex 96.8696 17.0069 18
    endloop
  endfacet
  facet normal 0 0 1
    outer loop
      vertex 96.8173 17.4035 18
      vertex 96.8464 16.96 18
      vertex 96.8464 17.36 18
    endloop
  endfacet
  facet normal 0 0 1
    outer loop
      vertex 96.8173 17.4035 18
      vertex 96.8173 16.9165 18
      vertex 96.8464 16.96 18
    endloop
  endfacet
  facet normal 0 0 1
    outer loop
      vertex 96.7828 17.4428 18
      vertex 96.8173 16.9165 18
      vertex 96.8173 17.4035 18
    endloop
  endfacet
  facet normal 0 0 1
    outer loop
      vertex 96.7828 17.4428 18
      vertex 96.7828 16.8772 18
      vertex 96.8173 16.9165 18
    endloop
  endfacet
  facet normal 0 0 1
    outer loop
      vertex 96.7435 17.4773 18
      vertex 96.7828 16.8772 18
      vertex 96.7828 17.4428 18
    endloop
  endfacet
  facet normal 0 0 1
    outer loop
      vertex 96.7435 17.4773 18
      vertex 96.7435 16.8427 18
      vertex 96.7828 16.8772 18
    endloop
  endfacet
  facet normal 0 0 1
    outer loop
      vertex 96.7 17.5064 18
      vertex 96.7435 16.8427 18
      vertex 96.7435 17.4773 18
    endloop
  endfacet
  facet normal 0 0 1
    outer loop
      vertex 96.7 17.5064 18
      vertex 96.7 16.8136 18
      vertex 96.7435 16.8427 18
    endloop
  endfacet
  facet normal 0 0 1
    outer loop
      vertex 96.6531 17.5296 18
      vertex 96.7 16.8136 18
      vertex 96.7 17.5064 18
    endloop
  endfacet
  facet normal 0 0 1
    outer loop
      vertex 96.6531 17.5296 18
      vertex 96.6531 16.7904 18
      vertex 96.7 16.8136 18
    endloop
  endfacet
  facet normal 0 0 1
    outer loop
      vertex 96.6035 17.5464 18
      vertex 96.6531 16.7904 18
      vertex 96.6531 17.5296 18
    endloop
  endfacet
  facet normal 0 0 1
    outer loop
      vertex 96.6035 17.5464 18
      vertex 96.6035 16.7736 18
      vertex 96.6531 16.7904 18
    endloop
  endfacet
  facet normal 0 0 1
    outer loop
      vertex 96.5522 17.5566 18
      vertex 96.6035 16.7736 18
      vertex 96.6035 17.5464 18
    endloop
  endfacet
  facet normal 0 0 1
    outer loop
      vertex 96.5522 17.5566 18
      vertex 96.5522 16.7634 18
      vertex 96.6035 16.7736 18
    endloop
  endfacet
  facet normal 0 0 1
    outer loop
      vertex 96.5 17.56 18
      vertex 96.5522 16.7634 18
      vertex 96.5522 17.5566 18
    endloop
  endfacet
  facet normal 0 0 1
    outer loop
      vertex 96.5 17.56 18
      vertex 96.5 16.76 18
      vertex 96.5522 16.7634 18
    endloop
  endfacet
  facet normal -0 0 1
    outer loop
      vertex 96.4478 17.5566 18
      vertex 96.5 16.76 18
      vertex 96.5 17.56 18
    endloop
  endfacet
  facet normal 0 0 1
    outer loop
      vertex 96.4478 17.5566 18
      vertex 96.4478 16.7634 18
      vertex 96.5 16.76 18
    endloop
  endfacet
  facet normal -0 0 1
    outer loop
      vertex 96.3965 17.5464 18
      vertex 96.4478 16.7634 18
      vertex 96.4478 17.5566 18
    endloop
  endfacet
  facet normal 0 0 1
    outer loop
      vertex 96.3965 17.5464 18
      vertex 96.3965 16.7736 18
      vertex 96.4478 16.7634 18
    endloop
  endfacet
  facet normal -0 0 1
    outer loop
      vertex 96.3469 17.5296 18
      vertex 96.3965 16.7736 18
      vertex 96.3965 17.5464 18
    endloop
  endfacet
  facet normal 0 0 1
    outer loop
      vertex 96.3469 17.5296 18
      vertex 96.3469 16.7904 18
      vertex 96.3965 16.7736 18
    endloop
  endfacet
  facet normal -0 0 1
    outer loop
      vertex 96.3 17.5064 18
      vertex 96.3469 16.7904 18
      vertex 96.3469 17.5296 18
    endloop
  endfacet
  facet normal 0 0 1
    outer loop
      vertex 96.3 17.5064 18
      vertex 96.3 16.8136 18
      vertex 96.3469 16.7904 18
    endloop
  endfacet
  facet normal -0 0 1
    outer loop
      vertex 96.2565 17.4773 18
      vertex 96.3 16.8136 18
      vertex 96.3 17.5064 18
    endloop
  endfacet
  facet normal 0 0 1
    outer loop
      vertex 96.2565 17.4773 18
      vertex 96.2565 16.8427 18
      vertex 96.3 16.8136 18
    endloop
  endfacet
  facet normal -0 0 1
    outer loop
      vertex 96.2172 17.4428 18
      vertex 96.2565 16.8427 18
      vertex 96.2565 17.4773 18
    endloop
  endfacet
  facet normal 0 0 1
    outer loop
      vertex 96.2172 17.4428 18
      vertex 96.2172 16.8772 18
      vertex 96.2565 16.8427 18
    endloop
  endfacet
  facet normal -0 0 1
    outer loop
      vertex 96.1827 17.4035 18
      vertex 96.2172 16.8772 18
      vertex 96.2172 17.4428 18
    endloop
  endfacet
  facet normal 0 0 1
    outer loop
      vertex 96.1827 17.4035 18
      vertex 96.1827 16.9165 18
      vertex 96.2172 16.8772 18
    endloop
  endfacet
  facet normal -0 0 1
    outer loop
      vertex 96.1536 17.36 18
      vertex 96.1827 16.9165 18
      vertex 96.1827 17.4035 18
    endloop
  endfacet
  facet normal 0 0 1
    outer loop
      vertex 96.1536 17.36 18
      vertex 96.1536 16.96 18
      vertex 96.1827 16.9165 18
    endloop
  endfacet
  facet normal -0 0 1
    outer loop
      vertex 96.1304 17.3131 18
      vertex 96.1536 16.96 18
      vertex 96.1536 17.36 18
    endloop
  endfacet
  facet normal 0 0 1
    outer loop
      vertex 96.1304 17.3131 18
      vertex 96.1304 17.0069 18
      vertex 96.1536 16.96 18
    endloop
  endfacet
  facet normal -0 0 1
    outer loop
      vertex 96.1136 17.2635 18
      vertex 96.1304 17.0069 18
      vertex 96.1304 17.3131 18
    endloop
  endfacet
  facet normal 0 0 1
    outer loop
      vertex 96.1136 17.2635 18
      vertex 96.1136 17.0565 18
      vertex 96.1304 17.0069 18
    endloop
  endfacet
  facet normal -0 0 1
    outer loop
      vertex 96.1034 17.2122 18
      vertex 96.1136 17.0565 18
      vertex 96.1136 17.2635 18
    endloop
  endfacet
  facet normal 0 0 1
    outer loop
      vertex 96.1034 17.2122 18
      vertex 96.1034 17.1078 18
      vertex 96.1136 17.0565 18
    endloop
  endfacet
  facet normal 0 -0 1
    outer loop
      vertex 96.1034 17.1078 18
      vertex 96.1034 17.2122 18
      vertex 96.1 17.16 18
    endloop
  endfacet
  facet normal -0.933286 -0.316113 0.17044
    outer loop
      vertex 96.1136 17.0565 18
      vertex 93.6022 16.3835 3
      vertex 96.1304 17.0069 18
    endloop
  endfacet
  facet normal 0.0640455 -0.983287 0.170424
    outer loop
      vertex 96.5522 16.7634 18
      vertex 96.5 16.76 18
      vertex 96.8916 14.1857 3
    endloop
  endfacet
  facet normal 0.19216 -0.966451 0.170429
    outer loop
      vertex 96.6035 16.7736 18
      vertex 96.5522 16.7634 18
      vertex 96.8916 14.1857 3
    endloop
  endfacet
  facet normal -0.96671 0.190881 0.1704
    outer loop
      vertex 106.602 17.9365 3
      vertex 106.526 17.5516 3
      vertex 109.103 17.2122 18
    endloop
  endfacet
  facet normal -0.963439 0.206585 0.170613
    outer loop
      vertex 109.114 17.2635 18
      vertex 106.602 17.9365 3
      vertex 109.103 17.2122 18
    endloop
  endfacet
  facet normal 0.983732 0.0565363 0.170514
    outer loop
      vertex 112.5 17.16 3
      vertex 109.897 17.2122 18
      vertex 109.9 17.16 18
    endloop
  endfacet
  facet normal 0.983212 0.0652796 0.170393
    outer loop
      vertex 112.474 17.5516 3
      vertex 109.897 17.2122 18
      vertex 112.5 17.16 3
    endloop
  endfacet
  facet normal 0.547746 0.819106 0.170412
    outer loop
      vertex 111 19.7581 3
      vertex 109.744 17.4773 18
      vertex 111.326 19.5401 3
    endloop
  endfacet
  facet normal 0.435642 -0.883838 0.17043
    outer loop
      vertex 111 14.5619 3
      vertex 109.653 16.7904 18
      vertex 110.648 14.3884 3
    endloop
  endfacet
  facet normal -0.877216 -0.448895 0.170248
    outer loop
      vertex 109.13 17.0069 18
      vertex 106.728 16.0119 3
      vertex 109.154 16.96 18
    endloop
  endfacet
  facet normal 0.0644636 0.983259 0.170431
    outer loop
      vertex 109.892 20.1343 3
      vertex 109.5 20.16 3
      vertex 109.552 17.5566 18
    endloop
  endfacet
  facet normal 0.649833 -0.74073 0.170401
    outer loop
      vertex 111.621 15.0387 3
      vertex 109.744 16.8427 18
      vertex 111.326 14.7799 3
    endloop
  endfacet
  facet normal 0.192521 0.966379 0.170433
    outer loop
      vertex 109.892 20.1343 3
      vertex 109.552 17.5566 18
      vertex 110.276 20.0578 3
    endloop
  endfacet
  facet normal -0.933185 -0.316419 0.170423
    outer loop
      vertex 109.13 17.0069 18
      vertex 106.602 16.3835 3
      vertex 106.728 16.0119 3
    endloop
  endfacet
  facet normal 0.819876 -0.546584 0.170436
    outer loop
      vertex 109.846 16.96 18
      vertex 109.817 16.9165 18
      vertex 111.88 15.3337 3
    endloop
  endfacet
  facet normal -0.740479 -0.650115 0.170416
    outer loop
      vertex 109.217 16.8772 18
      vertex 107.12 15.3337 3
      vertex 107.379 15.0387 3
    endloop
  endfacet
  facet normal -0.0644636 -0.983259 0.170431
    outer loop
      vertex 109.5 16.76 18
      vertex 109.108 14.1857 3
      vertex 109.5 14.16 3
    endloop
  endfacet
  facet normal -0.819876 -0.546584 0.170436
    outer loop
      vertex 109.154 16.96 18
      vertex 107.12 15.3337 3
      vertex 109.183 16.9165 18
    endloop
  endfacet
  facet normal -0.883286 -0.436748 0.170462
    outer loop
      vertex 109.154 16.96 18
      vertex 106.728 16.0119 3
      vertex 106.902 15.66 3
    endloop
  endfacet
  facet normal 0.436152 -0.883585 0.170438
    outer loop
      vertex 109.7 16.8136 18
      vertex 109.653 16.7904 18
      vertex 111 14.5619 3
    endloop
  endfacet
  facet normal -0.649833 -0.74073 0.170401
    outer loop
      vertex 109.256 16.8427 18
      vertex 107.379 15.0387 3
      vertex 107.674 14.7799 3
    endloop
  endfacet
  facet normal 0.819873 0.546582 0.170461
    outer loop
      vertex 112.098 18.66 3
      vertex 109.817 17.4035 18
      vertex 109.846 17.36 18
    endloop
  endfacet
  facet normal 0.0644636 -0.983259 0.170431
    outer loop
      vertex 109.5 16.76 18
      vertex 109.5 14.16 3
      vertex 109.892 14.1857 3
    endloop
  endfacet
  facet normal -0.652877 -0.738035 0.170458
    outer loop
      vertex 109.217 16.8772 18
      vertex 107.379 15.0387 3
      vertex 109.256 16.8427 18
    endloop
  endfacet
  facet normal -0.933185 0.316419 0.170423
    outer loop
      vertex 106.728 18.3081 3
      vertex 106.602 17.9365 3
      vertex 109.13 17.3131 18
    endloop
  endfacet
  facet normal -0.819873 0.546582 0.170461
    outer loop
      vertex 109.183 17.4035 18
      vertex 106.902 18.66 3
      vertex 109.154 17.36 18
    endloop
  endfacet
  facet normal 0.883286 -0.436748 0.170462
    outer loop
      vertex 112.272 16.0119 3
      vertex 109.846 16.96 18
      vertex 112.098 15.66 3
    endloop
  endfacet
  facet normal -0.937754 0.302501 0.170615
    outer loop
      vertex 109.13 17.3131 18
      vertex 106.602 17.9365 3
      vertex 109.114 17.2635 18
    endloop
  endfacet
  facet normal 0.316564 0.933136 0.170425
    outer loop
      vertex 110.276 20.0578 3
      vertex 109.653 17.5296 18
      vertex 110.648 19.9316 3
    endloop
  endfacet
  facet normal -0.189668 -0.966937 0.170464
    outer loop
      vertex 109.396 16.7736 18
      vertex 109.108 14.1857 3
      vertex 109.448 16.7634 18
    endloop
  endfacet
  facet normal 0.937754 0.302501 0.170615
    outer loop
      vertex 112.398 17.9365 3
      vertex 109.87 17.3131 18
      vertex 109.886 17.2635 18
    endloop
  endfacet
  facet normal 0.819333 -0.547394 0.17045
    outer loop
      vertex 112.098 15.66 3
      vertex 109.846 16.96 18
      vertex 111.88 15.3337 3
    endloop
  endfacet
  facet normal 0.543559 -0.821876 0.170483
    outer loop
      vertex 109.744 16.8427 18
      vertex 109.7 16.8136 18
      vertex 111 14.5619 3
    endloop
  endfacet
  facet normal 0.547746 -0.819106 0.170412
    outer loop
      vertex 111.326 14.7799 3
      vertex 109.744 16.8427 18
      vertex 111 14.5619 3
    endloop
  endfacet
  facet normal 0.96671 -0.190881 0.1704
    outer loop
      vertex 112.474 16.7684 3
      vertex 109.897 17.1078 18
      vertex 112.398 16.3835 3
    endloop
  endfacet
  facet normal 0.933185 -0.316419 0.170423
    outer loop
      vertex 112.398 16.3835 3
      vertex 109.87 17.0069 18
      vertex 112.272 16.0119 3
    endloop
  endfacet
  facet normal -0.435642 -0.883838 0.17043
    outer loop
      vertex 109.347 16.7904 18
      vertex 108 14.5619 3
      vertex 108.352 14.3884 3
    endloop
  endfacet
  facet normal 0.877216 -0.448895 0.170248
    outer loop
      vertex 109.87 17.0069 18
      vertex 109.846 16.96 18
      vertex 112.272 16.0119 3
    endloop
  endfacet
  facet normal -0.316564 0.933136 0.170425
    outer loop
      vertex 108.724 20.0578 3
      vertex 108.352 19.9316 3
      vertex 109.347 17.5296 18
    endloop
  endfacet
  facet normal 0.543559 0.821876 0.170483
    outer loop
      vertex 111 19.7581 3
      vertex 109.7 17.5064 18
      vertex 109.744 17.4773 18
    endloop
  endfacet
  facet normal -0.819334 0.547394 0.170447
    outer loop
      vertex 107.12 18.9863 3
      vertex 106.902 18.66 3
      vertex 109.183 17.4035 18
    endloop
  endfacet
  facet normal 0.937754 -0.302501 0.170615
    outer loop
      vertex 109.886 17.0565 18
      vertex 109.87 17.0069 18
      vertex 112.398 16.3835 3
    endloop
  endfacet
  facet normal 0.652889 0.738048 0.170354
    outer loop
      vertex 111.326 19.5401 3
      vertex 109.744 17.4773 18
      vertex 109.783 17.4428 18
    endloop
  endfacet
  facet normal -0.0642907 0.98327 0.170433
    outer loop
      vertex 109.5 20.16 3
      vertex 109.448 17.5566 18
      vertex 109.5 17.56 18
    endloop
  endfacet
  facet normal 0.316564 -0.933136 0.170425
    outer loop
      vertex 110.648 14.3884 3
      vertex 109.653 16.7904 18
      vertex 110.276 14.2622 3
    endloop
  endfacet
  facet normal 0.435642 0.883838 0.17043
    outer loop
      vertex 110.648 19.9316 3
      vertex 109.653 17.5296 18
      vertex 111 19.7581 3
    endloop
  endfacet
  facet normal -0.819333 -0.547394 0.17045
    outer loop
      vertex 109.154 16.96 18
      vertex 106.902 15.66 3
      vertex 107.12 15.3337 3
    endloop
  endfacet
  facet normal 0.883293 0.436752 0.170416
    outer loop
      vertex 112.098 18.66 3
      vertex 109.87 17.3131 18
      vertex 112.272 18.3081 3
    endloop
  endfacet
  facet normal 0.96671 0.190881 0.1704
    outer loop
      vertex 112.398 17.9365 3
      vertex 109.897 17.2122 18
      vertex 112.474 17.5516 3
    endloop
  endfacet
  facet normal 0.983212 -0.0652796 0.170393
    outer loop
      vertex 112.5 17.16 3
      vertex 109.897 17.1078 18
      vertex 112.474 16.7684 3
    endloop
  endfacet
  facet normal 0.983732 -0.0565363 0.170514
    outer loop
      vertex 109.9 17.16 18
      vertex 109.897 17.1078 18
      vertex 112.5 17.16 3
    endloop
  endfacet
  facet normal -0.547746 0.819106 0.170412
    outer loop
      vertex 108 19.7581 3
      vertex 107.674 19.5401 3
      vertex 109.256 17.4773 18
    endloop
  endfacet
  facet normal 0.740479 -0.650115 0.170416
    outer loop
      vertex 111.88 15.3337 3
      vertex 109.783 16.8772 18
      vertex 111.621 15.0387 3
    endloop
  endfacet
  facet normal -0.96671 -0.190881 0.1704
    outer loop
      vertex 109.103 17.1078 18
      vertex 106.526 16.7684 3
      vertex 106.602 16.3835 3
    endloop
  endfacet
  facet normal -0.189671 0.96695 0.17039
    outer loop
      vertex 109.448 17.5566 18
      vertex 108.724 20.0578 3
      vertex 109.396 17.5464 18
    endloop
  endfacet
  facet normal -0.983732 0.0565363 0.170514
    outer loop
      vertex 109.103 17.2122 18
      vertex 106.5 17.16 3
      vertex 109.1 17.16 18
    endloop
  endfacet
  facet normal -0.435642 0.883838 0.17043
    outer loop
      vertex 108.352 19.9316 3
      vertex 108 19.7581 3
      vertex 109.347 17.5296 18
    endloop
  endfacet
  facet normal 0.652877 -0.738035 0.170458
    outer loop
      vertex 109.783 16.8772 18
      vertex 109.744 16.8427 18
      vertex 111.621 15.0387 3
    endloop
  endfacet
  facet normal 0.649832 0.740728 0.170415
    outer loop
      vertex 111.326 19.5401 3
      vertex 109.783 17.4428 18
      vertex 111.621 19.2813 3
    endloop
  endfacet
  facet normal 0.740479 0.650115 0.170416
    outer loop
      vertex 111.621 19.2813 3
      vertex 109.783 17.4428 18
      vertex 111.88 18.9863 3
    endloop
  endfacet
  facet normal 0.933185 0.316419 0.170423
    outer loop
      vertex 112.272 18.3081 3
      vertex 109.87 17.3131 18
      vertex 112.398 17.9365 3
    endloop
  endfacet
  facet normal 0.963439 -0.206585 0.170613
    outer loop
      vertex 109.897 17.1078 18
      vertex 109.886 17.0565 18
      vertex 112.398 16.3835 3
    endloop
  endfacet
  facet normal -0.316564 -0.933136 0.170425
    outer loop
      vertex 109.347 16.7904 18
      vertex 108.352 14.3884 3
      vertex 108.724 14.2622 3
    endloop
  endfacet
  facet normal 0.877163 0.448868 0.170593
    outer loop
      vertex 112.098 18.66 3
      vertex 109.846 17.36 18
      vertex 109.87 17.3131 18
    endloop
  endfacet
  facet normal 0.963439 0.206585 0.170613
    outer loop
      vertex 112.398 17.9365 3
      vertex 109.886 17.2635 18
      vertex 109.897 17.2122 18
    endloop
  endfacet
  facet normal -0.883293 0.436752 0.170416
    outer loop
      vertex 106.902 18.66 3
      vertex 106.728 18.3081 3
      vertex 109.13 17.3131 18
    endloop
  endfacet
  facet normal 0.745185 0.644689 0.170515
    outer loop
      vertex 111.88 18.9863 3
      vertex 109.783 17.4428 18
      vertex 109.817 17.4035 18
    endloop
  endfacet
  facet normal 0.745185 -0.644689 0.170515
    outer loop
      vertex 109.817 16.9165 18
      vertex 109.783 16.8772 18
      vertex 111.88 15.3337 3
    endloop
  endfacet
  facet normal -0.547746 -0.819106 0.170412
    outer loop
      vertex 109.256 16.8427 18
      vertex 107.674 14.7799 3
      vertex 108 14.5619 3
    endloop
  endfacet
  facet normal 0.0642907 0.98327 0.170433
    outer loop
      vertex 109.5 20.16 3
      vertex 109.5 17.56 18
      vertex 109.552 17.5566 18
    endloop
  endfacet
  facet normal 0.192521 -0.966381 0.170423
    outer loop
      vertex 110.276 14.2622 3
      vertex 109.604 16.7736 18
      vertex 109.892 14.1857 3
    endloop
  endfacet
  facet normal -0.652889 0.738048 0.170354
    outer loop
      vertex 109.256 17.4773 18
      vertex 107.674 19.5401 3
      vertex 109.217 17.4428 18
    endloop
  endfacet
  facet normal -0.0644636 0.983259 0.170431
    outer loop
      vertex 109.5 20.16 3
      vertex 109.108 20.1343 3
      vertex 109.448 17.5566 18
    endloop
  endfacet
  facet normal -0.192521 0.966379 0.170433
    outer loop
      vertex 109.108 20.1343 3
      vertex 108.724 20.0578 3
      vertex 109.448 17.5566 18
    endloop
  endfacet
  facet normal 0.189671 0.96695 0.17039
    outer loop
      vertex 110.276 20.0578 3
      vertex 109.552 17.5566 18
      vertex 109.604 17.5464 18
    endloop
  endfacet
  facet normal -0.745185 -0.644689 0.170515
    outer loop
      vertex 109.183 16.9165 18
      vertex 107.12 15.3337 3
      vertex 109.217 16.8772 18
    endloop
  endfacet
  facet normal -0.543559 -0.821876 0.170483
    outer loop
      vertex 109.256 16.8427 18
      vertex 108 14.5619 3
      vertex 109.3 16.8136 18
    endloop
  endfacet
  facet normal -0.319582 0.932115 0.170378
    outer loop
      vertex 109.396 17.5464 18
      vertex 108.724 20.0578 3
      vertex 109.347 17.5296 18
    endloop
  endfacet
  facet normal 0.819334 0.547394 0.170447
    outer loop
      vertex 111.88 18.9863 3
      vertex 109.817 17.4035 18
      vertex 112.098 18.66 3
    endloop
  endfacet
  facet normal -0.192521 -0.966381 0.170423
    outer loop
      vertex 109.396 16.7736 18
      vertex 108.724 14.2622 3
      vertex 109.108 14.1857 3
    endloop
  endfacet
  facet normal 0.319582 0.932115 0.170378
    outer loop
      vertex 110.276 20.0578 3
      vertex 109.604 17.5464 18
      vertex 109.653 17.5296 18
    endloop
  endfacet
  facet normal 0.436152 0.883585 0.170438
    outer loop
      vertex 111 19.7581 3
      vertex 109.653 17.5296 18
      vertex 109.7 17.5064 18
    endloop
  endfacet
  facet normal -0.319582 -0.932115 0.170378
    outer loop
      vertex 109.347 16.7904 18
      vertex 108.724 14.2622 3
      vertex 109.396 16.7736 18
    endloop
  endfacet
  facet normal -0.649832 0.740728 0.170415
    outer loop
      vertex 107.674 19.5401 3
      vertex 107.379 19.2813 3
      vertex 109.217 17.4428 18
    endloop
  endfacet
  facet normal -0.740479 0.650115 0.170416
    outer loop
      vertex 107.379 19.2813 3
      vertex 107.12 18.9863 3
      vertex 109.217 17.4428 18
    endloop
  endfacet
  facet normal -0.963439 -0.206585 0.170613
    outer loop
      vertex 109.103 17.1078 18
      vertex 106.602 16.3835 3
      vertex 109.114 17.0565 18
    endloop
  endfacet
  facet normal 0.319582 -0.932115 0.170378
    outer loop
      vertex 109.653 16.7904 18
      vertex 109.604 16.7736 18
      vertex 110.276 14.2622 3
    endloop
  endfacet
  facet normal -0.745185 0.644689 0.170515
    outer loop
      vertex 109.217 17.4428 18
      vertex 107.12 18.9863 3
      vertex 109.183 17.4035 18
    endloop
  endfacet
  facet normal -0.983212 0.0652796 0.170393
    outer loop
      vertex 106.526 17.5516 3
      vertex 106.5 17.16 3
      vertex 109.103 17.2122 18
    endloop
  endfacet
  facet normal -0.877163 0.448868 0.170593
    outer loop
      vertex 109.154 17.36 18
      vertex 106.902 18.66 3
      vertex 109.13 17.3131 18
    endloop
  endfacet
  facet normal -0.436152 -0.883585 0.170438
    outer loop
      vertex 109.3 16.8136 18
      vertex 108 14.5619 3
      vertex 109.347 16.7904 18
    endloop
  endfacet
  facet normal -0.436152 0.883585 0.170438
    outer loop
      vertex 109.347 17.5296 18
      vertex 108 19.7581 3
      vertex 109.3 17.5064 18
    endloop
  endfacet
  facet normal -0.0642908 -0.98327 0.170429
    outer loop
      vertex 109.448 16.7634 18
      vertex 109.108 14.1857 3
      vertex 109.5 16.76 18
    endloop
  endfacet
  facet normal -0.543559 0.821876 0.170483
    outer loop
      vertex 109.3 17.5064 18
      vertex 108 19.7581 3
      vertex 109.256 17.4773 18
    endloop
  endfacet
  facet normal -0.983732 -0.0565363 0.170514
    outer loop
      vertex 109.1 17.16 18
      vertex 106.5 17.16 3
      vertex 109.103 17.1078 18
    endloop
  endfacet
  facet normal -0.983212 -0.0652796 0.170393
    outer loop
      vertex 109.103 17.1078 18
      vertex 106.5 17.16 3
      vertex 106.526 16.7684 3
    endloop
  endfacet
  facet normal 0 0 1
    outer loop
      vertex 109.897 17.2122 18
      vertex 109.897 17.1078 18
      vertex 109.9 17.16 18
    endloop
  endfacet
  facet normal 0 0 1
    outer loop
      vertex 109.886 17.2635 18
      vertex 109.897 17.1078 18
      vertex 109.897 17.2122 18
    endloop
  endfacet
  facet normal 0 0 1
    outer loop
      vertex 109.886 17.2635 18
      vertex 109.886 17.0565 18
      vertex 109.897 17.1078 18
    endloop
  endfacet
  facet normal 0 0 1
    outer loop
      vertex 109.87 17.3131 18
      vertex 109.886 17.0565 18
      vertex 109.886 17.2635 18
    endloop
  endfacet
  facet normal 0 0 1
    outer loop
      vertex 109.87 17.3131 18
      vertex 109.87 17.0069 18
      vertex 109.886 17.0565 18
    endloop
  endfacet
  facet normal 0 0 1
    outer loop
      vertex 109.846 17.36 18
      vertex 109.87 17.0069 18
      vertex 109.87 17.3131 18
    endloop
  endfacet
  facet normal 0 0 1
    outer loop
      vertex 109.846 17.36 18
      vertex 109.846 16.96 18
      vertex 109.87 17.0069 18
    endloop
  endfacet
  facet normal 0 0 1
    outer loop
      vertex 109.817 17.4035 18
      vertex 109.846 16.96 18
      vertex 109.846 17.36 18
    endloop
  endfacet
  facet normal 0 0 1
    outer loop
      vertex 109.817 17.4035 18
      vertex 109.817 16.9165 18
      vertex 109.846 16.96 18
    endloop
  endfacet
  facet normal 0 0 1
    outer loop
      vertex 109.783 17.4428 18
      vertex 109.817 16.9165 18
      vertex 109.817 17.4035 18
    endloop
  endfacet
  facet normal 0 0 1
    outer loop
      vertex 109.783 17.4428 18
      vertex 109.783 16.8772 18
      vertex 109.817 16.9165 18
    endloop
  endfacet
  facet normal 0 0 1
    outer loop
      vertex 109.744 17.4773 18
      vertex 109.783 16.8772 18
      vertex 109.783 17.4428 18
    endloop
  endfacet
  facet normal 0 0 1
    outer loop
      vertex 109.744 17.4773 18
      vertex 109.744 16.8427 18
      vertex 109.783 16.8772 18
    endloop
  endfacet
  facet normal 0 0 1
    outer loop
      vertex 109.7 17.5064 18
      vertex 109.744 16.8427 18
      vertex 109.744 17.4773 18
    endloop
  endfacet
  facet normal 0 0 1
    outer loop
      vertex 109.7 17.5064 18
      vertex 109.7 16.8136 18
      vertex 109.744 16.8427 18
    endloop
  endfacet
  facet normal 0 0 1
    outer loop
      vertex 109.653 17.5296 18
      vertex 109.7 16.8136 18
      vertex 109.7 17.5064 18
    endloop
  endfacet
  facet normal 0 0 1
    outer loop
      vertex 109.653 17.5296 18
      vertex 109.653 16.7904 18
      vertex 109.7 16.8136 18
    endloop
  endfacet
  facet normal 0 0 1
    outer loop
      vertex 109.604 17.5464 18
      vertex 109.653 16.7904 18
      vertex 109.653 17.5296 18
    endloop
  endfacet
  facet normal 0 0 1
    outer loop
      vertex 109.604 17.5464 18
      vertex 109.604 16.7736 18
      vertex 109.653 16.7904 18
    endloop
  endfacet
  facet normal 0 0 1
    outer loop
      vertex 109.552 17.5566 18
      vertex 109.604 16.7736 18
      vertex 109.604 17.5464 18
    endloop
  endfacet
  facet normal 0 0 1
    outer loop
      vertex 109.552 17.5566 18
      vertex 109.552 16.7634 18
      vertex 109.604 16.7736 18
    endloop
  endfacet
  facet normal 0 0 1
    outer loop
      vertex 109.5 17.56 18
      vertex 109.552 16.7634 18
      vertex 109.552 17.5566 18
    endloop
  endfacet
  facet normal 0 0 1
    outer loop
      vertex 109.5 17.56 18
      vertex 109.5 16.76 18
      vertex 109.552 16.7634 18
    endloop
  endfacet
  facet normal -0 0 1
    outer loop
      vertex 109.448 17.5566 18
      vertex 109.5 16.76 18
      vertex 109.5 17.56 18
    endloop
  endfacet
  facet normal 0 0 1
    outer loop
      vertex 109.448 17.5566 18
      vertex 109.448 16.7634 18
      vertex 109.5 16.76 18
    endloop
  endfacet
  facet normal -0 0 1
    outer loop
      vertex 109.396 17.5464 18
      vertex 109.448 16.7634 18
      vertex 109.448 17.5566 18
    endloop
  endfacet
  facet normal 0 0 1
    outer loop
      vertex 109.396 17.5464 18
      vertex 109.396 16.7736 18
      vertex 109.448 16.7634 18
    endloop
  endfacet
  facet normal -0 0 1
    outer loop
      vertex 109.347 17.5296 18
      vertex 109.396 16.7736 18
      vertex 109.396 17.5464 18
    endloop
  endfacet
  facet normal 0 0 1
    outer loop
      vertex 109.347 17.5296 18
      vertex 109.347 16.7904 18
      vertex 109.396 16.7736 18
    endloop
  endfacet
  facet normal -0 0 1
    outer loop
      vertex 109.3 17.5064 18
      vertex 109.347 16.7904 18
      vertex 109.347 17.5296 18
    endloop
  endfacet
  facet normal 0 0 1
    outer loop
      vertex 109.3 17.5064 18
      vertex 109.3 16.8136 18
      vertex 109.347 16.7904 18
    endloop
  endfacet
  facet normal -0 0 1
    outer loop
      vertex 109.256 17.4773 18
      vertex 109.3 16.8136 18
      vertex 109.3 17.5064 18
    endloop
  endfacet
  facet normal 0 0 1
    outer loop
      vertex 109.256 17.4773 18
      vertex 109.256 16.8427 18
      vertex 109.3 16.8136 18
    endloop
  endfacet
  facet normal -0 0 1
    outer loop
      vertex 109.217 17.4428 18
      vertex 109.256 16.8427 18
      vertex 109.256 17.4773 18
    endloop
  endfacet
  facet normal 0 0 1
    outer loop
      vertex 109.217 17.4428 18
      vertex 109.217 16.8772 18
      vertex 109.256 16.8427 18
    endloop
  endfacet
  facet normal -0 0 1
    outer loop
      vertex 109.183 17.4035 18
      vertex 109.217 16.8772 18
      vertex 109.217 17.4428 18
    endloop
  endfacet
  facet normal 0 0 1
    outer loop
      vertex 109.183 17.4035 18
      vertex 109.183 16.9165 18
      vertex 109.217 16.8772 18
    endloop
  endfacet
  facet normal -0 0 1
    outer loop
      vertex 109.154 17.36 18
      vertex 109.183 16.9165 18
      vertex 109.183 17.4035 18
    endloop
  endfacet
  facet normal 0 0 1
    outer loop
      vertex 109.154 17.36 18
      vertex 109.154 16.96 18
      vertex 109.183 16.9165 18
    endloop
  endfacet
  facet normal -0 0 1
    outer loop
      vertex 109.13 17.3131 18
      vertex 109.154 16.96 18
      vertex 109.154 17.36 18
    endloop
  endfacet
  facet normal 0 0 1
    outer loop
      vertex 109.13 17.3131 18
      vertex 109.13 17.0069 18
      vertex 109.154 16.96 18
    endloop
  endfacet
  facet normal -0 0 1
    outer loop
      vertex 109.114 17.2635 18
      vertex 109.13 17.0069 18
      vertex 109.13 17.3131 18
    endloop
  endfacet
  facet normal 0 0 1
    outer loop
      vertex 109.114 17.2635 18
      vertex 109.114 17.0565 18
      vertex 109.13 17.0069 18
    endloop
  endfacet
  facet normal -0 0 1
    outer loop
      vertex 109.103 17.2122 18
      vertex 109.114 17.0565 18
      vertex 109.114 17.2635 18
    endloop
  endfacet
  facet normal 0 0 1
    outer loop
      vertex 109.103 17.2122 18
      vertex 109.103 17.1078 18
      vertex 109.114 17.0565 18
    endloop
  endfacet
  facet normal 0 -0 1
    outer loop
      vertex 109.103 17.1078 18
      vertex 109.103 17.2122 18
      vertex 109.1 17.16 18
    endloop
  endfacet
  facet normal -0.937754 -0.302501 0.170615
    outer loop
      vertex 109.114 17.0565 18
      vertex 106.602 16.3835 3
      vertex 109.13 17.0069 18
    endloop
  endfacet
  facet normal 0.0642908 -0.98327 0.170429
    outer loop
      vertex 109.552 16.7634 18
      vertex 109.5 16.76 18
      vertex 109.892 14.1857 3
    endloop
  endfacet
  facet normal 0.189668 -0.966937 0.170464
    outer loop
      vertex 109.604 16.7736 18
      vertex 109.552 16.7634 18
      vertex 109.892 14.1857 3
    endloop
  endfacet
  facet normal -0.96671 0.190881 0.1704
    outer loop
      vertex 119.602 17.9365 3
      vertex 119.526 17.5516 3
      vertex 122.103 17.2122 18
    endloop
  endfacet
  facet normal -0.963439 0.206585 0.170613
    outer loop
      vertex 122.114 17.2635 18
      vertex 119.602 17.9365 3
      vertex 122.103 17.2122 18
    endloop
  endfacet
  facet normal 0.983732 0.0565363 0.170514
    outer loop
      vertex 125.5 17.16 3
      vertex 122.897 17.2122 18
      vertex 122.9 17.16 18
    endloop
  endfacet
  facet normal 0.983212 0.0652796 0.170393
    outer loop
      vertex 125.474 17.5516 3
      vertex 122.897 17.2122 18
      vertex 125.5 17.16 3
    endloop
  endfacet
  facet normal 0.547746 0.819106 0.170412
    outer loop
      vertex 124 19.7581 3
      vertex 122.744 17.4773 18
      vertex 124.326 19.5401 3
    endloop
  endfacet
  facet normal 0.435642 -0.883838 0.17043
    outer loop
      vertex 124 14.5619 3
      vertex 122.653 16.7904 18
      vertex 123.648 14.3884 3
    endloop
  endfacet
  facet normal -0.877216 -0.448895 0.170248
    outer loop
      vertex 122.13 17.0069 18
      vertex 119.728 16.0119 3
      vertex 122.154 16.96 18
    endloop
  endfacet
  facet normal 0.0644636 0.983259 0.170431
    outer loop
      vertex 122.892 20.1343 3
      vertex 122.5 20.16 3
      vertex 122.552 17.5566 18
    endloop
  endfacet
  facet normal 0.649833 -0.74073 0.170401
    outer loop
      vertex 124.621 15.0387 3
      vertex 122.744 16.8427 18
      vertex 124.326 14.7799 3
    endloop
  endfacet
  facet normal 0.192521 0.966379 0.170433
    outer loop
      vertex 122.892 20.1343 3
      vertex 122.552 17.5566 18
      vertex 123.276 20.0578 3
    endloop
  endfacet
  facet normal -0.933185 -0.316419 0.170423
    outer loop
      vertex 122.13 17.0069 18
      vertex 119.602 16.3835 3
      vertex 119.728 16.0119 3
    endloop
  endfacet
  facet normal 0.819876 -0.546584 0.170436
    outer loop
      vertex 122.846 16.96 18
      vertex 122.817 16.9165 18
      vertex 124.88 15.3337 3
    endloop
  endfacet
  facet normal -0.740479 -0.650115 0.170416
    outer loop
      vertex 122.217 16.8772 18
      vertex 120.12 15.3337 3
      vertex 120.379 15.0387 3
    endloop
  endfacet
  facet normal -0.0644636 -0.983259 0.170431
    outer loop
      vertex 122.5 16.76 18
      vertex 122.108 14.1857 3
      vertex 122.5 14.16 3
    endloop
  endfacet
  facet normal -0.819876 -0.546584 0.170436
    outer loop
      vertex 122.154 16.96 18
      vertex 120.12 15.3337 3
      vertex 122.183 16.9165 18
    endloop
  endfacet
  facet normal -0.883286 -0.436748 0.170462
    outer loop
      vertex 122.154 16.96 18
      vertex 119.728 16.0119 3
      vertex 119.902 15.66 3
    endloop
  endfacet
  facet normal 0.436152 -0.883585 0.170438
    outer loop
      vertex 122.7 16.8136 18
      vertex 122.653 16.7904 18
      vertex 124 14.5619 3
    endloop
  endfacet
  facet normal -0.649833 -0.74073 0.170401
    outer loop
      vertex 122.256 16.8427 18
      vertex 120.379 15.0387 3
      vertex 120.674 14.7799 3
    endloop
  endfacet
  facet normal 0.819873 0.546582 0.170461
    outer loop
      vertex 125.098 18.66 3
      vertex 122.817 17.4035 18
      vertex 122.846 17.36 18
    endloop
  endfacet
  facet normal 0.0644636 -0.983259 0.170431
    outer loop
      vertex 122.5 16.76 18
      vertex 122.5 14.16 3
      vertex 122.892 14.1857 3
    endloop
  endfacet
  facet normal -0.652877 -0.738035 0.170458
    outer loop
      vertex 122.217 16.8772 18
      vertex 120.379 15.0387 3
      vertex 122.256 16.8427 18
    endloop
  endfacet
  facet normal -0.933185 0.316419 0.170423
    outer loop
      vertex 119.728 18.3081 3
      vertex 119.602 17.9365 3
      vertex 122.13 17.3131 18
    endloop
  endfacet
  facet normal -0.819873 0.546582 0.170461
    outer loop
      vertex 122.183 17.4035 18
      vertex 119.902 18.66 3
      vertex 122.154 17.36 18
    endloop
  endfacet
  facet normal 0.883286 -0.436748 0.170462
    outer loop
      vertex 125.272 16.0119 3
      vertex 122.846 16.96 18
      vertex 125.098 15.66 3
    endloop
  endfacet
  facet normal -0.937754 0.302501 0.170615
    outer loop
      vertex 122.13 17.3131 18
      vertex 119.602 17.9365 3
      vertex 122.114 17.2635 18
    endloop
  endfacet
  facet normal 0.316564 0.933136 0.170425
    outer loop
      vertex 123.276 20.0578 3
      vertex 122.653 17.5296 18
      vertex 123.648 19.9316 3
    endloop
  endfacet
  facet normal -0.189668 -0.966937 0.170464
    outer loop
      vertex 122.396 16.7736 18
      vertex 122.108 14.1857 3
      vertex 122.448 16.7634 18
    endloop
  endfacet
  facet normal 0.937754 0.302501 0.170615
    outer loop
      vertex 125.398 17.9365 3
      vertex 122.87 17.3131 18
      vertex 122.886 17.2635 18
    endloop
  endfacet
  facet normal 0.819333 -0.547394 0.17045
    outer loop
      vertex 125.098 15.66 3
      vertex 122.846 16.96 18
      vertex 124.88 15.3337 3
    endloop
  endfacet
  facet normal 0.543559 -0.821876 0.170483
    outer loop
      vertex 122.744 16.8427 18
      vertex 122.7 16.8136 18
      vertex 124 14.5619 3
    endloop
  endfacet
  facet normal 0.547746 -0.819106 0.170412
    outer loop
      vertex 124.326 14.7799 3
      vertex 122.744 16.8427 18
      vertex 124 14.5619 3
    endloop
  endfacet
  facet normal 0.96671 -0.190881 0.1704
    outer loop
      vertex 125.474 16.7684 3
      vertex 122.897 17.1078 18
      vertex 125.398 16.3835 3
    endloop
  endfacet
  facet normal 0.933185 -0.316419 0.170423
    outer loop
      vertex 125.398 16.3835 3
      vertex 122.87 17.0069 18
      vertex 125.272 16.0119 3
    endloop
  endfacet
  facet normal -0.435642 -0.883838 0.17043
    outer loop
      vertex 122.347 16.7904 18
      vertex 121 14.5619 3
      vertex 121.352 14.3884 3
    endloop
  endfacet
  facet normal 0.877216 -0.448895 0.170248
    outer loop
      vertex 122.87 17.0069 18
      vertex 122.846 16.96 18
      vertex 125.272 16.0119 3
    endloop
  endfacet
  facet normal -0.316564 0.933136 0.170425
    outer loop
      vertex 121.724 20.0578 3
      vertex 121.352 19.9316 3
      vertex 122.347 17.5296 18
    endloop
  endfacet
  facet normal 0.543559 0.821876 0.170483
    outer loop
      vertex 124 19.7581 3
      vertex 122.7 17.5064 18
      vertex 122.744 17.4773 18
    endloop
  endfacet
  facet normal -0.819334 0.547394 0.170447
    outer loop
      vertex 120.12 18.9863 3
      vertex 119.902 18.66 3
      vertex 122.183 17.4035 18
    endloop
  endfacet
  facet normal 0.937754 -0.302501 0.170615
    outer loop
      vertex 122.886 17.0565 18
      vertex 122.87 17.0069 18
      vertex 125.398 16.3835 3
    endloop
  endfacet
  facet normal 0.652889 0.738048 0.170354
    outer loop
      vertex 124.326 19.5401 3
      vertex 122.744 17.4773 18
      vertex 122.783 17.4428 18
    endloop
  endfacet
  facet normal -0.0642907 0.98327 0.170433
    outer loop
      vertex 122.5 20.16 3
      vertex 122.448 17.5566 18
      vertex 122.5 17.56 18
    endloop
  endfacet
  facet normal 0.316564 -0.933136 0.170425
    outer loop
      vertex 123.648 14.3884 3
      vertex 122.653 16.7904 18
      vertex 123.276 14.2622 3
    endloop
  endfacet
  facet normal 0.435642 0.883838 0.17043
    outer loop
      vertex 123.648 19.9316 3
      vertex 122.653 17.5296 18
      vertex 124 19.7581 3
    endloop
  endfacet
  facet normal -0.819333 -0.547394 0.17045
    outer loop
      vertex 122.154 16.96 18
      vertex 119.902 15.66 3
      vertex 120.12 15.3337 3
    endloop
  endfacet
  facet normal 0.883293 0.436752 0.170416
    outer loop
      vertex 125.098 18.66 3
      vertex 122.87 17.3131 18
      vertex 125.272 18.3081 3
    endloop
  endfacet
  facet normal 0.96671 0.190881 0.1704
    outer loop
      vertex 125.398 17.9365 3
      vertex 122.897 17.2122 18
      vertex 125.474 17.5516 3
    endloop
  endfacet
  facet normal 0.983212 -0.0652796 0.170393
    outer loop
      vertex 125.5 17.16 3
      vertex 122.897 17.1078 18
      vertex 125.474 16.7684 3
    endloop
  endfacet
  facet normal 0.983732 -0.0565363 0.170514
    outer loop
      vertex 122.9 17.16 18
      vertex 122.897 17.1078 18
      vertex 125.5 17.16 3
    endloop
  endfacet
  facet normal -0.547746 0.819106 0.170412
    outer loop
      vertex 121 19.7581 3
      vertex 120.674 19.5401 3
      vertex 122.256 17.4773 18
    endloop
  endfacet
  facet normal 0.740479 -0.650115 0.170416
    outer loop
      vertex 124.88 15.3337 3
      vertex 122.783 16.8772 18
      vertex 124.621 15.0387 3
    endloop
  endfacet
  facet normal -0.96671 -0.190881 0.1704
    outer loop
      vertex 122.103 17.1078 18
      vertex 119.526 16.7684 3
      vertex 119.602 16.3835 3
    endloop
  endfacet
  facet normal -0.189671 0.96695 0.17039
    outer loop
      vertex 122.448 17.5566 18
      vertex 121.724 20.0578 3
      vertex 122.396 17.5464 18
    endloop
  endfacet
  facet normal -0.983732 0.0565363 0.170514
    outer loop
      vertex 122.103 17.2122 18
      vertex 119.5 17.16 3
      vertex 122.1 17.16 18
    endloop
  endfacet
  facet normal -0.435642 0.883838 0.17043
    outer loop
      vertex 121.352 19.9316 3
      vertex 121 19.7581 3
      vertex 122.347 17.5296 18
    endloop
  endfacet
  facet normal 0.652877 -0.738035 0.170458
    outer loop
      vertex 122.783 16.8772 18
      vertex 122.744 16.8427 18
      vertex 124.621 15.0387 3
    endloop
  endfacet
  facet normal 0.649832 0.740728 0.170415
    outer loop
      vertex 124.326 19.5401 3
      vertex 122.783 17.4428 18
      vertex 124.621 19.2813 3
    endloop
  endfacet
  facet normal 0.740479 0.650115 0.170416
    outer loop
      vertex 124.621 19.2813 3
      vertex 122.783 17.4428 18
      vertex 124.88 18.9863 3
    endloop
  endfacet
  facet normal 0.933185 0.316419 0.170423
    outer loop
      vertex 125.272 18.3081 3
      vertex 122.87 17.3131 18
      vertex 125.398 17.9365 3
    endloop
  endfacet
  facet normal 0.963439 -0.206585 0.170613
    outer loop
      vertex 122.897 17.1078 18
      vertex 122.886 17.0565 18
      vertex 125.398 16.3835 3
    endloop
  endfacet
  facet normal -0.316564 -0.933136 0.170425
    outer loop
      vertex 122.347 16.7904 18
      vertex 121.352 14.3884 3
      vertex 121.724 14.2622 3
    endloop
  endfacet
  facet normal 0.877163 0.448868 0.170593
    outer loop
      vertex 125.098 18.66 3
      vertex 122.846 17.36 18
      vertex 122.87 17.3131 18
    endloop
  endfacet
  facet normal 0.963439 0.206585 0.170613
    outer loop
      vertex 125.398 17.9365 3
      vertex 122.886 17.2635 18
      vertex 122.897 17.2122 18
    endloop
  endfacet
  facet normal -0.883293 0.436752 0.170416
    outer loop
      vertex 119.902 18.66 3
      vertex 119.728 18.3081 3
      vertex 122.13 17.3131 18
    endloop
  endfacet
  facet normal 0.745185 0.644689 0.170515
    outer loop
      vertex 124.88 18.9863 3
      vertex 122.783 17.4428 18
      vertex 122.817 17.4035 18
    endloop
  endfacet
  facet normal 0.745185 -0.644689 0.170515
    outer loop
      vertex 122.817 16.9165 18
      vertex 122.783 16.8772 18
      vertex 124.88 15.3337 3
    endloop
  endfacet
  facet normal -0.547746 -0.819106 0.170412
    outer loop
      vertex 122.256 16.8427 18
      vertex 120.674 14.7799 3
      vertex 121 14.5619 3
    endloop
  endfacet
  facet normal 0.0642907 0.98327 0.170433
    outer loop
      vertex 122.5 20.16 3
      vertex 122.5 17.56 18
      vertex 122.552 17.5566 18
    endloop
  endfacet
  facet normal 0.192521 -0.966381 0.170423
    outer loop
      vertex 123.276 14.2622 3
      vertex 122.604 16.7736 18
      vertex 122.892 14.1857 3
    endloop
  endfacet
  facet normal -0.652889 0.738048 0.170354
    outer loop
      vertex 122.256 17.4773 18
      vertex 120.674 19.5401 3
      vertex 122.217 17.4428 18
    endloop
  endfacet
  facet normal -0.0644636 0.983259 0.170431
    outer loop
      vertex 122.5 20.16 3
      vertex 122.108 20.1343 3
      vertex 122.448 17.5566 18
    endloop
  endfacet
  facet normal -0.192521 0.966379 0.170433
    outer loop
      vertex 122.108 20.1343 3
      vertex 121.724 20.0578 3
      vertex 122.448 17.5566 18
    endloop
  endfacet
  facet normal 0.189671 0.96695 0.17039
    outer loop
      vertex 123.276 20.0578 3
      vertex 122.552 17.5566 18
      vertex 122.604 17.5464 18
    endloop
  endfacet
  facet normal -0.745185 -0.644689 0.170515
    outer loop
      vertex 122.183 16.9165 18
      vertex 120.12 15.3337 3
      vertex 122.217 16.8772 18
    endloop
  endfacet
  facet normal -0.543559 -0.821876 0.170483
    outer loop
      vertex 122.256 16.8427 18
      vertex 121 14.5619 3
      vertex 122.3 16.8136 18
    endloop
  endfacet
  facet normal -0.319582 0.932115 0.170378
    outer loop
      vertex 122.396 17.5464 18
      vertex 121.724 20.0578 3
      vertex 122.347 17.5296 18
    endloop
  endfacet
  facet normal 0.819334 0.547394 0.170447
    outer loop
      vertex 124.88 18.9863 3
      vertex 122.817 17.4035 18
      vertex 125.098 18.66 3
    endloop
  endfacet
  facet normal -0.192521 -0.966381 0.170423
    outer loop
      vertex 122.396 16.7736 18
      vertex 121.724 14.2622 3
      vertex 122.108 14.1857 3
    endloop
  endfacet
  facet normal 0.319582 0.932115 0.170378
    outer loop
      vertex 123.276 20.0578 3
      vertex 122.604 17.5464 18
      vertex 122.653 17.5296 18
    endloop
  endfacet
  facet normal 0.436152 0.883585 0.170438
    outer loop
      vertex 124 19.7581 3
      vertex 122.653 17.5296 18
      vertex 122.7 17.5064 18
    endloop
  endfacet
  facet normal -0.319582 -0.932115 0.170378
    outer loop
      vertex 122.347 16.7904 18
      vertex 121.724 14.2622 3
      vertex 122.396 16.7736 18
    endloop
  endfacet
  facet normal -0.649832 0.740728 0.170415
    outer loop
      vertex 120.674 19.5401 3
      vertex 120.379 19.2813 3
      vertex 122.217 17.4428 18
    endloop
  endfacet
  facet normal -0.740479 0.650115 0.170416
    outer loop
      vertex 120.379 19.2813 3
      vertex 120.12 18.9863 3
      vertex 122.217 17.4428 18
    endloop
  endfacet
  facet normal -0.963439 -0.206585 0.170613
    outer loop
      vertex 122.103 17.1078 18
      vertex 119.602 16.3835 3
      vertex 122.114 17.0565 18
    endloop
  endfacet
  facet normal 0.319582 -0.932115 0.170378
    outer loop
      vertex 122.653 16.7904 18
      vertex 122.604 16.7736 18
      vertex 123.276 14.2622 3
    endloop
  endfacet
  facet normal -0.745185 0.644689 0.170515
    outer loop
      vertex 122.217 17.4428 18
      vertex 120.12 18.9863 3
      vertex 122.183 17.4035 18
    endloop
  endfacet
  facet normal -0.983212 0.0652796 0.170393
    outer loop
      vertex 119.526 17.5516 3
      vertex 119.5 17.16 3
      vertex 122.103 17.2122 18
    endloop
  endfacet
  facet normal -0.877163 0.448868 0.170593
    outer loop
      vertex 122.154 17.36 18
      vertex 119.902 18.66 3
      vertex 122.13 17.3131 18
    endloop
  endfacet
  facet normal -0.436152 -0.883585 0.170438
    outer loop
      vertex 122.3 16.8136 18
      vertex 121 14.5619 3
      vertex 122.347 16.7904 18
    endloop
  endfacet
  facet normal -0.436152 0.883585 0.170438
    outer loop
      vertex 122.347 17.5296 18
      vertex 121 19.7581 3
      vertex 122.3 17.5064 18
    endloop
  endfacet
  facet normal -0.0642908 -0.98327 0.170429
    outer loop
      vertex 122.448 16.7634 18
      vertex 122.108 14.1857 3
      vertex 122.5 16.76 18
    endloop
  endfacet
  facet normal -0.543559 0.821876 0.170483
    outer loop
      vertex 122.3 17.5064 18
      vertex 121 19.7581 3
      vertex 122.256 17.4773 18
    endloop
  endfacet
  facet normal -0.983732 -0.0565363 0.170514
    outer loop
      vertex 122.1 17.16 18
      vertex 119.5 17.16 3
      vertex 122.103 17.1078 18
    endloop
  endfacet
  facet normal -0.983212 -0.0652796 0.170393
    outer loop
      vertex 122.103 17.1078 18
      vertex 119.5 17.16 3
      vertex 119.526 16.7684 3
    endloop
  endfacet
  facet normal 0 0 1
    outer loop
      vertex 122.897 17.2122 18
      vertex 122.897 17.1078 18
      vertex 122.9 17.16 18
    endloop
  endfacet
  facet normal 0 0 1
    outer loop
      vertex 122.886 17.2635 18
      vertex 122.897 17.1078 18
      vertex 122.897 17.2122 18
    endloop
  endfacet
  facet normal 0 0 1
    outer loop
      vertex 122.886 17.2635 18
      vertex 122.886 17.0565 18
      vertex 122.897 17.1078 18
    endloop
  endfacet
  facet normal 0 0 1
    outer loop
      vertex 122.87 17.3131 18
      vertex 122.886 17.0565 18
      vertex 122.886 17.2635 18
    endloop
  endfacet
  facet normal 0 0 1
    outer loop
      vertex 122.87 17.3131 18
      vertex 122.87 17.0069 18
      vertex 122.886 17.0565 18
    endloop
  endfacet
  facet normal 0 0 1
    outer loop
      vertex 122.846 17.36 18
      vertex 122.87 17.0069 18
      vertex 122.87 17.3131 18
    endloop
  endfacet
  facet normal 0 0 1
    outer loop
      vertex 122.846 17.36 18
      vertex 122.846 16.96 18
      vertex 122.87 17.0069 18
    endloop
  endfacet
  facet normal 0 0 1
    outer loop
      vertex 122.817 17.4035 18
      vertex 122.846 16.96 18
      vertex 122.846 17.36 18
    endloop
  endfacet
  facet normal 0 0 1
    outer loop
      vertex 122.817 17.4035 18
      vertex 122.817 16.9165 18
      vertex 122.846 16.96 18
    endloop
  endfacet
  facet normal 0 0 1
    outer loop
      vertex 122.783 17.4428 18
      vertex 122.817 16.9165 18
      vertex 122.817 17.4035 18
    endloop
  endfacet
  facet normal 0 0 1
    outer loop
      vertex 122.783 17.4428 18
      vertex 122.783 16.8772 18
      vertex 122.817 16.9165 18
    endloop
  endfacet
  facet normal 0 0 1
    outer loop
      vertex 122.744 17.4773 18
      vertex 122.783 16.8772 18
      vertex 122.783 17.4428 18
    endloop
  endfacet
  facet normal 0 0 1
    outer loop
      vertex 122.744 17.4773 18
      vertex 122.744 16.8427 18
      vertex 122.783 16.8772 18
    endloop
  endfacet
  facet normal 0 0 1
    outer loop
      vertex 122.7 17.5064 18
      vertex 122.744 16.8427 18
      vertex 122.744 17.4773 18
    endloop
  endfacet
  facet normal 0 0 1
    outer loop
      vertex 122.7 17.5064 18
      vertex 122.7 16.8136 18
      vertex 122.744 16.8427 18
    endloop
  endfacet
  facet normal 0 0 1
    outer loop
      vertex 122.653 17.5296 18
      vertex 122.7 16.8136 18
      vertex 122.7 17.5064 18
    endloop
  endfacet
  facet normal 0 0 1
    outer loop
      vertex 122.653 17.5296 18
      vertex 122.653 16.7904 18
      vertex 122.7 16.8136 18
    endloop
  endfacet
  facet normal 0 0 1
    outer loop
      vertex 122.604 17.5464 18
      vertex 122.653 16.7904 18
      vertex 122.653 17.5296 18
    endloop
  endfacet
  facet normal 0 0 1
    outer loop
      vertex 122.604 17.5464 18
      vertex 122.604 16.7736 18
      vertex 122.653 16.7904 18
    endloop
  endfacet
  facet normal 0 0 1
    outer loop
      vertex 122.552 17.5566 18
      vertex 122.604 16.7736 18
      vertex 122.604 17.5464 18
    endloop
  endfacet
  facet normal 0 0 1
    outer loop
      vertex 122.552 17.5566 18
      vertex 122.552 16.7634 18
      vertex 122.604 16.7736 18
    endloop
  endfacet
  facet normal 0 0 1
    outer loop
      vertex 122.5 17.56 18
      vertex 122.552 16.7634 18
      vertex 122.552 17.5566 18
    endloop
  endfacet
  facet normal 0 0 1
    outer loop
      vertex 122.5 17.56 18
      vertex 122.5 16.76 18
      vertex 122.552 16.7634 18
    endloop
  endfacet
  facet normal -0 0 1
    outer loop
      vertex 122.448 17.5566 18
      vertex 122.5 16.76 18
      vertex 122.5 17.56 18
    endloop
  endfacet
  facet normal 0 0 1
    outer loop
      vertex 122.448 17.5566 18
      vertex 122.448 16.7634 18
      vertex 122.5 16.76 18
    endloop
  endfacet
  facet normal -0 0 1
    outer loop
      vertex 122.396 17.5464 18
      vertex 122.448 16.7634 18
      vertex 122.448 17.5566 18
    endloop
  endfacet
  facet normal 0 0 1
    outer loop
      vertex 122.396 17.5464 18
      vertex 122.396 16.7736 18
      vertex 122.448 16.7634 18
    endloop
  endfacet
  facet normal -0 0 1
    outer loop
      vertex 122.347 17.5296 18
      vertex 122.396 16.7736 18
      vertex 122.396 17.5464 18
    endloop
  endfacet
  facet normal 0 0 1
    outer loop
      vertex 122.347 17.5296 18
      vertex 122.347 16.7904 18
      vertex 122.396 16.7736 18
    endloop
  endfacet
  facet normal -0 0 1
    outer loop
      vertex 122.3 17.5064 18
      vertex 122.347 16.7904 18
      vertex 122.347 17.5296 18
    endloop
  endfacet
  facet normal 0 0 1
    outer loop
      vertex 122.3 17.5064 18
      vertex 122.3 16.8136 18
      vertex 122.347 16.7904 18
    endloop
  endfacet
  facet normal -0 0 1
    outer loop
      vertex 122.256 17.4773 18
      vertex 122.3 16.8136 18
      vertex 122.3 17.5064 18
    endloop
  endfacet
  facet normal 0 0 1
    outer loop
      vertex 122.256 17.4773 18
      vertex 122.256 16.8427 18
      vertex 122.3 16.8136 18
    endloop
  endfacet
  facet normal -0 0 1
    outer loop
      vertex 122.217 17.4428 18
      vertex 122.256 16.8427 18
      vertex 122.256 17.4773 18
    endloop
  endfacet
  facet normal 0 0 1
    outer loop
      vertex 122.217 17.4428 18
      vertex 122.217 16.8772 18
      vertex 122.256 16.8427 18
    endloop
  endfacet
  facet normal -0 0 1
    outer loop
      vertex 122.183 17.4035 18
      vertex 122.217 16.8772 18
      vertex 122.217 17.4428 18
    endloop
  endfacet
  facet normal 0 0 1
    outer loop
      vertex 122.183 17.4035 18
      vertex 122.183 16.9165 18
      vertex 122.217 16.8772 18
    endloop
  endfacet
  facet normal -0 0 1
    outer loop
      vertex 122.154 17.36 18
      vertex 122.183 16.9165 18
      vertex 122.183 17.4035 18
    endloop
  endfacet
  facet normal 0 0 1
    outer loop
      vertex 122.154 17.36 18
      vertex 122.154 16.96 18
      vertex 122.183 16.9165 18
    endloop
  endfacet
  facet normal -0 0 1
    outer loop
      vertex 122.13 17.3131 18
      vertex 122.154 16.96 18
      vertex 122.154 17.36 18
    endloop
  endfacet
  facet normal 0 0 1
    outer loop
      vertex 122.13 17.3131 18
      vertex 122.13 17.0069 18
      vertex 122.154 16.96 18
    endloop
  endfacet
  facet normal -0 0 1
    outer loop
      vertex 122.114 17.2635 18
      vertex 122.13 17.0069 18
      vertex 122.13 17.3131 18
    endloop
  endfacet
  facet normal 0 0 1
    outer loop
      vertex 122.114 17.2635 18
      vertex 122.114 17.0565 18
      vertex 122.13 17.0069 18
    endloop
  endfacet
  facet normal -0 0 1
    outer loop
      vertex 122.103 17.2122 18
      vertex 122.114 17.0565 18
      vertex 122.114 17.2635 18
    endloop
  endfacet
  facet normal 0 0 1
    outer loop
      vertex 122.103 17.2122 18
      vertex 122.103 17.1078 18
      vertex 122.114 17.0565 18
    endloop
  endfacet
  facet normal 0 -0 1
    outer loop
      vertex 122.103 17.1078 18
      vertex 122.103 17.2122 18
      vertex 122.1 17.16 18
    endloop
  endfacet
  facet normal -0.937754 -0.302501 0.170615
    outer loop
      vertex 122.114 17.0565 18
      vertex 119.602 16.3835 3
      vertex 122.13 17.0069 18
    endloop
  endfacet
  facet normal 0.0642908 -0.98327 0.170429
    outer loop
      vertex 122.552 16.7634 18
      vertex 122.5 16.76 18
      vertex 122.892 14.1857 3
    endloop
  endfacet
  facet normal 0.189668 -0.966937 0.170464
    outer loop
      vertex 122.604 16.7736 18
      vertex 122.552 16.7634 18
      vertex 122.892 14.1857 3
    endloop
  endfacet
  facet normal -0.96671 0.190881 0.1704
    outer loop
      vertex 132.602 17.9365 3
      vertex 132.526 17.5516 3
      vertex 135.103 17.2122 18
    endloop
  endfacet
  facet normal -0.963439 0.206585 0.170613
    outer loop
      vertex 135.114 17.2635 18
      vertex 132.602 17.9365 3
      vertex 135.103 17.2122 18
    endloop
  endfacet
  facet normal 0.983732 0.0565363 0.170514
    outer loop
      vertex 138.5 17.16 3
      vertex 135.897 17.2122 18
      vertex 135.9 17.16 18
    endloop
  endfacet
  facet normal 0.983212 0.0652796 0.170393
    outer loop
      vertex 138.474 17.5516 3
      vertex 135.897 17.2122 18
      vertex 138.5 17.16 3
    endloop
  endfacet
  facet normal 0.547742 0.819101 0.170448
    outer loop
      vertex 137 19.7581 3
      vertex 135.743 17.4773 18
      vertex 137.326 19.5401 3
    endloop
  endfacet
  facet normal 0.435642 -0.883838 0.17043
    outer loop
      vertex 137 14.5619 3
      vertex 135.653 16.7904 18
      vertex 136.648 14.3884 3
    endloop
  endfacet
  facet normal -0.877216 -0.448895 0.170248
    outer loop
      vertex 135.13 17.0069 18
      vertex 132.728 16.0119 3
      vertex 135.154 16.96 18
    endloop
  endfacet
  facet normal 0.0644636 0.983259 0.170431
    outer loop
      vertex 135.892 20.1343 3
      vertex 135.5 20.16 3
      vertex 135.552 17.5566 18
    endloop
  endfacet
  facet normal 0.649828 -0.740724 0.170443
    outer loop
      vertex 137.621 15.0387 3
      vertex 135.743 16.8427 18
      vertex 137.326 14.7799 3
    endloop
  endfacet
  facet normal 0.192521 0.966379 0.170433
    outer loop
      vertex 135.892 20.1343 3
      vertex 135.552 17.5566 18
      vertex 136.276 20.0578 3
    endloop
  endfacet
  facet normal -0.933185 -0.316419 0.170423
    outer loop
      vertex 135.13 17.0069 18
      vertex 132.602 16.3835 3
      vertex 132.728 16.0119 3
    endloop
  endfacet
  facet normal 0.819876 -0.546584 0.170436
    outer loop
      vertex 135.846 16.96 18
      vertex 135.817 16.9165 18
      vertex 137.88 15.3337 3
    endloop
  endfacet
  facet normal -0.740479 -0.650115 0.170416
    outer loop
      vertex 135.217 16.8772 18
      vertex 133.12 15.3337 3
      vertex 133.379 15.0387 3
    endloop
  endfacet
  facet normal -0.0644636 -0.983259 0.170431
    outer loop
      vertex 135.5 16.76 18
      vertex 135.108 14.1857 3
      vertex 135.5 14.16 3
    endloop
  endfacet
  facet normal -0.819876 -0.546584 0.170436
    outer loop
      vertex 135.154 16.96 18
      vertex 133.12 15.3337 3
      vertex 135.183 16.9165 18
    endloop
  endfacet
  facet normal -0.883286 -0.436748 0.170462
    outer loop
      vertex 135.154 16.96 18
      vertex 132.728 16.0119 3
      vertex 132.902 15.66 3
    endloop
  endfacet
  facet normal 0.436152 -0.883585 0.170438
    outer loop
      vertex 135.7 16.8136 18
      vertex 135.653 16.7904 18
      vertex 137 14.5619 3
    endloop
  endfacet
  facet normal -0.649828 -0.740724 0.170443
    outer loop
      vertex 135.257 16.8427 18
      vertex 133.379 15.0387 3
      vertex 133.674 14.7799 3
    endloop
  endfacet
  facet normal 0.819873 0.546582 0.170461
    outer loop
      vertex 138.098 18.66 3
      vertex 135.817 17.4035 18
      vertex 135.846 17.36 18
    endloop
  endfacet
  facet normal 0.0644636 -0.983259 0.170431
    outer loop
      vertex 135.5 16.76 18
      vertex 135.5 14.16 3
      vertex 135.892 14.1857 3
    endloop
  endfacet
  facet normal -0.643584 -0.746184 0.170318
    outer loop
      vertex 135.217 16.8772 18
      vertex 133.379 15.0387 3
      vertex 135.257 16.8427 18
    endloop
  endfacet
  facet normal -0.933185 0.316419 0.170423
    outer loop
      vertex 132.728 18.3081 3
      vertex 132.602 17.9365 3
      vertex 135.13 17.3131 18
    endloop
  endfacet
  facet normal -0.819873 0.546582 0.170461
    outer loop
      vertex 135.183 17.4035 18
      vertex 132.902 18.66 3
      vertex 135.154 17.36 18
    endloop
  endfacet
  facet normal 0.883286 -0.436748 0.170462
    outer loop
      vertex 138.272 16.0119 3
      vertex 135.846 16.96 18
      vertex 138.098 15.66 3
    endloop
  endfacet
  facet normal -0.937754 0.302501 0.170615
    outer loop
      vertex 135.13 17.3131 18
      vertex 132.602 17.9365 3
      vertex 135.114 17.2635 18
    endloop
  endfacet
  facet normal 0.316564 0.933136 0.170425
    outer loop
      vertex 136.276 20.0578 3
      vertex 135.653 17.5296 18
      vertex 136.648 19.9316 3
    endloop
  endfacet
  facet normal -0.189668 -0.966937 0.170464
    outer loop
      vertex 135.396 16.7736 18
      vertex 135.108 14.1857 3
      vertex 135.448 16.7634 18
    endloop
  endfacet
  facet normal 0.937754 0.302501 0.170615
    outer loop
      vertex 138.398 17.9365 3
      vertex 135.87 17.3131 18
      vertex 135.886 17.2635 18
    endloop
  endfacet
  facet normal 0.819333 -0.547394 0.17045
    outer loop
      vertex 138.098 15.66 3
      vertex 135.846 16.96 18
      vertex 137.88 15.3337 3
    endloop
  endfacet
  facet normal 0.552271 -0.816071 0.170367
    outer loop
      vertex 135.743 16.8427 18
      vertex 135.7 16.8136 18
      vertex 137 14.5619 3
    endloop
  endfacet
  facet normal 0.547742 -0.819101 0.170448
    outer loop
      vertex 137.326 14.7799 3
      vertex 135.743 16.8427 18
      vertex 137 14.5619 3
    endloop
  endfacet
  facet normal 0.96671 -0.190881 0.1704
    outer loop
      vertex 138.474 16.7684 3
      vertex 135.897 17.1078 18
      vertex 138.398 16.3835 3
    endloop
  endfacet
  facet normal 0.933185 -0.316419 0.170423
    outer loop
      vertex 138.398 16.3835 3
      vertex 135.87 17.0069 18
      vertex 138.272 16.0119 3
    endloop
  endfacet
  facet normal -0.435642 -0.883838 0.17043
    outer loop
      vertex 135.347 16.7904 18
      vertex 134 14.5619 3
      vertex 134.352 14.3884 3
    endloop
  endfacet
  facet normal 0.877216 -0.448895 0.170248
    outer loop
      vertex 135.87 17.0069 18
      vertex 135.846 16.96 18
      vertex 138.272 16.0119 3
    endloop
  endfacet
  facet normal -0.316564 0.933136 0.170425
    outer loop
      vertex 134.724 20.0578 3
      vertex 134.352 19.9316 3
      vertex 135.347 17.5296 18
    endloop
  endfacet
  facet normal 0.552271 0.816071 0.170367
    outer loop
      vertex 137 19.7581 3
      vertex 135.7 17.5064 18
      vertex 135.743 17.4773 18
    endloop
  endfacet
  facet normal -0.819334 0.547394 0.170447
    outer loop
      vertex 133.12 18.9863 3
      vertex 132.902 18.66 3
      vertex 135.183 17.4035 18
    endloop
  endfacet
  facet normal 0.937754 -0.302501 0.170615
    outer loop
      vertex 135.886 17.0565 18
      vertex 135.87 17.0069 18
      vertex 138.398 16.3835 3
    endloop
  endfacet
  facet normal 0.64356 0.746157 0.170529
    outer loop
      vertex 137.326 19.5401 3
      vertex 135.743 17.4773 18
      vertex 135.783 17.4428 18
    endloop
  endfacet
  facet normal -0.0642907 0.98327 0.170433
    outer loop
      vertex 135.5 20.16 3
      vertex 135.448 17.5566 18
      vertex 135.5 17.56 18
    endloop
  endfacet
  facet normal 0.316564 -0.933136 0.170425
    outer loop
      vertex 136.648 14.3884 3
      vertex 135.653 16.7904 18
      vertex 136.276 14.2622 3
    endloop
  endfacet
  facet normal 0.435642 0.883838 0.17043
    outer loop
      vertex 136.648 19.9316 3
      vertex 135.653 17.5296 18
      vertex 137 19.7581 3
    endloop
  endfacet
  facet normal -0.819333 -0.547394 0.17045
    outer loop
      vertex 135.154 16.96 18
      vertex 132.902 15.66 3
      vertex 133.12 15.3337 3
    endloop
  endfacet
  facet normal 0.883293 0.436752 0.170416
    outer loop
      vertex 138.098 18.66 3
      vertex 135.87 17.3131 18
      vertex 138.272 18.3081 3
    endloop
  endfacet
  facet normal 0.96671 0.190881 0.1704
    outer loop
      vertex 138.398 17.9365 3
      vertex 135.897 17.2122 18
      vertex 138.474 17.5516 3
    endloop
  endfacet
  facet normal 0.983212 -0.0652796 0.170393
    outer loop
      vertex 138.5 17.16 3
      vertex 135.897 17.1078 18
      vertex 138.474 16.7684 3
    endloop
  endfacet
  facet normal 0.983732 -0.0565363 0.170514
    outer loop
      vertex 135.9 17.16 18
      vertex 135.897 17.1078 18
      vertex 138.5 17.16 3
    endloop
  endfacet
  facet normal -0.547742 0.819101 0.170448
    outer loop
      vertex 134 19.7581 3
      vertex 133.674 19.5401 3
      vertex 135.257 17.4773 18
    endloop
  endfacet
  facet normal 0.740479 -0.650115 0.170416
    outer loop
      vertex 137.88 15.3337 3
      vertex 135.783 16.8772 18
      vertex 137.621 15.0387 3
    endloop
  endfacet
  facet normal -0.96671 -0.190881 0.1704
    outer loop
      vertex 135.103 17.1078 18
      vertex 132.526 16.7684 3
      vertex 132.602 16.3835 3
    endloop
  endfacet
  facet normal -0.189671 0.96695 0.17039
    outer loop
      vertex 135.448 17.5566 18
      vertex 134.724 20.0578 3
      vertex 135.396 17.5464 18
    endloop
  endfacet
  facet normal -0.983732 0.0565363 0.170514
    outer loop
      vertex 135.103 17.2122 18
      vertex 132.5 17.16 3
      vertex 135.1 17.16 18
    endloop
  endfacet
  facet normal -0.435642 0.883838 0.17043
    outer loop
      vertex 134.352 19.9316 3
      vertex 134 19.7581 3
      vertex 135.347 17.5296 18
    endloop
  endfacet
  facet normal 0.643584 -0.746184 0.170318
    outer loop
      vertex 135.783 16.8772 18
      vertex 135.743 16.8427 18
      vertex 137.621 15.0387 3
    endloop
  endfacet
  facet normal 0.649832 0.740728 0.170415
    outer loop
      vertex 137.326 19.5401 3
      vertex 135.783 17.4428 18
      vertex 137.621 19.2813 3
    endloop
  endfacet
  facet normal 0.740479 0.650115 0.170416
    outer loop
      vertex 137.621 19.2813 3
      vertex 135.783 17.4428 18
      vertex 137.88 18.9863 3
    endloop
  endfacet
  facet normal 0.933185 0.316419 0.170423
    outer loop
      vertex 138.272 18.3081 3
      vertex 135.87 17.3131 18
      vertex 138.398 17.9365 3
    endloop
  endfacet
  facet normal 0.963439 -0.206585 0.170613
    outer loop
      vertex 135.897 17.1078 18
      vertex 135.886 17.0565 18
      vertex 138.398 16.3835 3
    endloop
  endfacet
  facet normal -0.316564 -0.933136 0.170425
    outer loop
      vertex 135.347 16.7904 18
      vertex 134.352 14.3884 3
      vertex 134.724 14.2622 3
    endloop
  endfacet
  facet normal 0.877163 0.448868 0.170593
    outer loop
      vertex 138.098 18.66 3
      vertex 135.846 17.36 18
      vertex 135.87 17.3131 18
    endloop
  endfacet
  facet normal 0.963439 0.206585 0.170613
    outer loop
      vertex 138.398 17.9365 3
      vertex 135.886 17.2635 18
      vertex 135.897 17.2122 18
    endloop
  endfacet
  facet normal -0.883293 0.436752 0.170416
    outer loop
      vertex 132.902 18.66 3
      vertex 132.728 18.3081 3
      vertex 135.13 17.3131 18
    endloop
  endfacet
  facet normal 0.745185 0.644689 0.170515
    outer loop
      vertex 137.88 18.9863 3
      vertex 135.783 17.4428 18
      vertex 135.817 17.4035 18
    endloop
  endfacet
  facet normal 0.745185 -0.644689 0.170515
    outer loop
      vertex 135.817 16.9165 18
      vertex 135.783 16.8772 18
      vertex 137.88 15.3337 3
    endloop
  endfacet
  facet normal -0.547742 -0.819101 0.170448
    outer loop
      vertex 135.257 16.8427 18
      vertex 133.674 14.7799 3
      vertex 134 14.5619 3
    endloop
  endfacet
  facet normal 0.0642907 0.98327 0.170433
    outer loop
      vertex 135.5 20.16 3
      vertex 135.5 17.56 18
      vertex 135.552 17.5566 18
    endloop
  endfacet
  facet normal 0.192521 -0.966381 0.170423
    outer loop
      vertex 136.276 14.2622 3
      vertex 135.604 16.7736 18
      vertex 135.892 14.1857 3
    endloop
  endfacet
  facet normal -0.64356 0.746157 0.170529
    outer loop
      vertex 135.257 17.4773 18
      vertex 133.674 19.5401 3
      vertex 135.217 17.4428 18
    endloop
  endfacet
  facet normal -0.0644636 0.983259 0.170431
    outer loop
      vertex 135.5 20.16 3
      vertex 135.108 20.1343 3
      vertex 135.448 17.5566 18
    endloop
  endfacet
  facet normal -0.192521 0.966379 0.170433
    outer loop
      vertex 135.108 20.1343 3
      vertex 134.724 20.0578 3
      vertex 135.448 17.5566 18
    endloop
  endfacet
  facet normal 0.189671 0.96695 0.17039
    outer loop
      vertex 136.276 20.0578 3
      vertex 135.552 17.5566 18
      vertex 135.604 17.5464 18
    endloop
  endfacet
  facet normal -0.745185 -0.644689 0.170515
    outer loop
      vertex 135.183 16.9165 18
      vertex 133.12 15.3337 3
      vertex 135.217 16.8772 18
    endloop
  endfacet
  facet normal -0.552271 -0.816071 0.170367
    outer loop
      vertex 135.257 16.8427 18
      vertex 134 14.5619 3
      vertex 135.3 16.8136 18
    endloop
  endfacet
  facet normal -0.319582 0.932115 0.170378
    outer loop
      vertex 135.396 17.5464 18
      vertex 134.724 20.0578 3
      vertex 135.347 17.5296 18
    endloop
  endfacet
  facet normal 0.819334 0.547394 0.170447
    outer loop
      vertex 137.88 18.9863 3
      vertex 135.817 17.4035 18
      vertex 138.098 18.66 3
    endloop
  endfacet
  facet normal -0.192521 -0.966381 0.170423
    outer loop
      vertex 135.396 16.7736 18
      vertex 134.724 14.2622 3
      vertex 135.108 14.1857 3
    endloop
  endfacet
  facet normal 0.319582 0.932115 0.170378
    outer loop
      vertex 136.276 20.0578 3
      vertex 135.604 17.5464 18
      vertex 135.653 17.5296 18
    endloop
  endfacet
  facet normal 0.436152 0.883585 0.170438
    outer loop
      vertex 137 19.7581 3
      vertex 135.653 17.5296 18
      vertex 135.7 17.5064 18
    endloop
  endfacet
  facet normal -0.319582 -0.932115 0.170378
    outer loop
      vertex 135.347 16.7904 18
      vertex 134.724 14.2622 3
      vertex 135.396 16.7736 18
    endloop
  endfacet
  facet normal -0.649832 0.740728 0.170415
    outer loop
      vertex 133.674 19.5401 3
      vertex 133.379 19.2813 3
      vertex 135.217 17.4428 18
    endloop
  endfacet
  facet normal -0.740479 0.650115 0.170416
    outer loop
      vertex 133.379 19.2813 3
      vertex 133.12 18.9863 3
      vertex 135.217 17.4428 18
    endloop
  endfacet
  facet normal -0.963439 -0.206585 0.170613
    outer loop
      vertex 135.103 17.1078 18
      vertex 132.602 16.3835 3
      vertex 135.114 17.0565 18
    endloop
  endfacet
  facet normal 0.319582 -0.932115 0.170378
    outer loop
      vertex 135.653 16.7904 18
      vertex 135.604 16.7736 18
      vertex 136.276 14.2622 3
    endloop
  endfacet
  facet normal -0.745185 0.644689 0.170515
    outer loop
      vertex 135.217 17.4428 18
      vertex 133.12 18.9863 3
      vertex 135.183 17.4035 18
    endloop
  endfacet
  facet normal -0.983212 0.0652796 0.170393
    outer loop
      vertex 132.526 17.5516 3
      vertex 132.5 17.16 3
      vertex 135.103 17.2122 18
    endloop
  endfacet
  facet normal -0.877163 0.448868 0.170593
    outer loop
      vertex 135.154 17.36 18
      vertex 132.902 18.66 3
      vertex 135.13 17.3131 18
    endloop
  endfacet
  facet normal -0.436152 -0.883585 0.170438
    outer loop
      vertex 135.3 16.8136 18
      vertex 134 14.5619 3
      vertex 135.347 16.7904 18
    endloop
  endfacet
  facet normal -0.436152 0.883585 0.170438
    outer loop
      vertex 135.347 17.5296 18
      vertex 134 19.7581 3
      vertex 135.3 17.5064 18
    endloop
  endfacet
  facet normal -0.0642908 -0.98327 0.170429
    outer loop
      vertex 135.448 16.7634 18
      vertex 135.108 14.1857 3
      vertex 135.5 16.76 18
    endloop
  endfacet
  facet normal -0.552271 0.816071 0.170367
    outer loop
      vertex 135.3 17.5064 18
      vertex 134 19.7581 3
      vertex 135.257 17.4773 18
    endloop
  endfacet
  facet normal -0.983732 -0.0565363 0.170514
    outer loop
      vertex 135.1 17.16 18
      vertex 132.5 17.16 3
      vertex 135.103 17.1078 18
    endloop
  endfacet
  facet normal -0.983212 -0.0652796 0.170393
    outer loop
      vertex 135.103 17.1078 18
      vertex 132.5 17.16 3
      vertex 132.526 16.7684 3
    endloop
  endfacet
  facet normal 0 0 1
    outer loop
      vertex 135.897 17.2122 18
      vertex 135.897 17.1078 18
      vertex 135.9 17.16 18
    endloop
  endfacet
  facet normal 0 0 1
    outer loop
      vertex 135.886 17.2635 18
      vertex 135.897 17.1078 18
      vertex 135.897 17.2122 18
    endloop
  endfacet
  facet normal 0 0 1
    outer loop
      vertex 135.886 17.2635 18
      vertex 135.886 17.0565 18
      vertex 135.897 17.1078 18
    endloop
  endfacet
  facet normal 0 0 1
    outer loop
      vertex 135.87 17.3131 18
      vertex 135.886 17.0565 18
      vertex 135.886 17.2635 18
    endloop
  endfacet
  facet normal 0 0 1
    outer loop
      vertex 135.87 17.3131 18
      vertex 135.87 17.0069 18
      vertex 135.886 17.0565 18
    endloop
  endfacet
  facet normal 0 0 1
    outer loop
      vertex 135.846 17.36 18
      vertex 135.87 17.0069 18
      vertex 135.87 17.3131 18
    endloop
  endfacet
  facet normal 0 0 1
    outer loop
      vertex 135.846 17.36 18
      vertex 135.846 16.96 18
      vertex 135.87 17.0069 18
    endloop
  endfacet
  facet normal 0 0 1
    outer loop
      vertex 135.817 17.4035 18
      vertex 135.846 16.96 18
      vertex 135.846 17.36 18
    endloop
  endfacet
  facet normal 0 0 1
    outer loop
      vertex 135.817 17.4035 18
      vertex 135.817 16.9165 18
      vertex 135.846 16.96 18
    endloop
  endfacet
  facet normal 0 0 1
    outer loop
      vertex 135.783 17.4428 18
      vertex 135.817 16.9165 18
      vertex 135.817 17.4035 18
    endloop
  endfacet
  facet normal 0 0 1
    outer loop
      vertex 135.783 17.4428 18
      vertex 135.783 16.8772 18
      vertex 135.817 16.9165 18
    endloop
  endfacet
  facet normal 0 0 1
    outer loop
      vertex 135.743 17.4773 18
      vertex 135.783 16.8772 18
      vertex 135.783 17.4428 18
    endloop
  endfacet
  facet normal 0 0 1
    outer loop
      vertex 135.743 17.4773 18
      vertex 135.743 16.8427 18
      vertex 135.783 16.8772 18
    endloop
  endfacet
  facet normal 0 0 1
    outer loop
      vertex 135.7 17.5064 18
      vertex 135.743 16.8427 18
      vertex 135.743 17.4773 18
    endloop
  endfacet
  facet normal 0 0 1
    outer loop
      vertex 135.7 17.5064 18
      vertex 135.7 16.8136 18
      vertex 135.743 16.8427 18
    endloop
  endfacet
  facet normal 0 0 1
    outer loop
      vertex 135.653 17.5296 18
      vertex 135.7 16.8136 18
      vertex 135.7 17.5064 18
    endloop
  endfacet
  facet normal 0 0 1
    outer loop
      vertex 135.653 17.5296 18
      vertex 135.653 16.7904 18
      vertex 135.7 16.8136 18
    endloop
  endfacet
  facet normal 0 0 1
    outer loop
      vertex 135.604 17.5464 18
      vertex 135.653 16.7904 18
      vertex 135.653 17.5296 18
    endloop
  endfacet
  facet normal 0 0 1
    outer loop
      vertex 135.604 17.5464 18
      vertex 135.604 16.7736 18
      vertex 135.653 16.7904 18
    endloop
  endfacet
  facet normal 0 0 1
    outer loop
      vertex 135.552 17.5566 18
      vertex 135.604 16.7736 18
      vertex 135.604 17.5464 18
    endloop
  endfacet
  facet normal 0 0 1
    outer loop
      vertex 135.552 17.5566 18
      vertex 135.552 16.7634 18
      vertex 135.604 16.7736 18
    endloop
  endfacet
  facet normal 0 0 1
    outer loop
      vertex 135.5 17.56 18
      vertex 135.552 16.7634 18
      vertex 135.552 17.5566 18
    endloop
  endfacet
  facet normal 0 0 1
    outer loop
      vertex 135.5 17.56 18
      vertex 135.5 16.76 18
      vertex 135.552 16.7634 18
    endloop
  endfacet
  facet normal -0 0 1
    outer loop
      vertex 135.448 17.5566 18
      vertex 135.5 16.76 18
      vertex 135.5 17.56 18
    endloop
  endfacet
  facet normal 0 0 1
    outer loop
      vertex 135.448 17.5566 18
      vertex 135.448 16.7634 18
      vertex 135.5 16.76 18
    endloop
  endfacet
  facet normal -0 0 1
    outer loop
      vertex 135.396 17.5464 18
      vertex 135.448 16.7634 18
      vertex 135.448 17.5566 18
    endloop
  endfacet
  facet normal 0 0 1
    outer loop
      vertex 135.396 17.5464 18
      vertex 135.396 16.7736 18
      vertex 135.448 16.7634 18
    endloop
  endfacet
  facet normal -0 0 1
    outer loop
      vertex 135.347 17.5296 18
      vertex 135.396 16.7736 18
      vertex 135.396 17.5464 18
    endloop
  endfacet
  facet normal 0 0 1
    outer loop
      vertex 135.347 17.5296 18
      vertex 135.347 16.7904 18
      vertex 135.396 16.7736 18
    endloop
  endfacet
  facet normal -0 0 1
    outer loop
      vertex 135.3 17.5064 18
      vertex 135.347 16.7904 18
      vertex 135.347 17.5296 18
    endloop
  endfacet
  facet normal 0 0 1
    outer loop
      vertex 135.3 17.5064 18
      vertex 135.3 16.8136 18
      vertex 135.347 16.7904 18
    endloop
  endfacet
  facet normal -0 0 1
    outer loop
      vertex 135.257 17.4773 18
      vertex 135.3 16.8136 18
      vertex 135.3 17.5064 18
    endloop
  endfacet
  facet normal 0 0 1
    outer loop
      vertex 135.257 17.4773 18
      vertex 135.257 16.8427 18
      vertex 135.3 16.8136 18
    endloop
  endfacet
  facet normal -0 0 1
    outer loop
      vertex 135.217 17.4428 18
      vertex 135.257 16.8427 18
      vertex 135.257 17.4773 18
    endloop
  endfacet
  facet normal 0 0 1
    outer loop
      vertex 135.217 17.4428 18
      vertex 135.217 16.8772 18
      vertex 135.257 16.8427 18
    endloop
  endfacet
  facet normal -0 0 1
    outer loop
      vertex 135.183 17.4035 18
      vertex 135.217 16.8772 18
      vertex 135.217 17.4428 18
    endloop
  endfacet
  facet normal 0 0 1
    outer loop
      vertex 135.183 17.4035 18
      vertex 135.183 16.9165 18
      vertex 135.217 16.8772 18
    endloop
  endfacet
  facet normal -0 0 1
    outer loop
      vertex 135.154 17.36 18
      vertex 135.183 16.9165 18
      vertex 135.183 17.4035 18
    endloop
  endfacet
  facet normal 0 0 1
    outer loop
      vertex 135.154 17.36 18
      vertex 135.154 16.96 18
      vertex 135.183 16.9165 18
    endloop
  endfacet
  facet normal -0 0 1
    outer loop
      vertex 135.13 17.3131 18
      vertex 135.154 16.96 18
      vertex 135.154 17.36 18
    endloop
  endfacet
  facet normal 0 0 1
    outer loop
      vertex 135.13 17.3131 18
      vertex 135.13 17.0069 18
      vertex 135.154 16.96 18
    endloop
  endfacet
  facet normal -0 0 1
    outer loop
      vertex 135.114 17.2635 18
      vertex 135.13 17.0069 18
      vertex 135.13 17.3131 18
    endloop
  endfacet
  facet normal 0 0 1
    outer loop
      vertex 135.114 17.2635 18
      vertex 135.114 17.0565 18
      vertex 135.13 17.0069 18
    endloop
  endfacet
  facet normal -0 0 1
    outer loop
      vertex 135.103 17.2122 18
      vertex 135.114 17.0565 18
      vertex 135.114 17.2635 18
    endloop
  endfacet
  facet normal 0 0 1
    outer loop
      vertex 135.103 17.2122 18
      vertex 135.103 17.1078 18
      vertex 135.114 17.0565 18
    endloop
  endfacet
  facet normal 0 -0 1
    outer loop
      vertex 135.103 17.1078 18
      vertex 135.103 17.2122 18
      vertex 135.1 17.16 18
    endloop
  endfacet
  facet normal -0.937754 -0.302501 0.170615
    outer loop
      vertex 135.114 17.0565 18
      vertex 132.602 16.3835 3
      vertex 135.13 17.0069 18
    endloop
  endfacet
  facet normal 0.0642908 -0.98327 0.170429
    outer loop
      vertex 135.552 16.7634 18
      vertex 135.5 16.76 18
      vertex 135.892 14.1857 3
    endloop
  endfacet
  facet normal 0.189668 -0.966937 0.170464
    outer loop
      vertex 135.604 16.7736 18
      vertex 135.552 16.7634 18
      vertex 135.892 14.1857 3
    endloop
  endfacet
  facet normal -0.96671 0.190881 0.1704
    outer loop
      vertex 145.602 17.9365 3
      vertex 145.526 17.5516 3
      vertex 148.103 17.2122 18
    endloop
  endfacet
  facet normal -0.963439 0.206585 0.170613
    outer loop
      vertex 148.114 17.2635 18
      vertex 145.602 17.9365 3
      vertex 148.103 17.2122 18
    endloop
  endfacet
  facet normal 0.983732 0.0565363 0.170514
    outer loop
      vertex 151.5 17.16 3
      vertex 148.897 17.2122 18
      vertex 148.9 17.16 18
    endloop
  endfacet
  facet normal 0.983212 0.0652796 0.170393
    outer loop
      vertex 151.474 17.5516 3
      vertex 148.897 17.2122 18
      vertex 151.5 17.16 3
    endloop
  endfacet
  facet normal 0.547742 0.819101 0.170448
    outer loop
      vertex 150 19.7581 3
      vertex 148.743 17.4773 18
      vertex 150.326 19.5401 3
    endloop
  endfacet
  facet normal 0.435642 -0.883838 0.17043
    outer loop
      vertex 150 14.5619 3
      vertex 148.653 16.7904 18
      vertex 149.648 14.3884 3
    endloop
  endfacet
  facet normal -0.877216 -0.448895 0.170248
    outer loop
      vertex 148.13 17.0069 18
      vertex 145.728 16.0119 3
      vertex 148.154 16.96 18
    endloop
  endfacet
  facet normal 0.0644636 0.983259 0.170431
    outer loop
      vertex 148.892 20.1343 3
      vertex 148.5 20.16 3
      vertex 148.552 17.5566 18
    endloop
  endfacet
  facet normal 0.649828 -0.740724 0.170443
    outer loop
      vertex 150.621 15.0387 3
      vertex 148.743 16.8427 18
      vertex 150.326 14.7799 3
    endloop
  endfacet
  facet normal 0.192521 0.966379 0.170433
    outer loop
      vertex 148.892 20.1343 3
      vertex 148.552 17.5566 18
      vertex 149.276 20.0578 3
    endloop
  endfacet
  facet normal -0.933185 -0.316419 0.170423
    outer loop
      vertex 148.13 17.0069 18
      vertex 145.602 16.3835 3
      vertex 145.728 16.0119 3
    endloop
  endfacet
  facet normal 0.819876 -0.546584 0.170436
    outer loop
      vertex 148.846 16.96 18
      vertex 148.817 16.9165 18
      vertex 150.88 15.3337 3
    endloop
  endfacet
  facet normal -0.740479 -0.650115 0.170416
    outer loop
      vertex 148.217 16.8772 18
      vertex 146.12 15.3337 3
      vertex 146.379 15.0387 3
    endloop
  endfacet
  facet normal -0.0644636 -0.983259 0.170431
    outer loop
      vertex 148.5 16.76 18
      vertex 148.108 14.1857 3
      vertex 148.5 14.16 3
    endloop
  endfacet
  facet normal -0.819876 -0.546584 0.170436
    outer loop
      vertex 148.154 16.96 18
      vertex 146.12 15.3337 3
      vertex 148.183 16.9165 18
    endloop
  endfacet
  facet normal -0.883286 -0.436748 0.170462
    outer loop
      vertex 148.154 16.96 18
      vertex 145.728 16.0119 3
      vertex 145.902 15.66 3
    endloop
  endfacet
  facet normal 0.436152 -0.883585 0.170438
    outer loop
      vertex 148.7 16.8136 18
      vertex 148.653 16.7904 18
      vertex 150 14.5619 3
    endloop
  endfacet
  facet normal -0.649828 -0.740724 0.170443
    outer loop
      vertex 148.257 16.8427 18
      vertex 146.379 15.0387 3
      vertex 146.674 14.7799 3
    endloop
  endfacet
  facet normal 0.819873 0.546582 0.170461
    outer loop
      vertex 151.098 18.66 3
      vertex 148.817 17.4035 18
      vertex 148.846 17.36 18
    endloop
  endfacet
  facet normal 0.0644636 -0.983259 0.170431
    outer loop
      vertex 148.5 16.76 18
      vertex 148.5 14.16 3
      vertex 148.892 14.1857 3
    endloop
  endfacet
  facet normal -0.643584 -0.746184 0.170318
    outer loop
      vertex 148.217 16.8772 18
      vertex 146.379 15.0387 3
      vertex 148.257 16.8427 18
    endloop
  endfacet
  facet normal -0.933185 0.316419 0.170423
    outer loop
      vertex 145.728 18.3081 3
      vertex 145.602 17.9365 3
      vertex 148.13 17.3131 18
    endloop
  endfacet
  facet normal -0.819873 0.546582 0.170461
    outer loop
      vertex 148.183 17.4035 18
      vertex 145.902 18.66 3
      vertex 148.154 17.36 18
    endloop
  endfacet
  facet normal 0.883286 -0.436748 0.170462
    outer loop
      vertex 151.272 16.0119 3
      vertex 148.846 16.96 18
      vertex 151.098 15.66 3
    endloop
  endfacet
  facet normal -0.937754 0.302501 0.170615
    outer loop
      vertex 148.13 17.3131 18
      vertex 145.602 17.9365 3
      vertex 148.114 17.2635 18
    endloop
  endfacet
  facet normal 0.316564 0.933136 0.170425
    outer loop
      vertex 149.276 20.0578 3
      vertex 148.653 17.5296 18
      vertex 149.648 19.9316 3
    endloop
  endfacet
  facet normal -0.189668 -0.966937 0.170464
    outer loop
      vertex 148.396 16.7736 18
      vertex 148.108 14.1857 3
      vertex 148.448 16.7634 18
    endloop
  endfacet
  facet normal 0.937754 0.302501 0.170615
    outer loop
      vertex 151.398 17.9365 3
      vertex 148.87 17.3131 18
      vertex 148.886 17.2635 18
    endloop
  endfacet
  facet normal 0.819333 -0.547394 0.17045
    outer loop
      vertex 151.098 15.66 3
      vertex 148.846 16.96 18
      vertex 150.88 15.3337 3
    endloop
  endfacet
  facet normal 0.552271 -0.816071 0.170367
    outer loop
      vertex 148.743 16.8427 18
      vertex 148.7 16.8136 18
      vertex 150 14.5619 3
    endloop
  endfacet
  facet normal 0.547742 -0.819101 0.170448
    outer loop
      vertex 150.326 14.7799 3
      vertex 148.743 16.8427 18
      vertex 150 14.5619 3
    endloop
  endfacet
  facet normal 0.96671 -0.190881 0.1704
    outer loop
      vertex 151.474 16.7684 3
      vertex 148.897 17.1078 18
      vertex 151.398 16.3835 3
    endloop
  endfacet
  facet normal 0.933185 -0.316419 0.170423
    outer loop
      vertex 151.398 16.3835 3
      vertex 148.87 17.0069 18
      vertex 151.272 16.0119 3
    endloop
  endfacet
  facet normal -0.435642 -0.883838 0.17043
    outer loop
      vertex 148.347 16.7904 18
      vertex 147 14.5619 3
      vertex 147.352 14.3884 3
    endloop
  endfacet
  facet normal 0.877216 -0.448895 0.170248
    outer loop
      vertex 148.87 17.0069 18
      vertex 148.846 16.96 18
      vertex 151.272 16.0119 3
    endloop
  endfacet
  facet normal -0.316564 0.933136 0.170425
    outer loop
      vertex 147.724 20.0578 3
      vertex 147.352 19.9316 3
      vertex 148.347 17.5296 18
    endloop
  endfacet
  facet normal 0.552271 0.816071 0.170367
    outer loop
      vertex 150 19.7581 3
      vertex 148.7 17.5064 18
      vertex 148.743 17.4773 18
    endloop
  endfacet
  facet normal -0.819334 0.547394 0.170447
    outer loop
      vertex 146.12 18.9863 3
      vertex 145.902 18.66 3
      vertex 148.183 17.4035 18
    endloop
  endfacet
  facet normal 0.937754 -0.302501 0.170615
    outer loop
      vertex 148.886 17.0565 18
      vertex 148.87 17.0069 18
      vertex 151.398 16.3835 3
    endloop
  endfacet
  facet normal 0.64356 0.746157 0.170529
    outer loop
      vertex 150.326 19.5401 3
      vertex 148.743 17.4773 18
      vertex 148.783 17.4428 18
    endloop
  endfacet
  facet normal -0.0642907 0.98327 0.170433
    outer loop
      vertex 148.5 20.16 3
      vertex 148.448 17.5566 18
      vertex 148.5 17.56 18
    endloop
  endfacet
  facet normal 0.316564 -0.933136 0.170425
    outer loop
      vertex 149.648 14.3884 3
      vertex 148.653 16.7904 18
      vertex 149.276 14.2622 3
    endloop
  endfacet
  facet normal 0.435642 0.883838 0.17043
    outer loop
      vertex 149.648 19.9316 3
      vertex 148.653 17.5296 18
      vertex 150 19.7581 3
    endloop
  endfacet
  facet normal -0.819333 -0.547394 0.17045
    outer loop
      vertex 148.154 16.96 18
      vertex 145.902 15.66 3
      vertex 146.12 15.3337 3
    endloop
  endfacet
  facet normal 0.883293 0.436752 0.170416
    outer loop
      vertex 151.098 18.66 3
      vertex 148.87 17.3131 18
      vertex 151.272 18.3081 3
    endloop
  endfacet
  facet normal 0.96671 0.190881 0.1704
    outer loop
      vertex 151.398 17.9365 3
      vertex 148.897 17.2122 18
      vertex 151.474 17.5516 3
    endloop
  endfacet
  facet normal 0.983212 -0.0652796 0.170393
    outer loop
      vertex 151.5 17.16 3
      vertex 148.897 17.1078 18
      vertex 151.474 16.7684 3
    endloop
  endfacet
  facet normal 0.983732 -0.0565363 0.170514
    outer loop
      vertex 148.9 17.16 18
      vertex 148.897 17.1078 18
      vertex 151.5 17.16 3
    endloop
  endfacet
  facet normal -0.547742 0.819101 0.170448
    outer loop
      vertex 147 19.7581 3
      vertex 146.674 19.5401 3
      vertex 148.257 17.4773 18
    endloop
  endfacet
  facet normal 0.740479 -0.650115 0.170416
    outer loop
      vertex 150.88 15.3337 3
      vertex 148.783 16.8772 18
      vertex 150.621 15.0387 3
    endloop
  endfacet
  facet normal -0.96671 -0.190881 0.1704
    outer loop
      vertex 148.103 17.1078 18
      vertex 145.526 16.7684 3
      vertex 145.602 16.3835 3
    endloop
  endfacet
  facet normal -0.189671 0.96695 0.17039
    outer loop
      vertex 148.448 17.5566 18
      vertex 147.724 20.0578 3
      vertex 148.396 17.5464 18
    endloop
  endfacet
  facet normal -0.983732 0.0565363 0.170514
    outer loop
      vertex 148.103 17.2122 18
      vertex 145.5 17.16 3
      vertex 148.1 17.16 18
    endloop
  endfacet
  facet normal -0.435642 0.883838 0.17043
    outer loop
      vertex 147.352 19.9316 3
      vertex 147 19.7581 3
      vertex 148.347 17.5296 18
    endloop
  endfacet
  facet normal 0.643584 -0.746184 0.170318
    outer loop
      vertex 148.783 16.8772 18
      vertex 148.743 16.8427 18
      vertex 150.621 15.0387 3
    endloop
  endfacet
  facet normal 0.649832 0.740728 0.170415
    outer loop
      vertex 150.326 19.5401 3
      vertex 148.783 17.4428 18
      vertex 150.621 19.2813 3
    endloop
  endfacet
  facet normal 0.740479 0.650115 0.170416
    outer loop
      vertex 150.621 19.2813 3
      vertex 148.783 17.4428 18
      vertex 150.88 18.9863 3
    endloop
  endfacet
  facet normal 0.933185 0.316419 0.170423
    outer loop
      vertex 151.272 18.3081 3
      vertex 148.87 17.3131 18
      vertex 151.398 17.9365 3
    endloop
  endfacet
  facet normal 0.963439 -0.206585 0.170613
    outer loop
      vertex 148.897 17.1078 18
      vertex 148.886 17.0565 18
      vertex 151.398 16.3835 3
    endloop
  endfacet
  facet normal -0.316564 -0.933136 0.170425
    outer loop
      vertex 148.347 16.7904 18
      vertex 147.352 14.3884 3
      vertex 147.724 14.2622 3
    endloop
  endfacet
  facet normal 0.877163 0.448868 0.170593
    outer loop
      vertex 151.098 18.66 3
      vertex 148.846 17.36 18
      vertex 148.87 17.3131 18
    endloop
  endfacet
  facet normal 0.963439 0.206585 0.170613
    outer loop
      vertex 151.398 17.9365 3
      vertex 148.886 17.2635 18
      vertex 148.897 17.2122 18
    endloop
  endfacet
  facet normal -0.883293 0.436752 0.170416
    outer loop
      vertex 145.902 18.66 3
      vertex 145.728 18.3081 3
      vertex 148.13 17.3131 18
    endloop
  endfacet
  facet normal 0.745185 0.644689 0.170515
    outer loop
      vertex 150.88 18.9863 3
      vertex 148.783 17.4428 18
      vertex 148.817 17.4035 18
    endloop
  endfacet
  facet normal 0.745185 -0.644689 0.170515
    outer loop
      vertex 148.817 16.9165 18
      vertex 148.783 16.8772 18
      vertex 150.88 15.3337 3
    endloop
  endfacet
  facet normal -0.547742 -0.819101 0.170448
    outer loop
      vertex 148.257 16.8427 18
      vertex 146.674 14.7799 3
      vertex 147 14.5619 3
    endloop
  endfacet
  facet normal 0.0642907 0.98327 0.170433
    outer loop
      vertex 148.5 20.16 3
      vertex 148.5 17.56 18
      vertex 148.552 17.5566 18
    endloop
  endfacet
  facet normal 0.192521 -0.966381 0.170423
    outer loop
      vertex 149.276 14.2622 3
      vertex 148.604 16.7736 18
      vertex 148.892 14.1857 3
    endloop
  endfacet
  facet normal -0.64356 0.746157 0.170529
    outer loop
      vertex 148.257 17.4773 18
      vertex 146.674 19.5401 3
      vertex 148.217 17.4428 18
    endloop
  endfacet
  facet normal -0.0644636 0.983259 0.170431
    outer loop
      vertex 148.5 20.16 3
      vertex 148.108 20.1343 3
      vertex 148.448 17.5566 18
    endloop
  endfacet
  facet normal -0.192521 0.966379 0.170433
    outer loop
      vertex 148.108 20.1343 3
      vertex 147.724 20.0578 3
      vertex 148.448 17.5566 18
    endloop
  endfacet
  facet normal 0.189671 0.96695 0.17039
    outer loop
      vertex 149.276 20.0578 3
      vertex 148.552 17.5566 18
      vertex 148.604 17.5464 18
    endloop
  endfacet
  facet normal -0.745185 -0.644689 0.170515
    outer loop
      vertex 148.183 16.9165 18
      vertex 146.12 15.3337 3
      vertex 148.217 16.8772 18
    endloop
  endfacet
  facet normal -0.552271 -0.816071 0.170367
    outer loop
      vertex 148.257 16.8427 18
      vertex 147 14.5619 3
      vertex 148.3 16.8136 18
    endloop
  endfacet
  facet normal -0.319582 0.932115 0.170378
    outer loop
      vertex 148.396 17.5464 18
      vertex 147.724 20.0578 3
      vertex 148.347 17.5296 18
    endloop
  endfacet
  facet normal 0.819334 0.547394 0.170447
    outer loop
      vertex 150.88 18.9863 3
      vertex 148.817 17.4035 18
      vertex 151.098 18.66 3
    endloop
  endfacet
  facet normal -0.192521 -0.966381 0.170423
    outer loop
      vertex 148.396 16.7736 18
      vertex 147.724 14.2622 3
      vertex 148.108 14.1857 3
    endloop
  endfacet
  facet normal 0.319582 0.932115 0.170378
    outer loop
      vertex 149.276 20.0578 3
      vertex 148.604 17.5464 18
      vertex 148.653 17.5296 18
    endloop
  endfacet
  facet normal 0.436152 0.883585 0.170438
    outer loop
      vertex 150 19.7581 3
      vertex 148.653 17.5296 18
      vertex 148.7 17.5064 18
    endloop
  endfacet
  facet normal -0.319582 -0.932115 0.170378
    outer loop
      vertex 148.347 16.7904 18
      vertex 147.724 14.2622 3
      vertex 148.396 16.7736 18
    endloop
  endfacet
  facet normal -0.649832 0.740728 0.170415
    outer loop
      vertex 146.674 19.5401 3
      vertex 146.379 19.2813 3
      vertex 148.217 17.4428 18
    endloop
  endfacet
  facet normal -0.740479 0.650115 0.170416
    outer loop
      vertex 146.379 19.2813 3
      vertex 146.12 18.9863 3
      vertex 148.217 17.4428 18
    endloop
  endfacet
  facet normal -0.963439 -0.206585 0.170613
    outer loop
      vertex 148.103 17.1078 18
      vertex 145.602 16.3835 3
      vertex 148.114 17.0565 18
    endloop
  endfacet
  facet normal 0.319582 -0.932115 0.170378
    outer loop
      vertex 148.653 16.7904 18
      vertex 148.604 16.7736 18
      vertex 149.276 14.2622 3
    endloop
  endfacet
  facet normal -0.745185 0.644689 0.170515
    outer loop
      vertex 148.217 17.4428 18
      vertex 146.12 18.9863 3
      vertex 148.183 17.4035 18
    endloop
  endfacet
  facet normal -0.983212 0.0652796 0.170393
    outer loop
      vertex 145.526 17.5516 3
      vertex 145.5 17.16 3
      vertex 148.103 17.2122 18
    endloop
  endfacet
  facet normal -0.877163 0.448868 0.170593
    outer loop
      vertex 148.154 17.36 18
      vertex 145.902 18.66 3
      vertex 148.13 17.3131 18
    endloop
  endfacet
  facet normal -0.436152 -0.883585 0.170438
    outer loop
      vertex 148.3 16.8136 18
      vertex 147 14.5619 3
      vertex 148.347 16.7904 18
    endloop
  endfacet
  facet normal -0.436152 0.883585 0.170438
    outer loop
      vertex 148.347 17.5296 18
      vertex 147 19.7581 3
      vertex 148.3 17.5064 18
    endloop
  endfacet
  facet normal -0.0642908 -0.98327 0.170429
    outer loop
      vertex 148.448 16.7634 18
      vertex 148.108 14.1857 3
      vertex 148.5 16.76 18
    endloop
  endfacet
  facet normal -0.552271 0.816071 0.170367
    outer loop
      vertex 148.3 17.5064 18
      vertex 147 19.7581 3
      vertex 148.257 17.4773 18
    endloop
  endfacet
  facet normal -0.983732 -0.0565363 0.170514
    outer loop
      vertex 148.1 17.16 18
      vertex 145.5 17.16 3
      vertex 148.103 17.1078 18
    endloop
  endfacet
  facet normal -0.983212 -0.0652796 0.170393
    outer loop
      vertex 148.103 17.1078 18
      vertex 145.5 17.16 3
      vertex 145.526 16.7684 3
    endloop
  endfacet
  facet normal 0 0 1
    outer loop
      vertex 148.897 17.2122 18
      vertex 148.897 17.1078 18
      vertex 148.9 17.16 18
    endloop
  endfacet
  facet normal 0 0 1
    outer loop
      vertex 148.886 17.2635 18
      vertex 148.897 17.1078 18
      vertex 148.897 17.2122 18
    endloop
  endfacet
  facet normal 0 0 1
    outer loop
      vertex 148.886 17.2635 18
      vertex 148.886 17.0565 18
      vertex 148.897 17.1078 18
    endloop
  endfacet
  facet normal 0 0 1
    outer loop
      vertex 148.87 17.3131 18
      vertex 148.886 17.0565 18
      vertex 148.886 17.2635 18
    endloop
  endfacet
  facet normal 0 0 1
    outer loop
      vertex 148.87 17.3131 18
      vertex 148.87 17.0069 18
      vertex 148.886 17.0565 18
    endloop
  endfacet
  facet normal 0 0 1
    outer loop
      vertex 148.846 17.36 18
      vertex 148.87 17.0069 18
      vertex 148.87 17.3131 18
    endloop
  endfacet
  facet normal 0 0 1
    outer loop
      vertex 148.846 17.36 18
      vertex 148.846 16.96 18
      vertex 148.87 17.0069 18
    endloop
  endfacet
  facet normal 0 0 1
    outer loop
      vertex 148.817 17.4035 18
      vertex 148.846 16.96 18
      vertex 148.846 17.36 18
    endloop
  endfacet
  facet normal 0 0 1
    outer loop
      vertex 148.817 17.4035 18
      vertex 148.817 16.9165 18
      vertex 148.846 16.96 18
    endloop
  endfacet
  facet normal 0 0 1
    outer loop
      vertex 148.783 17.4428 18
      vertex 148.817 16.9165 18
      vertex 148.817 17.4035 18
    endloop
  endfacet
  facet normal 0 0 1
    outer loop
      vertex 148.783 17.4428 18
      vertex 148.783 16.8772 18
      vertex 148.817 16.9165 18
    endloop
  endfacet
  facet normal 0 0 1
    outer loop
      vertex 148.743 17.4773 18
      vertex 148.783 16.8772 18
      vertex 148.783 17.4428 18
    endloop
  endfacet
  facet normal 0 0 1
    outer loop
      vertex 148.743 17.4773 18
      vertex 148.743 16.8427 18
      vertex 148.783 16.8772 18
    endloop
  endfacet
  facet normal 0 0 1
    outer loop
      vertex 148.7 17.5064 18
      vertex 148.743 16.8427 18
      vertex 148.743 17.4773 18
    endloop
  endfacet
  facet normal 0 0 1
    outer loop
      vertex 148.7 17.5064 18
      vertex 148.7 16.8136 18
      vertex 148.743 16.8427 18
    endloop
  endfacet
  facet normal 0 0 1
    outer loop
      vertex 148.653 17.5296 18
      vertex 148.7 16.8136 18
      vertex 148.7 17.5064 18
    endloop
  endfacet
  facet normal 0 0 1
    outer loop
      vertex 148.653 17.5296 18
      vertex 148.653 16.7904 18
      vertex 148.7 16.8136 18
    endloop
  endfacet
  facet normal 0 0 1
    outer loop
      vertex 148.604 17.5464 18
      vertex 148.653 16.7904 18
      vertex 148.653 17.5296 18
    endloop
  endfacet
  facet normal 0 0 1
    outer loop
      vertex 148.604 17.5464 18
      vertex 148.604 16.7736 18
      vertex 148.653 16.7904 18
    endloop
  endfacet
  facet normal 0 0 1
    outer loop
      vertex 148.552 17.5566 18
      vertex 148.604 16.7736 18
      vertex 148.604 17.5464 18
    endloop
  endfacet
  facet normal 0 0 1
    outer loop
      vertex 148.552 17.5566 18
      vertex 148.552 16.7634 18
      vertex 148.604 16.7736 18
    endloop
  endfacet
  facet normal 0 0 1
    outer loop
      vertex 148.5 17.56 18
      vertex 148.552 16.7634 18
      vertex 148.552 17.5566 18
    endloop
  endfacet
  facet normal 0 0 1
    outer loop
      vertex 148.5 17.56 18
      vertex 148.5 16.76 18
      vertex 148.552 16.7634 18
    endloop
  endfacet
  facet normal -0 0 1
    outer loop
      vertex 148.448 17.5566 18
      vertex 148.5 16.76 18
      vertex 148.5 17.56 18
    endloop
  endfacet
  facet normal 0 0 1
    outer loop
      vertex 148.448 17.5566 18
      vertex 148.448 16.7634 18
      vertex 148.5 16.76 18
    endloop
  endfacet
  facet normal -0 0 1
    outer loop
      vertex 148.396 17.5464 18
      vertex 148.448 16.7634 18
      vertex 148.448 17.5566 18
    endloop
  endfacet
  facet normal 0 0 1
    outer loop
      vertex 148.396 17.5464 18
      vertex 148.396 16.7736 18
      vertex 148.448 16.7634 18
    endloop
  endfacet
  facet normal -0 0 1
    outer loop
      vertex 148.347 17.5296 18
      vertex 148.396 16.7736 18
      vertex 148.396 17.5464 18
    endloop
  endfacet
  facet normal 0 0 1
    outer loop
      vertex 148.347 17.5296 18
      vertex 148.347 16.7904 18
      vertex 148.396 16.7736 18
    endloop
  endfacet
  facet normal -0 0 1
    outer loop
      vertex 148.3 17.5064 18
      vertex 148.347 16.7904 18
      vertex 148.347 17.5296 18
    endloop
  endfacet
  facet normal 0 0 1
    outer loop
      vertex 148.3 17.5064 18
      vertex 148.3 16.8136 18
      vertex 148.347 16.7904 18
    endloop
  endfacet
  facet normal -0 0 1
    outer loop
      vertex 148.257 17.4773 18
      vertex 148.3 16.8136 18
      vertex 148.3 17.5064 18
    endloop
  endfacet
  facet normal 0 0 1
    outer loop
      vertex 148.257 17.4773 18
      vertex 148.257 16.8427 18
      vertex 148.3 16.8136 18
    endloop
  endfacet
  facet normal -0 0 1
    outer loop
      vertex 148.217 17.4428 18
      vertex 148.257 16.8427 18
      vertex 148.257 17.4773 18
    endloop
  endfacet
  facet normal 0 0 1
    outer loop
      vertex 148.217 17.4428 18
      vertex 148.217 16.8772 18
      vertex 148.257 16.8427 18
    endloop
  endfacet
  facet normal -0 0 1
    outer loop
      vertex 148.183 17.4035 18
      vertex 148.217 16.8772 18
      vertex 148.217 17.4428 18
    endloop
  endfacet
  facet normal 0 0 1
    outer loop
      vertex 148.183 17.4035 18
      vertex 148.183 16.9165 18
      vertex 148.217 16.8772 18
    endloop
  endfacet
  facet normal -0 0 1
    outer loop
      vertex 148.154 17.36 18
      vertex 148.183 16.9165 18
      vertex 148.183 17.4035 18
    endloop
  endfacet
  facet normal 0 0 1
    outer loop
      vertex 148.154 17.36 18
      vertex 148.154 16.96 18
      vertex 148.183 16.9165 18
    endloop
  endfacet
  facet normal -0 0 1
    outer loop
      vertex 148.13 17.3131 18
      vertex 148.154 16.96 18
      vertex 148.154 17.36 18
    endloop
  endfacet
  facet normal 0 0 1
    outer loop
      vertex 148.13 17.3131 18
      vertex 148.13 17.0069 18
      vertex 148.154 16.96 18
    endloop
  endfacet
  facet normal -0 0 1
    outer loop
      vertex 148.114 17.2635 18
      vertex 148.13 17.0069 18
      vertex 148.13 17.3131 18
    endloop
  endfacet
  facet normal 0 0 1
    outer loop
      vertex 148.114 17.2635 18
      vertex 148.114 17.0565 18
      vertex 148.13 17.0069 18
    endloop
  endfacet
  facet normal -0 0 1
    outer loop
      vertex 148.103 17.2122 18
      vertex 148.114 17.0565 18
      vertex 148.114 17.2635 18
    endloop
  endfacet
  facet normal 0 0 1
    outer loop
      vertex 148.103 17.2122 18
      vertex 148.103 17.1078 18
      vertex 148.114 17.0565 18
    endloop
  endfacet
  facet normal 0 -0 1
    outer loop
      vertex 148.103 17.1078 18
      vertex 148.103 17.2122 18
      vertex 148.1 17.16 18
    endloop
  endfacet
  facet normal -0.937754 -0.302501 0.170615
    outer loop
      vertex 148.114 17.0565 18
      vertex 145.602 16.3835 3
      vertex 148.13 17.0069 18
    endloop
  endfacet
  facet normal 0.0642908 -0.98327 0.170429
    outer loop
      vertex 148.552 16.7634 18
      vertex 148.5 16.76 18
      vertex 148.892 14.1857 3
    endloop
  endfacet
  facet normal 0.189668 -0.966937 0.170464
    outer loop
      vertex 148.604 16.7736 18
      vertex 148.552 16.7634 18
      vertex 148.892 14.1857 3
    endloop
  endfacet
endsolid OpenSCAD_Model
