solid OpenSCAD_Model
  facet normal 0 -0.689655 0.724138
    outer loop
      vertex 36.6 7.6 5
      vertex 39.5 5.5 3
      vertex 37.4 7.6 5
    endloop
  endfacet
  facet normal 0 -0.689655 0.724138
    outer loop
      vertex 39.5 5.5 3
      vertex 36.6 7.6 5
      vertex 34.5 5.5 3
    endloop
  endfacet
  facet normal 0 0.689655 0.724138
    outer loop
      vertex 39.5 10.5 3
      vertex 36.6 8.4 5
      vertex 37.4 8.4 5
    endloop
  endfacet
  facet normal 0 0.689655 0.724138
    outer loop
      vertex 36.6 8.4 5
      vertex 39.5 10.5 3
      vertex 34.5 10.5 3
    endloop
  endfacet
  facet normal -0.689655 0 0.724138
    outer loop
      vertex 34.5 10.5 3
      vertex 36.6 7.6 5
      vertex 36.6 8.4 5
    endloop
  endfacet
  facet normal -0.689655 0 0.724138
    outer loop
      vertex 36.6 7.6 5
      vertex 34.5 10.5 3
      vertex 34.5 5.5 3
    endloop
  endfacet
  facet normal 0 0 1
    outer loop
      vertex 166.363 11.3482 3
      vertex 170 12 3
      vertex 169.966 12.5221 3
    endloop
  endfacet
  facet normal 0 0 1
    outer loop
      vertex 170 12 3
      vertex 167.5 8 3
      vertex 170 4 3
    endloop
  endfacet
  facet normal 0 0 1
    outer loop
      vertex 166.363 11.3482 3
      vertex 169.966 12.5221 3
      vertex 169.864 13.0353 3
    endloop
  endfacet
  facet normal -0 0 1
    outer loop
      vertex 167.453 7.28211 3
      vertex 170 4 3
      vertex 167.5 8 3
    endloop
  endfacet
  facet normal 0 0 1
    outer loop
      vertex 166.363 11.3482 3
      vertex 169.864 13.0353 3
      vertex 169.696 13.5307 3
    endloop
  endfacet
  facet normal -0 0 1
    outer loop
      vertex 167.313 6.5765 3
      vertex 170 4 3
      vertex 167.453 7.28211 3
    endloop
  endfacet
  facet normal 0 0 1
    outer loop
      vertex 166.363 11.3482 3
      vertex 169.696 13.5307 3
      vertex 169.464 14 3
    endloop
  endfacet
  facet normal -0 0 1
    outer loop
      vertex 167.081 5.89524 3
      vertex 170 4 3
      vertex 167.313 6.5765 3
    endloop
  endfacet
  facet normal 0 0 1
    outer loop
      vertex 165.889 11.8891 3
      vertex 169.464 14 3
      vertex 169.173 14.435 3
    endloop
  endfacet
  facet normal -0 0 1
    outer loop
      vertex 166.763 5.25 3
      vertex 170 4 3
      vertex 167.081 5.89524 3
    endloop
  endfacet
  facet normal 0 0 1
    outer loop
      vertex 165.889 11.8891 3
      vertex 169.173 14.435 3
      vertex 168.828 14.8284 3
    endloop
  endfacet
  facet normal -0 0 1
    outer loop
      vertex 166.363 4.65181 3
      vertex 170 4 3
      vertex 166.763 5.25 3
    endloop
  endfacet
  facet normal 0 0 1
    outer loop
      vertex 165.889 11.8891 3
      vertex 168.828 14.8284 3
      vertex 168.435 15.1734 3
    endloop
  endfacet
  facet normal 0 0 1
    outer loop
      vertex 170 4 3
      vertex 166.363 4.65181 3
      vertex 169.966 3.47789 3
    endloop
  endfacet
  facet normal 0 0 1
    outer loop
      vertex 165.889 11.8891 3
      vertex 168.435 15.1734 3
      vertex 168 15.4641 3
    endloop
  endfacet
  facet normal 0 0 1
    outer loop
      vertex 169.966 3.47789 3
      vertex 166.363 4.65181 3
      vertex 169.864 2.96472 3
    endloop
  endfacet
  facet normal 0 0 1
    outer loop
      vertex 165.348 12.3634 3
      vertex 168 15.4641 3
      vertex 167.531 15.6955 3
    endloop
  endfacet
  facet normal 0 0 1
    outer loop
      vertex 169.864 2.96472 3
      vertex 166.363 4.65181 3
      vertex 169.696 2.46927 3
    endloop
  endfacet
  facet normal 0 0 1
    outer loop
      vertex 169.696 2.46927 3
      vertex 166.363 4.65181 3
      vertex 169.464 2 3
    endloop
  endfacet
  facet normal 0 0 1
    outer loop
      vertex 170 12 3
      vertex 167.453 8.71789 3
      vertex 167.5 8 3
    endloop
  endfacet
  facet normal 0 0 1
    outer loop
      vertex 170 12 3
      vertex 167.313 9.4235 3
      vertex 167.453 8.71789 3
    endloop
  endfacet
  facet normal 0 0 1
    outer loop
      vertex 170 12 3
      vertex 167.081 10.1048 3
      vertex 167.313 9.4235 3
    endloop
  endfacet
  facet normal 0 0 1
    outer loop
      vertex 165.348 12.3634 3
      vertex 167.531 15.6955 3
      vertex 167.035 15.8637 3
    endloop
  endfacet
  facet normal 0 0 1
    outer loop
      vertex 170 12 3
      vertex 166.763 10.75 3
      vertex 167.081 10.1048 3
    endloop
  endfacet
  facet normal 0 0 1
    outer loop
      vertex 165.348 12.3634 3
      vertex 167.035 15.8637 3
      vertex 166.522 15.9658 3
    endloop
  endfacet
  facet normal 0 0 1
    outer loop
      vertex 170 12 3
      vertex 166.363 11.3482 3
      vertex 166.763 10.75 3
    endloop
  endfacet
  facet normal 0 0 1
    outer loop
      vertex 165.348 12.3634 3
      vertex 166.522 15.9658 3
      vertex 166 16 3
    endloop
  endfacet
  facet normal 0 0 1
    outer loop
      vertex 169.464 14 3
      vertex 165.889 11.8891 3
      vertex 166.363 11.3482 3
    endloop
  endfacet
  facet normal 0 0 1
    outer loop
      vertex 168 15.4641 3
      vertex 165.348 12.3634 3
      vertex 165.889 11.8891 3
    endloop
  endfacet
  facet normal 0 0 1
    outer loop
      vertex 166 16 3
      vertex 164.75 12.7631 3
      vertex 165.348 12.3634 3
    endloop
  endfacet
  facet normal 0 0 1
    outer loop
      vertex 166 16 3
      vertex 164.105 13.0813 3
      vertex 164.75 12.7631 3
    endloop
  endfacet
  facet normal 0 0 1
    outer loop
      vertex 166 16 3
      vertex 163.424 13.3126 3
      vertex 164.105 13.0813 3
    endloop
  endfacet
  facet normal 0 0 1
    outer loop
      vertex 166 16 3
      vertex 162.718 13.4529 3
      vertex 163.424 13.3126 3
    endloop
  endfacet
  facet normal 0 0 1
    outer loop
      vertex 166 16 3
      vertex 162 13.5 3
      vertex 162.718 13.4529 3
    endloop
  endfacet
  facet normal 0 0 1
    outer loop
      vertex 166 16 3
      vertex 161.282 13.4529 3
      vertex 162 13.5 3
    endloop
  endfacet
  facet normal 0 0 1
    outer loop
      vertex 166 16 3
      vertex 160.576 13.3126 3
      vertex 161.282 13.4529 3
    endloop
  endfacet
  facet normal 0 0 1
    outer loop
      vertex 166 16 3
      vertex 159.895 13.0813 3
      vertex 160.576 13.3126 3
    endloop
  endfacet
  facet normal 0 0 1
    outer loop
      vertex 156.547 8.71789 3
      vertex 135.5 10.5 3
      vertex 156.5 8 3
    endloop
  endfacet
  facet normal 0 0 1
    outer loop
      vertex 156.687 9.4235 3
      vertex 135.5 10.5 3
      vertex 156.547 8.71789 3
    endloop
  endfacet
  facet normal 0 0 1
    outer loop
      vertex 156.919 10.1048 3
      vertex 135.5 10.5 3
      vertex 156.687 9.4235 3
    endloop
  endfacet
  facet normal 0 0 1
    outer loop
      vertex 157.237 10.75 3
      vertex 135.5 10.5 3
      vertex 156.919 10.1048 3
    endloop
  endfacet
  facet normal 0 0 1
    outer loop
      vertex 157.637 11.3482 3
      vertex 135.5 10.5 3
      vertex 157.237 10.75 3
    endloop
  endfacet
  facet normal 0 0 1
    outer loop
      vertex 158.111 11.8891 3
      vertex 135.5 10.5 3
      vertex 157.637 11.3482 3
    endloop
  endfacet
  facet normal 0 0 1
    outer loop
      vertex 158.652 12.3634 3
      vertex 135.5 10.5 3
      vertex 158.111 11.8891 3
    endloop
  endfacet
  facet normal 0 0 1
    outer loop
      vertex 159.25 12.7631 3
      vertex 135.5 10.5 3
      vertex 158.652 12.3634 3
    endloop
  endfacet
  facet normal 0 0 1
    outer loop
      vertex 159.895 13.0813 3
      vertex 135.5 10.5 3
      vertex 159.25 12.7631 3
    endloop
  endfacet
  facet normal 0 0 1
    outer loop
      vertex 166 16 3
      vertex 135.5 10.5 3
      vertex 159.895 13.0813 3
    endloop
  endfacet
  facet normal 0 0 1
    outer loop
      vertex 166 16 3
      vertex 130.5 10.5 3
      vertex 135.5 10.5 3
    endloop
  endfacet
  facet normal 0 0 1
    outer loop
      vertex 130.5 10.5 3
      vertex 123.5 10.5 3
      vertex 130.5 5.5 3
    endloop
  endfacet
  facet normal 0 0 1
    outer loop
      vertex 166 16 3
      vertex 123.5 10.5 3
      vertex 130.5 10.5 3
    endloop
  endfacet
  facet normal 0 0 1
    outer loop
      vertex 166 16 3
      vertex 118.5 10.5 3
      vertex 123.5 10.5 3
    endloop
  endfacet
  facet normal 0 0 1
    outer loop
      vertex 118.5 10.5 3
      vertex 111.5 10.5 3
      vertex 118.5 5.5 3
    endloop
  endfacet
  facet normal 0 0 1
    outer loop
      vertex 166 16 3
      vertex 111.5 10.5 3
      vertex 118.5 10.5 3
    endloop
  endfacet
  facet normal 0 0 1
    outer loop
      vertex 166 16 3
      vertex 106.5 10.5 3
      vertex 111.5 10.5 3
    endloop
  endfacet
  facet normal 0 0 1
    outer loop
      vertex 106.5 10.5 3
      vertex 99.5 10.5 3
      vertex 106.5 5.5 3
    endloop
  endfacet
  facet normal 0 0 1
    outer loop
      vertex 166 16 3
      vertex 99.5 10.5 3
      vertex 106.5 10.5 3
    endloop
  endfacet
  facet normal 0 0 1
    outer loop
      vertex 166 16 3
      vertex 94.5 10.5 3
      vertex 99.5 10.5 3
    endloop
  endfacet
  facet normal 0 0 1
    outer loop
      vertex 94.5 10.5 3
      vertex 87.5 10.5 3
      vertex 94.5 5.5 3
    endloop
  endfacet
  facet normal 0 0 1
    outer loop
      vertex 166 16 3
      vertex 87.5 10.5 3
      vertex 94.5 10.5 3
    endloop
  endfacet
  facet normal 0 0 1
    outer loop
      vertex 166 16 3
      vertex 82.5 10.5 3
      vertex 87.5 10.5 3
    endloop
  endfacet
  facet normal 0 0 1
    outer loop
      vertex 82.5 10.5 3
      vertex 75.5 10.5 3
      vertex 82.5 5.5 3
    endloop
  endfacet
  facet normal -0 0 1
    outer loop
      vertex 4 16 3
      vertex 82.5 10.5 3
      vertex 166 16 3
    endloop
  endfacet
  facet normal 0 0 1
    outer loop
      vertex 82.5 10.5 3
      vertex 4 16 3
      vertex 75.5 10.5 3
    endloop
  endfacet
  facet normal 0 0 1
    outer loop
      vertex 70.5 10.5 3
      vertex 63.5 10.5 3
      vertex 70.5 5.5 3
    endloop
  endfacet
  facet normal 0 0 1
    outer loop
      vertex 75.5 10.5 3
      vertex 4 16 3
      vertex 70.5 10.5 3
    endloop
  endfacet
  facet normal 0 0 1
    outer loop
      vertex 70.5 10.5 3
      vertex 4 16 3
      vertex 63.5 10.5 3
    endloop
  endfacet
  facet normal 0 0 1
    outer loop
      vertex 58.5 10.5 3
      vertex 51.5 10.5 3
      vertex 58.5 5.5 3
    endloop
  endfacet
  facet normal 0 0 1
    outer loop
      vertex 63.5 10.5 3
      vertex 4 16 3
      vertex 58.5 10.5 3
    endloop
  endfacet
  facet normal 0 0 1
    outer loop
      vertex 58.5 10.5 3
      vertex 4 16 3
      vertex 51.5 10.5 3
    endloop
  endfacet
  facet normal 0 0 1
    outer loop
      vertex 46.5 10.5 3
      vertex 39.5 10.5 3
      vertex 46.5 5.5 3
    endloop
  endfacet
  facet normal 0 0 1
    outer loop
      vertex 51.5 10.5 3
      vertex 4 16 3
      vertex 46.5 10.5 3
    endloop
  endfacet
  facet normal 0 0 1
    outer loop
      vertex 46.5 10.5 3
      vertex 4 16 3
      vertex 39.5 10.5 3
    endloop
  endfacet
  facet normal 0 0 1
    outer loop
      vertex 34.5 10.5 3
      vertex 13.5 8 3
      vertex 34.5 5.5 3
    endloop
  endfacet
  facet normal 0 0 1
    outer loop
      vertex 34.5 10.5 3
      vertex 13.4529 8.71789 3
      vertex 13.5 8 3
    endloop
  endfacet
  facet normal 0 0 1
    outer loop
      vertex 34.5 10.5 3
      vertex 13.3126 9.4235 3
      vertex 13.4529 8.71789 3
    endloop
  endfacet
  facet normal 0 0 1
    outer loop
      vertex 34.5 10.5 3
      vertex 13.0813 10.1048 3
      vertex 13.3126 9.4235 3
    endloop
  endfacet
  facet normal 0 0 1
    outer loop
      vertex 39.5 10.5 3
      vertex 4 16 3
      vertex 34.5 10.5 3
    endloop
  endfacet
  facet normal 0 0 1
    outer loop
      vertex 34.5 10.5 3
      vertex 12.7631 10.75 3
      vertex 13.0813 10.1048 3
    endloop
  endfacet
  facet normal 0 0 1
    outer loop
      vertex 34.5 10.5 3
      vertex 12.3634 11.3482 3
      vertex 12.7631 10.75 3
    endloop
  endfacet
  facet normal 0 0 1
    outer loop
      vertex 34.5 10.5 3
      vertex 11.8891 11.8891 3
      vertex 12.3634 11.3482 3
    endloop
  endfacet
  facet normal 0 0 1
    outer loop
      vertex 34.5 10.5 3
      vertex 11.3482 12.3634 3
      vertex 11.8891 11.8891 3
    endloop
  endfacet
  facet normal 0 0 1
    outer loop
      vertex 34.5 10.5 3
      vertex 10.75 12.7631 3
      vertex 11.3482 12.3634 3
    endloop
  endfacet
  facet normal 0 0 1
    outer loop
      vertex 34.5 10.5 3
      vertex 10.1048 13.0813 3
      vertex 10.75 12.7631 3
    endloop
  endfacet
  facet normal 0 0 1
    outer loop
      vertex 34.5 10.5 3
      vertex 4 16 3
      vertex 10.1048 13.0813 3
    endloop
  endfacet
  facet normal 0 0 1
    outer loop
      vertex 10.1048 13.0813 3
      vertex 4 16 3
      vertex 9.4235 13.3126 3
    endloop
  endfacet
  facet normal 0 0 1
    outer loop
      vertex 9.4235 13.3126 3
      vertex 4 16 3
      vertex 8.71789 13.4529 3
    endloop
  endfacet
  facet normal 0 0 1
    outer loop
      vertex 8.71789 13.4529 3
      vertex 4 16 3
      vertex 8 13.5 3
    endloop
  endfacet
  facet normal 0 0 1
    outer loop
      vertex 4 16 3
      vertex 7.28211 13.4529 3
      vertex 8 13.5 3
    endloop
  endfacet
  facet normal 0 0 1
    outer loop
      vertex 4 16 3
      vertex 6.5765 13.3126 3
      vertex 7.28211 13.4529 3
    endloop
  endfacet
  facet normal 0 0 1
    outer loop
      vertex 4 16 3
      vertex 5.89524 13.0813 3
      vertex 6.5765 13.3126 3
    endloop
  endfacet
  facet normal 0 0 1
    outer loop
      vertex 4 16 3
      vertex 5.25 12.7631 3
      vertex 5.89524 13.0813 3
    endloop
  endfacet
  facet normal 0 0 1
    outer loop
      vertex 4 16 3
      vertex 4.65181 12.3634 3
      vertex 5.25 12.7631 3
    endloop
  endfacet
  facet normal -0 0 1
    outer loop
      vertex 3.47789 15.9658 3
      vertex 4.65181 12.3634 3
      vertex 4 16 3
    endloop
  endfacet
  facet normal -0 0 1
    outer loop
      vertex 2.96472 15.8637 3
      vertex 4.65181 12.3634 3
      vertex 3.47789 15.9658 3
    endloop
  endfacet
  facet normal -0 0 1
    outer loop
      vertex 2.46927 15.6955 3
      vertex 4.65181 12.3634 3
      vertex 2.96472 15.8637 3
    endloop
  endfacet
  facet normal -0 0 1
    outer loop
      vertex 2 15.4641 3
      vertex 4.65181 12.3634 3
      vertex 2.46927 15.6955 3
    endloop
  endfacet
  facet normal 0 0 1
    outer loop
      vertex 4.65181 12.3634 3
      vertex 2 15.4641 3
      vertex 4.11091 11.8891 3
    endloop
  endfacet
  facet normal -0 0 1
    outer loop
      vertex 1.56496 15.1734 3
      vertex 4.11091 11.8891 3
      vertex 2 15.4641 3
    endloop
  endfacet
  facet normal -0 0 1
    outer loop
      vertex 1.17157 14.8284 3
      vertex 4.11091 11.8891 3
      vertex 1.56496 15.1734 3
    endloop
  endfacet
  facet normal -0 0 1
    outer loop
      vertex 0.826584 14.435 3
      vertex 4.11091 11.8891 3
      vertex 1.17157 14.8284 3
    endloop
  endfacet
  facet normal -0 0 1
    outer loop
      vertex 0.535904 14 3
      vertex 4.11091 11.8891 3
      vertex 0.826584 14.435 3
    endloop
  endfacet
  facet normal 0 0 1
    outer loop
      vertex 4.11091 11.8891 3
      vertex 0.535904 14 3
      vertex 3.63656 11.3482 3
    endloop
  endfacet
  facet normal -0 0 1
    outer loop
      vertex 165.889 4.11091 3
      vertex 169.464 2 3
      vertex 166.363 4.65181 3
    endloop
  endfacet
  facet normal 0 0 1
    outer loop
      vertex 169.464 2 3
      vertex 165.889 4.11091 3
      vertex 169.173 1.56496 3
    endloop
  endfacet
  facet normal 0 0 1
    outer loop
      vertex 169.173 1.56496 3
      vertex 165.889 4.11091 3
      vertex 168.828 1.17157 3
    endloop
  endfacet
  facet normal 0 0 1
    outer loop
      vertex 168.828 1.17157 3
      vertex 165.889 4.11091 3
      vertex 168.435 0.826584 3
    endloop
  endfacet
  facet normal 0 0 1
    outer loop
      vertex 168.435 0.826584 3
      vertex 165.889 4.11091 3
      vertex 168 0.535904 3
    endloop
  endfacet
  facet normal -0 0 1
    outer loop
      vertex 165.348 3.63656 3
      vertex 168 0.535904 3
      vertex 165.889 4.11091 3
    endloop
  endfacet
  facet normal 0 0 1
    outer loop
      vertex 168 0.535904 3
      vertex 165.348 3.63656 3
      vertex 167.531 0.304489 3
    endloop
  endfacet
  facet normal 0 0 1
    outer loop
      vertex 167.531 0.304489 3
      vertex 165.348 3.63656 3
      vertex 167.035 0.136292 3
    endloop
  endfacet
  facet normal 0 0 1
    outer loop
      vertex 167.035 0.136292 3
      vertex 165.348 3.63656 3
      vertex 166.522 0.0342255 3
    endloop
  endfacet
  facet normal 0 0 1
    outer loop
      vertex 166.522 0.0342255 3
      vertex 165.348 3.63656 3
      vertex 166 0 3
    endloop
  endfacet
  facet normal -0 0 1
    outer loop
      vertex 164.75 3.23686 3
      vertex 166 0 3
      vertex 165.348 3.63656 3
    endloop
  endfacet
  facet normal -0 0 1
    outer loop
      vertex 164.105 2.91866 3
      vertex 166 0 3
      vertex 164.75 3.23686 3
    endloop
  endfacet
  facet normal -0 0 1
    outer loop
      vertex 163.424 2.68741 3
      vertex 166 0 3
      vertex 164.105 2.91866 3
    endloop
  endfacet
  facet normal -0 0 1
    outer loop
      vertex 162.718 2.54705 3
      vertex 166 0 3
      vertex 163.424 2.68741 3
    endloop
  endfacet
  facet normal -0 0 1
    outer loop
      vertex 162 2.5 3
      vertex 166 0 3
      vertex 162.718 2.54705 3
    endloop
  endfacet
  facet normal 0 0 1
    outer loop
      vertex 161.282 2.54705 3
      vertex 166 0 3
      vertex 162 2.5 3
    endloop
  endfacet
  facet normal 0 0 1
    outer loop
      vertex 160.576 2.68741 3
      vertex 166 0 3
      vertex 161.282 2.54705 3
    endloop
  endfacet
  facet normal 0 0 1
    outer loop
      vertex 159.895 2.91866 3
      vertex 166 0 3
      vertex 160.576 2.68741 3
    endloop
  endfacet
  facet normal 0 0 1
    outer loop
      vertex 135.5 5.5 3
      vertex 156.5 8 3
      vertex 135.5 10.5 3
    endloop
  endfacet
  facet normal 0 0 1
    outer loop
      vertex 156.5 8 3
      vertex 135.5 5.5 3
      vertex 156.547 7.28211 3
    endloop
  endfacet
  facet normal 0 0 1
    outer loop
      vertex 156.547 7.28211 3
      vertex 135.5 5.5 3
      vertex 156.687 6.5765 3
    endloop
  endfacet
  facet normal 0 0 1
    outer loop
      vertex 156.687 6.5765 3
      vertex 135.5 5.5 3
      vertex 156.919 5.89524 3
    endloop
  endfacet
  facet normal 0 0 1
    outer loop
      vertex 156.919 5.89524 3
      vertex 135.5 5.5 3
      vertex 157.237 5.25 3
    endloop
  endfacet
  facet normal 0 0 1
    outer loop
      vertex 157.237 5.25 3
      vertex 135.5 5.5 3
      vertex 157.637 4.65181 3
    endloop
  endfacet
  facet normal 0 0 1
    outer loop
      vertex 157.637 4.65181 3
      vertex 135.5 5.5 3
      vertex 158.111 4.11091 3
    endloop
  endfacet
  facet normal 0 0 1
    outer loop
      vertex 158.111 4.11091 3
      vertex 135.5 5.5 3
      vertex 158.652 3.63656 3
    endloop
  endfacet
  facet normal 0 0 1
    outer loop
      vertex 158.652 3.63656 3
      vertex 135.5 5.5 3
      vertex 159.25 3.23686 3
    endloop
  endfacet
  facet normal 0 0 1
    outer loop
      vertex 159.25 3.23686 3
      vertex 135.5 5.5 3
      vertex 159.895 2.91866 3
    endloop
  endfacet
  facet normal 0 0 1
    outer loop
      vertex 159.895 2.91866 3
      vertex 135.5 5.5 3
      vertex 166 0 3
    endloop
  endfacet
  facet normal -0 0 1
    outer loop
      vertex 130.5 5.5 3
      vertex 166 0 3
      vertex 135.5 5.5 3
    endloop
  endfacet
  facet normal 0 0 1
    outer loop
      vertex 123.5 5.5 3
      vertex 130.5 5.5 3
      vertex 123.5 10.5 3
    endloop
  endfacet
  facet normal -0 0 1
    outer loop
      vertex 123.5 5.5 3
      vertex 166 0 3
      vertex 130.5 5.5 3
    endloop
  endfacet
  facet normal -0 0 1
    outer loop
      vertex 118.5 5.5 3
      vertex 166 0 3
      vertex 123.5 5.5 3
    endloop
  endfacet
  facet normal 0 0 1
    outer loop
      vertex 111.5 5.5 3
      vertex 118.5 5.5 3
      vertex 111.5 10.5 3
    endloop
  endfacet
  facet normal -0 0 1
    outer loop
      vertex 111.5 5.5 3
      vertex 166 0 3
      vertex 118.5 5.5 3
    endloop
  endfacet
  facet normal -0 0 1
    outer loop
      vertex 106.5 5.5 3
      vertex 166 0 3
      vertex 111.5 5.5 3
    endloop
  endfacet
  facet normal 0 0 1
    outer loop
      vertex 99.5 5.5 3
      vertex 106.5 5.5 3
      vertex 99.5 10.5 3
    endloop
  endfacet
  facet normal -0 0 1
    outer loop
      vertex 99.5 5.5 3
      vertex 166 0 3
      vertex 106.5 5.5 3
    endloop
  endfacet
  facet normal -0 0 1
    outer loop
      vertex 94.5 5.5 3
      vertex 166 0 3
      vertex 99.5 5.5 3
    endloop
  endfacet
  facet normal 0 0 1
    outer loop
      vertex 87.5 5.5 3
      vertex 94.5 5.5 3
      vertex 87.5 10.5 3
    endloop
  endfacet
  facet normal -0 0 1
    outer loop
      vertex 87.5 5.5 3
      vertex 166 0 3
      vertex 94.5 5.5 3
    endloop
  endfacet
  facet normal -0 0 1
    outer loop
      vertex 82.5 5.5 3
      vertex 166 0 3
      vertex 87.5 5.5 3
    endloop
  endfacet
  facet normal 0 0 1
    outer loop
      vertex 75.5 5.5 3
      vertex 82.5 5.5 3
      vertex 75.5 10.5 3
    endloop
  endfacet
  facet normal 0 0 1
    outer loop
      vertex 4 0 3
      vertex 82.5 5.5 3
      vertex 75.5 5.5 3
    endloop
  endfacet
  facet normal 0 0 1
    outer loop
      vertex 4 0 3
      vertex 75.5 5.5 3
      vertex 70.5 5.5 3
    endloop
  endfacet
  facet normal 0 0 1
    outer loop
      vertex 63.5 5.5 3
      vertex 70.5 5.5 3
      vertex 63.5 10.5 3
    endloop
  endfacet
  facet normal 0 0 1
    outer loop
      vertex 4 0 3
      vertex 70.5 5.5 3
      vertex 63.5 5.5 3
    endloop
  endfacet
  facet normal 0 0 1
    outer loop
      vertex 4 0 3
      vertex 63.5 5.5 3
      vertex 58.5 5.5 3
    endloop
  endfacet
  facet normal 0 0 1
    outer loop
      vertex 51.5 5.5 3
      vertex 58.5 5.5 3
      vertex 51.5 10.5 3
    endloop
  endfacet
  facet normal 0 0 1
    outer loop
      vertex 4 0 3
      vertex 58.5 5.5 3
      vertex 51.5 5.5 3
    endloop
  endfacet
  facet normal 0 0 1
    outer loop
      vertex 4 0 3
      vertex 51.5 5.5 3
      vertex 46.5 5.5 3
    endloop
  endfacet
  facet normal 0 0 1
    outer loop
      vertex 39.5 5.5 3
      vertex 46.5 5.5 3
      vertex 39.5 10.5 3
    endloop
  endfacet
  facet normal 0 0 1
    outer loop
      vertex 4 0 3
      vertex 46.5 5.5 3
      vertex 39.5 5.5 3
    endloop
  endfacet
  facet normal 0 0 1
    outer loop
      vertex 4 0 3
      vertex 39.5 5.5 3
      vertex 34.5 5.5 3
    endloop
  endfacet
  facet normal -0 0 1
    outer loop
      vertex 13.4529 7.28211 3
      vertex 34.5 5.5 3
      vertex 13.5 8 3
    endloop
  endfacet
  facet normal -0 0 1
    outer loop
      vertex 13.3126 6.5765 3
      vertex 34.5 5.5 3
      vertex 13.4529 7.28211 3
    endloop
  endfacet
  facet normal -0 0 1
    outer loop
      vertex 13.0813 5.89524 3
      vertex 34.5 5.5 3
      vertex 13.3126 6.5765 3
    endloop
  endfacet
  facet normal 0 0 1
    outer loop
      vertex 12.7631 5.25 3
      vertex 34.5 5.5 3
      vertex 13.0813 5.89524 3
    endloop
  endfacet
  facet normal 0 0 1
    outer loop
      vertex 12.3634 4.65181 3
      vertex 34.5 5.5 3
      vertex 12.7631 5.25 3
    endloop
  endfacet
  facet normal 0 0 1
    outer loop
      vertex 11.8891 4.11091 3
      vertex 34.5 5.5 3
      vertex 12.3634 4.65181 3
    endloop
  endfacet
  facet normal 0 0 1
    outer loop
      vertex 11.3482 3.63656 3
      vertex 34.5 5.5 3
      vertex 11.8891 4.11091 3
    endloop
  endfacet
  facet normal 0 0 1
    outer loop
      vertex 10.75 3.23686 3
      vertex 34.5 5.5 3
      vertex 11.3482 3.63656 3
    endloop
  endfacet
  facet normal 0 0 1
    outer loop
      vertex 10.1048 2.91866 3
      vertex 34.5 5.5 3
      vertex 10.75 3.23686 3
    endloop
  endfacet
  facet normal 0 0 1
    outer loop
      vertex 4 0 3
      vertex 34.5 5.5 3
      vertex 10.1048 2.91866 3
    endloop
  endfacet
  facet normal 0 0 1
    outer loop
      vertex 4 0 3
      vertex 10.1048 2.91866 3
      vertex 9.4235 2.68741 3
    endloop
  endfacet
  facet normal 0 0 1
    outer loop
      vertex 4 0 3
      vertex 9.4235 2.68741 3
      vertex 8.71789 2.54705 3
    endloop
  endfacet
  facet normal 0 0 1
    outer loop
      vertex 4 0 3
      vertex 8.71789 2.54705 3
      vertex 8 2.5 3
    endloop
  endfacet
  facet normal 0 0 1
    outer loop
      vertex 82.5 5.5 3
      vertex 4 0 3
      vertex 166 0 3
    endloop
  endfacet
  facet normal 0 0 1
    outer loop
      vertex 7.28211 2.54705 3
      vertex 4 0 3
      vertex 8 2.5 3
    endloop
  endfacet
  facet normal 0 0 1
    outer loop
      vertex 6.5765 2.68741 3
      vertex 4 0 3
      vertex 7.28211 2.54705 3
    endloop
  endfacet
  facet normal 0 0 1
    outer loop
      vertex 5.89524 2.91866 3
      vertex 4 0 3
      vertex 6.5765 2.68741 3
    endloop
  endfacet
  facet normal 0 0 1
    outer loop
      vertex 5.25 3.23686 3
      vertex 4 0 3
      vertex 5.89524 2.91866 3
    endloop
  endfacet
  facet normal 0 0 1
    outer loop
      vertex 4.65181 3.63656 3
      vertex 4 0 3
      vertex 5.25 3.23686 3
    endloop
  endfacet
  facet normal 0 0 1
    outer loop
      vertex 2 0.535904 3
      vertex 4.65181 3.63656 3
      vertex 4.11091 4.11091 3
    endloop
  endfacet
  facet normal 0 0 1
    outer loop
      vertex 0.535904 2 3
      vertex 4.11091 4.11091 3
      vertex 3.63656 4.65181 3
    endloop
  endfacet
  facet normal 0 0 1
    outer loop
      vertex 4.65181 3.63656 3
      vertex 3.47789 0.0342255 3
      vertex 4 0 3
    endloop
  endfacet
  facet normal 0 0 1
    outer loop
      vertex 0 4 3
      vertex 3.63656 4.65181 3
      vertex 3.23686 5.25 3
    endloop
  endfacet
  facet normal 0 0 1
    outer loop
      vertex 4.65181 3.63656 3
      vertex 2.96472 0.136292 3
      vertex 3.47789 0.0342255 3
    endloop
  endfacet
  facet normal 0 0 1
    outer loop
      vertex 0 4 3
      vertex 3.23686 5.25 3
      vertex 2.91866 5.89524 3
    endloop
  endfacet
  facet normal 0 0 1
    outer loop
      vertex 0 4 3
      vertex 2.91866 5.89524 3
      vertex 2.68741 6.5765 3
    endloop
  endfacet
  facet normal 0 0 1
    outer loop
      vertex 0 4 3
      vertex 2.68741 6.5765 3
      vertex 2.54705 7.28211 3
    endloop
  endfacet
  facet normal 0 0 1
    outer loop
      vertex 0 4 3
      vertex 2.54705 7.28211 3
      vertex 2.5 8 3
    endloop
  endfacet
  facet normal 0 0 1
    outer loop
      vertex 3.63656 4.65181 3
      vertex 0 4 3
      vertex 0.0342255 3.47789 3
    endloop
  endfacet
  facet normal 0 0 1
    outer loop
      vertex 2.54705 8.71789 3
      vertex 0 12 3
      vertex 2.5 8 3
    endloop
  endfacet
  facet normal -0 0 1
    outer loop
      vertex 0.304489 13.5307 3
      vertex 3.63656 11.3482 3
      vertex 0.535904 14 3
    endloop
  endfacet
  facet normal 0 0 1
    outer loop
      vertex 0 4 3
      vertex 2.5 8 3
      vertex 0 12 3
    endloop
  endfacet
  facet normal -0 0 1
    outer loop
      vertex 0.136292 13.0353 3
      vertex 3.63656 11.3482 3
      vertex 0.304489 13.5307 3
    endloop
  endfacet
  facet normal 0 0 1
    outer loop
      vertex 4.65181 3.63656 3
      vertex 2.46927 0.304489 3
      vertex 2.96472 0.136292 3
    endloop
  endfacet
  facet normal -0 0 1
    outer loop
      vertex 0.0342255 12.5221 3
      vertex 3.63656 11.3482 3
      vertex 0.136292 13.0353 3
    endloop
  endfacet
  facet normal 0 0 1
    outer loop
      vertex 4.65181 3.63656 3
      vertex 2 0.535904 3
      vertex 2.46927 0.304489 3
    endloop
  endfacet
  facet normal -0 0 1
    outer loop
      vertex 0 12 3
      vertex 3.63656 11.3482 3
      vertex 0.0342255 12.5221 3
    endloop
  endfacet
  facet normal 0 0 1
    outer loop
      vertex 4.11091 4.11091 3
      vertex 1.56496 0.826584 3
      vertex 2 0.535904 3
    endloop
  endfacet
  facet normal 0 0 1
    outer loop
      vertex 3.63656 11.3482 3
      vertex 0 12 3
      vertex 3.23686 10.75 3
    endloop
  endfacet
  facet normal 0 0 1
    outer loop
      vertex 4.11091 4.11091 3
      vertex 1.17157 1.17157 3
      vertex 1.56496 0.826584 3
    endloop
  endfacet
  facet normal 0 0 1
    outer loop
      vertex 3.23686 10.75 3
      vertex 0 12 3
      vertex 2.91866 10.1048 3
    endloop
  endfacet
  facet normal 0 0 1
    outer loop
      vertex 4.11091 4.11091 3
      vertex 0.826584 1.56496 3
      vertex 1.17157 1.17157 3
    endloop
  endfacet
  facet normal 0 0 1
    outer loop
      vertex 2.91866 10.1048 3
      vertex 0 12 3
      vertex 2.68741 9.4235 3
    endloop
  endfacet
  facet normal 0 0 1
    outer loop
      vertex 4.11091 4.11091 3
      vertex 0.535904 2 3
      vertex 0.826584 1.56496 3
    endloop
  endfacet
  facet normal 0 0 1
    outer loop
      vertex 2.68741 9.4235 3
      vertex 0 12 3
      vertex 2.54705 8.71789 3
    endloop
  endfacet
  facet normal 0 0 1
    outer loop
      vertex 3.63656 4.65181 3
      vertex 0.304489 2.46927 3
      vertex 0.535904 2 3
    endloop
  endfacet
  facet normal 0 0 1
    outer loop
      vertex 3.63656 4.65181 3
      vertex 0.136292 2.96472 3
      vertex 0.304489 2.46927 3
    endloop
  endfacet
  facet normal 0 0 1
    outer loop
      vertex 3.63656 4.65181 3
      vertex 0.0342255 3.47789 3
      vertex 0.136292 2.96472 3
    endloop
  endfacet
  facet normal 0.689655 0 0.724138
    outer loop
      vertex 37.4 8.4 5
      vertex 39.5 5.5 3
      vertex 39.5 10.5 3
    endloop
  endfacet
  facet normal 0.689655 0 0.724138
    outer loop
      vertex 39.5 5.5 3
      vertex 37.4 8.4 5
      vertex 37.4 7.6 5
    endloop
  endfacet
  facet normal -0 0 1
    outer loop
      vertex 36.6 8.4 5
      vertex 37.4 7.6 5
      vertex 37.4 8.4 5
    endloop
  endfacet
  facet normal 0 0 1
    outer loop
      vertex 37.4 7.6 5
      vertex 36.6 8.4 5
      vertex 36.6 7.6 5
    endloop
  endfacet
  facet normal 0 -0.689655 0.724138
    outer loop
      vertex 48.6 7.6 5
      vertex 51.5 5.5 3
      vertex 49.4 7.6 5
    endloop
  endfacet
  facet normal 0 -0.689655 0.724138
    outer loop
      vertex 51.5 5.5 3
      vertex 48.6 7.6 5
      vertex 46.5 5.5 3
    endloop
  endfacet
  facet normal 0 0.689655 0.724138
    outer loop
      vertex 51.5 10.5 3
      vertex 48.6 8.4 5
      vertex 49.4 8.4 5
    endloop
  endfacet
  facet normal 0 0.689655 0.724138
    outer loop
      vertex 48.6 8.4 5
      vertex 51.5 10.5 3
      vertex 46.5 10.5 3
    endloop
  endfacet
  facet normal -0.689655 0 0.724138
    outer loop
      vertex 46.5 10.5 3
      vertex 48.6 7.6 5
      vertex 48.6 8.4 5
    endloop
  endfacet
  facet normal -0.689655 0 0.724138
    outer loop
      vertex 48.6 7.6 5
      vertex 46.5 10.5 3
      vertex 46.5 5.5 3
    endloop
  endfacet
  facet normal 0.689655 0 0.724138
    outer loop
      vertex 49.4 8.4 5
      vertex 51.5 5.5 3
      vertex 51.5 10.5 3
    endloop
  endfacet
  facet normal 0.689655 0 0.724138
    outer loop
      vertex 51.5 5.5 3
      vertex 49.4 8.4 5
      vertex 49.4 7.6 5
    endloop
  endfacet
  facet normal -0 0 1
    outer loop
      vertex 48.6 8.4 5
      vertex 49.4 7.6 5
      vertex 49.4 8.4 5
    endloop
  endfacet
  facet normal 0 0 1
    outer loop
      vertex 49.4 7.6 5
      vertex 48.6 8.4 5
      vertex 48.6 7.6 5
    endloop
  endfacet
  facet normal 0 -0.689655 0.724138
    outer loop
      vertex 60.6 7.6 5
      vertex 63.5 5.5 3
      vertex 61.4 7.6 5
    endloop
  endfacet
  facet normal 0 -0.689655 0.724138
    outer loop
      vertex 63.5 5.5 3
      vertex 60.6 7.6 5
      vertex 58.5 5.5 3
    endloop
  endfacet
  facet normal 0 0.689655 0.724138
    outer loop
      vertex 63.5 10.5 3
      vertex 60.6 8.4 5
      vertex 61.4 8.4 5
    endloop
  endfacet
  facet normal 0 0.689655 0.724138
    outer loop
      vertex 60.6 8.4 5
      vertex 63.5 10.5 3
      vertex 58.5 10.5 3
    endloop
  endfacet
  facet normal -0.689655 0 0.724138
    outer loop
      vertex 58.5 10.5 3
      vertex 60.6 7.6 5
      vertex 60.6 8.4 5
    endloop
  endfacet
  facet normal -0.689655 0 0.724138
    outer loop
      vertex 60.6 7.6 5
      vertex 58.5 10.5 3
      vertex 58.5 5.5 3
    endloop
  endfacet
  facet normal 0.689655 0 0.724138
    outer loop
      vertex 61.4 8.4 5
      vertex 63.5 5.5 3
      vertex 63.5 10.5 3
    endloop
  endfacet
  facet normal 0.689655 0 0.724138
    outer loop
      vertex 63.5 5.5 3
      vertex 61.4 8.4 5
      vertex 61.4 7.6 5
    endloop
  endfacet
  facet normal -0 0 1
    outer loop
      vertex 60.6 8.4 5
      vertex 61.4 7.6 5
      vertex 61.4 8.4 5
    endloop
  endfacet
  facet normal 0 0 1
    outer loop
      vertex 61.4 7.6 5
      vertex 60.6 8.4 5
      vertex 60.6 7.6 5
    endloop
  endfacet
  facet normal 0 -0.689655 0.724138
    outer loop
      vertex 72.6 7.6 5
      vertex 75.5 5.5 3
      vertex 73.4 7.6 5
    endloop
  endfacet
  facet normal 0 -0.689655 0.724138
    outer loop
      vertex 75.5 5.5 3
      vertex 72.6 7.6 5
      vertex 70.5 5.5 3
    endloop
  endfacet
  facet normal 0 0.689655 0.724138
    outer loop
      vertex 75.5 10.5 3
      vertex 72.6 8.4 5
      vertex 73.4 8.4 5
    endloop
  endfacet
  facet normal 0 0.689655 0.724138
    outer loop
      vertex 72.6 8.4 5
      vertex 75.5 10.5 3
      vertex 70.5 10.5 3
    endloop
  endfacet
  facet normal -0.689655 0 0.724138
    outer loop
      vertex 70.5 10.5 3
      vertex 72.6 7.6 5
      vertex 72.6 8.4 5
    endloop
  endfacet
  facet normal -0.689655 0 0.724138
    outer loop
      vertex 72.6 7.6 5
      vertex 70.5 10.5 3
      vertex 70.5 5.5 3
    endloop
  endfacet
  facet normal 0.689655 0 0.724138
    outer loop
      vertex 73.4 8.4 5
      vertex 75.5 5.5 3
      vertex 75.5 10.5 3
    endloop
  endfacet
  facet normal 0.689655 0 0.724138
    outer loop
      vertex 75.5 5.5 3
      vertex 73.4 8.4 5
      vertex 73.4 7.6 5
    endloop
  endfacet
  facet normal -0 0 1
    outer loop
      vertex 72.6 8.4 5
      vertex 73.4 7.6 5
      vertex 73.4 8.4 5
    endloop
  endfacet
  facet normal 0 0 1
    outer loop
      vertex 73.4 7.6 5
      vertex 72.6 8.4 5
      vertex 72.6 7.6 5
    endloop
  endfacet
  facet normal 0 -0.689655 0.724138
    outer loop
      vertex 84.6 7.6 5
      vertex 87.5 5.5 3
      vertex 85.4 7.6 5
    endloop
  endfacet
  facet normal 0 -0.689655 0.724138
    outer loop
      vertex 87.5 5.5 3
      vertex 84.6 7.6 5
      vertex 82.5 5.5 3
    endloop
  endfacet
  facet normal 0 0.689655 0.724138
    outer loop
      vertex 87.5 10.5 3
      vertex 84.6 8.4 5
      vertex 85.4 8.4 5
    endloop
  endfacet
  facet normal 0 0.689655 0.724138
    outer loop
      vertex 84.6 8.4 5
      vertex 87.5 10.5 3
      vertex 82.5 10.5 3
    endloop
  endfacet
  facet normal -0.689655 0 0.724138
    outer loop
      vertex 82.5 10.5 3
      vertex 84.6 7.6 5
      vertex 84.6 8.4 5
    endloop
  endfacet
  facet normal -0.689655 0 0.724138
    outer loop
      vertex 84.6 7.6 5
      vertex 82.5 10.5 3
      vertex 82.5 5.5 3
    endloop
  endfacet
  facet normal 0.689655 0 0.724138
    outer loop
      vertex 85.4 8.4 5
      vertex 87.5 5.5 3
      vertex 87.5 10.5 3
    endloop
  endfacet
  facet normal 0.689655 0 0.724138
    outer loop
      vertex 87.5 5.5 3
      vertex 85.4 8.4 5
      vertex 85.4 7.6 5
    endloop
  endfacet
  facet normal -0 0 1
    outer loop
      vertex 84.6 8.4 5
      vertex 85.4 7.6 5
      vertex 85.4 8.4 5
    endloop
  endfacet
  facet normal 0 0 1
    outer loop
      vertex 85.4 7.6 5
      vertex 84.6 8.4 5
      vertex 84.6 7.6 5
    endloop
  endfacet
  facet normal 0 -0.689655 0.724138
    outer loop
      vertex 96.6 7.6 5
      vertex 99.5 5.5 3
      vertex 97.4 7.6 5
    endloop
  endfacet
  facet normal 0 -0.689655 0.724138
    outer loop
      vertex 99.5 5.5 3
      vertex 96.6 7.6 5
      vertex 94.5 5.5 3
    endloop
  endfacet
  facet normal -0 0 1
    outer loop
      vertex 96.6 8.4 5
      vertex 97.4 7.6 5
      vertex 97.4 8.4 5
    endloop
  endfacet
  facet normal 0 0 1
    outer loop
      vertex 97.4 7.6 5
      vertex 96.6 8.4 5
      vertex 96.6 7.6 5
    endloop
  endfacet
  facet normal 0 0.689655 0.724138
    outer loop
      vertex 99.5 10.5 3
      vertex 96.6 8.4 5
      vertex 97.4 8.4 5
    endloop
  endfacet
  facet normal 0 0.689655 0.724138
    outer loop
      vertex 96.6 8.4 5
      vertex 99.5 10.5 3
      vertex 94.5 10.5 3
    endloop
  endfacet
  facet normal -0.689655 0 0.724138
    outer loop
      vertex 94.5 10.5 3
      vertex 96.6 7.6 5
      vertex 96.6 8.4 5
    endloop
  endfacet
  facet normal -0.689655 0 0.724138
    outer loop
      vertex 96.6 7.6 5
      vertex 94.5 10.5 3
      vertex 94.5 5.5 3
    endloop
  endfacet
  facet normal 0.689655 0 0.724138
    outer loop
      vertex 97.4 8.4 5
      vertex 99.5 5.5 3
      vertex 99.5 10.5 3
    endloop
  endfacet
  facet normal 0.689655 0 0.724138
    outer loop
      vertex 99.5 5.5 3
      vertex 97.4 8.4 5
      vertex 97.4 7.6 5
    endloop
  endfacet
  facet normal 0 -0.689655 0.724138
    outer loop
      vertex 108.6 7.6 5
      vertex 111.5 5.5 3
      vertex 109.4 7.6 5
    endloop
  endfacet
  facet normal 0 -0.689655 0.724138
    outer loop
      vertex 111.5 5.5 3
      vertex 108.6 7.6 5
      vertex 106.5 5.5 3
    endloop
  endfacet
  facet normal 0 0.689655 0.724138
    outer loop
      vertex 111.5 10.5 3
      vertex 108.6 8.4 5
      vertex 109.4 8.4 5
    endloop
  endfacet
  facet normal 0 0.689655 0.724138
    outer loop
      vertex 108.6 8.4 5
      vertex 111.5 10.5 3
      vertex 106.5 10.5 3
    endloop
  endfacet
  facet normal -0.689655 0 0.724138
    outer loop
      vertex 106.5 10.5 3
      vertex 108.6 7.6 5
      vertex 108.6 8.4 5
    endloop
  endfacet
  facet normal -0.689655 0 0.724138
    outer loop
      vertex 108.6 7.6 5
      vertex 106.5 10.5 3
      vertex 106.5 5.5 3
    endloop
  endfacet
  facet normal 0.689655 0 0.724138
    outer loop
      vertex 109.4 8.4 5
      vertex 111.5 5.5 3
      vertex 111.5 10.5 3
    endloop
  endfacet
  facet normal 0.689655 0 0.724138
    outer loop
      vertex 111.5 5.5 3
      vertex 109.4 8.4 5
      vertex 109.4 7.6 5
    endloop
  endfacet
  facet normal -0 0 1
    outer loop
      vertex 108.6 8.4 5
      vertex 109.4 7.6 5
      vertex 109.4 8.4 5
    endloop
  endfacet
  facet normal 0 0 1
    outer loop
      vertex 109.4 7.6 5
      vertex 108.6 8.4 5
      vertex 108.6 7.6 5
    endloop
  endfacet
  facet normal 0 -0.689655 0.724138
    outer loop
      vertex 120.6 7.6 5
      vertex 123.5 5.5 3
      vertex 121.4 7.6 5
    endloop
  endfacet
  facet normal 0 -0.689655 0.724138
    outer loop
      vertex 123.5 5.5 3
      vertex 120.6 7.6 5
      vertex 118.5 5.5 3
    endloop
  endfacet
  facet normal 0 0.689655 0.724138
    outer loop
      vertex 123.5 10.5 3
      vertex 120.6 8.4 5
      vertex 121.4 8.4 5
    endloop
  endfacet
  facet normal 0 0.689655 0.724138
    outer loop
      vertex 120.6 8.4 5
      vertex 123.5 10.5 3
      vertex 118.5 10.5 3
    endloop
  endfacet
  facet normal -0.689655 0 0.724138
    outer loop
      vertex 118.5 10.5 3
      vertex 120.6 7.6 5
      vertex 120.6 8.4 5
    endloop
  endfacet
  facet normal -0.689655 0 0.724138
    outer loop
      vertex 120.6 7.6 5
      vertex 118.5 10.5 3
      vertex 118.5 5.5 3
    endloop
  endfacet
  facet normal 0.689655 0 0.724138
    outer loop
      vertex 121.4 8.4 5
      vertex 123.5 5.5 3
      vertex 123.5 10.5 3
    endloop
  endfacet
  facet normal 0.689655 0 0.724138
    outer loop
      vertex 123.5 5.5 3
      vertex 121.4 8.4 5
      vertex 121.4 7.6 5
    endloop
  endfacet
  facet normal -0 0 1
    outer loop
      vertex 120.6 8.4 5
      vertex 121.4 7.6 5
      vertex 121.4 8.4 5
    endloop
  endfacet
  facet normal 0 0 1
    outer loop
      vertex 121.4 7.6 5
      vertex 120.6 8.4 5
      vertex 120.6 7.6 5
    endloop
  endfacet
  facet normal 0 -0.689655 0.724138
    outer loop
      vertex 132.6 7.6 5
      vertex 135.5 5.5 3
      vertex 133.4 7.6 5
    endloop
  endfacet
  facet normal 0 -0.689655 0.724138
    outer loop
      vertex 135.5 5.5 3
      vertex 132.6 7.6 5
      vertex 130.5 5.5 3
    endloop
  endfacet
  facet normal 0 0.689655 0.724138
    outer loop
      vertex 135.5 10.5 3
      vertex 132.6 8.4 5
      vertex 133.4 8.4 5
    endloop
  endfacet
  facet normal 0 0.689655 0.724138
    outer loop
      vertex 132.6 8.4 5
      vertex 135.5 10.5 3
      vertex 130.5 10.5 3
    endloop
  endfacet
  facet normal -0.689655 0 0.724138
    outer loop
      vertex 130.5 10.5 3
      vertex 132.6 7.6 5
      vertex 132.6 8.4 5
    endloop
  endfacet
  facet normal -0.689655 0 0.724138
    outer loop
      vertex 132.6 7.6 5
      vertex 130.5 10.5 3
      vertex 130.5 5.5 3
    endloop
  endfacet
  facet normal 0.689655 0 0.724138
    outer loop
      vertex 133.4 8.4 5
      vertex 135.5 5.5 3
      vertex 135.5 10.5 3
    endloop
  endfacet
  facet normal 0.689655 0 0.724138
    outer loop
      vertex 135.5 5.5 3
      vertex 133.4 8.4 5
      vertex 133.4 7.6 5
    endloop
  endfacet
  facet normal -0 0 1
    outer loop
      vertex 132.6 8.4 5
      vertex 133.4 7.6 5
      vertex 133.4 8.4 5
    endloop
  endfacet
  facet normal 0 0 1
    outer loop
      vertex 133.4 7.6 5
      vertex 132.6 8.4 5
      vertex 132.6 7.6 5
    endloop
  endfacet
  facet normal 0.065399 -0.997859 0
    outer loop
      vertex 8 2.5 3
      vertex 8.71789 2.54705 5.6
      vertex 8 2.5 5.6
    endloop
  endfacet
  facet normal 0.065399 -0.997859 0
    outer loop
      vertex 8.71789 2.54705 5.6
      vertex 8 2.5 3
      vertex 8.71789 2.54705 3
    endloop
  endfacet
  facet normal 0.9808 0.195017 0
    outer loop
      vertex 13.4529 8.71789 5.6
      vertex 13.3126 9.4235 3
      vertex 13.3126 9.4235 5.6
    endloop
  endfacet
  facet normal 0.9808 0.195017 0
    outer loop
      vertex 13.3126 9.4235 3
      vertex 13.4529 8.71789 5.6
      vertex 13.4529 8.71789 3
    endloop
  endfacet
  facet normal 0.997855 0.0654682 0
    outer loop
      vertex 13.5 8 5.6
      vertex 13.4529 8.71789 3
      vertex 13.4529 8.71789 5.6
    endloop
  endfacet
  facet normal 0.997855 0.0654682 0
    outer loop
      vertex 13.4529 8.71789 3
      vertex 13.5 8 5.6
      vertex 13.5 8 3
    endloop
  endfacet
  facet normal 0.946918 0.321477 0
    outer loop
      vertex 13.3126 9.4235 5.6
      vertex 13.0813 10.1048 3
      vertex 13.0813 10.1048 5.6
    endloop
  endfacet
  facet normal 0.946918 0.321477 0
    outer loop
      vertex 13.0813 10.1048 3
      vertex 13.3126 9.4235 5.6
      vertex 13.3126 9.4235 3
    endloop
  endfacet
  facet normal 0.831468 -0.555572 0
    outer loop
      vertex 12.3634 4.65181 5.6
      vertex 12.7631 5.25 3
      vertex 12.7631 5.25 5.6
    endloop
  endfacet
  facet normal 0.831468 -0.555572 0
    outer loop
      vertex 12.7631 5.25 3
      vertex 12.3634 4.65181 5.6
      vertex 12.3634 4.65181 3
    endloop
  endfacet
  facet normal -0.442292 -0.896871 0
    outer loop
      vertex 5.25 3.23686 3
      vertex 5.89524 2.91866 5.6
      vertex 5.25 3.23686 5.6
    endloop
  endfacet
  facet normal -0.442292 -0.896871 -0
    outer loop
      vertex 5.89524 2.91866 5.6
      vertex 5.25 3.23686 3
      vertex 5.89524 2.91866 3
    endloop
  endfacet
  facet normal 0.89686 0.442314 0
    outer loop
      vertex 13.0813 10.1048 5.6
      vertex 12.7631 10.75 3
      vertex 12.7631 10.75 5.6
    endloop
  endfacet
  facet normal 0.89686 0.442314 0
    outer loop
      vertex 12.7631 10.75 3
      vertex 13.0813 10.1048 5.6
      vertex 13.0813 10.1048 3
    endloop
  endfacet
  facet normal 0.321477 0.946918 -0
    outer loop
      vertex 10.1048 13.0813 3
      vertex 9.4235 13.3126 5.6
      vertex 10.1048 13.0813 5.6
    endloop
  endfacet
  facet normal 0.321477 0.946918 0
    outer loop
      vertex 9.4235 13.3126 5.6
      vertex 10.1048 13.0813 3
      vertex 9.4235 13.3126 3
    endloop
  endfacet
  facet normal 0.659301 0.751879 -0
    outer loop
      vertex 11.8891 11.8891 3
      vertex 11.3482 12.3634 5.6
      vertex 11.8891 11.8891 5.6
    endloop
  endfacet
  facet normal 0.659301 0.751879 0
    outer loop
      vertex 11.3482 12.3634 5.6
      vertex 11.8891 11.8891 3
      vertex 11.3482 12.3634 3
    endloop
  endfacet
  facet normal 0.896871 -0.442292 0
    outer loop
      vertex 12.7631 5.25 5.6
      vertex 13.0813 5.89524 3
      vertex 13.0813 5.89524 5.6
    endloop
  endfacet
  facet normal 0.896871 -0.442292 0
    outer loop
      vertex 13.0813 5.89524 3
      vertex 12.7631 5.25 5.6
      vertex 12.7631 5.25 3
    endloop
  endfacet
  facet normal 0.442314 -0.89686 0
    outer loop
      vertex 10.1048 2.91866 3
      vertex 10.75 3.23686 5.6
      vertex 10.1048 2.91866 5.6
    endloop
  endfacet
  facet normal 0.442314 -0.89686 0
    outer loop
      vertex 10.75 3.23686 5.6
      vertex 10.1048 2.91866 3
      vertex 10.75 3.23686 3
    endloop
  endfacet
  facet normal -0.659301 0.751879 0
    outer loop
      vertex 4.65181 12.3634 3
      vertex 4.11091 11.8891 5.6
      vertex 4.65181 12.3634 5.6
    endloop
  endfacet
  facet normal -0.659301 0.751879 0
    outer loop
      vertex 4.11091 11.8891 5.6
      vertex 4.65181 12.3634 3
      vertex 4.11091 11.8891 3
    endloop
  endfacet
  facet normal -0.980784 0.195098 0
    outer loop
      vertex 2.54705 8.71789 3
      vertex 2.68741 9.4235 5.6
      vertex 2.68741 9.4235 3
    endloop
  endfacet
  facet normal -0.980784 0.195098 0
    outer loop
      vertex 2.68741 9.4235 5.6
      vertex 2.54705 8.71789 3
      vertex 2.54705 8.71789 5.6
    endloop
  endfacet
  facet normal -0.555572 -0.831468 0
    outer loop
      vertex 4.65181 3.63656 3
      vertex 5.25 3.23686 5.6
      vertex 4.65181 3.63656 5.6
    endloop
  endfacet
  facet normal -0.555572 -0.831468 -0
    outer loop
      vertex 5.25 3.23686 5.6
      vertex 4.65181 3.63656 3
      vertex 5.25 3.23686 3
    endloop
  endfacet
  facet normal -0.065399 -0.997859 0
    outer loop
      vertex 7.28211 2.54705 3
      vertex 8 2.5 5.6
      vertex 7.28211 2.54705 5.6
    endloop
  endfacet
  facet normal -0.065399 -0.997859 -0
    outer loop
      vertex 8 2.5 5.6
      vertex 7.28211 2.54705 3
      vertex 8 2.5 3
    endloop
  endfacet
  facet normal 0.442314 0.89686 -0
    outer loop
      vertex 10.75 12.7631 3
      vertex 10.1048 13.0813 5.6
      vertex 10.75 12.7631 5.6
    endloop
  endfacet
  facet normal 0.442314 0.89686 0
    outer loop
      vertex 10.1048 13.0813 5.6
      vertex 10.75 12.7631 3
      vertex 10.1048 13.0813 3
    endloop
  endfacet
  facet normal 0.321414 -0.946939 0
    outer loop
      vertex 9.4235 2.68741 3
      vertex 10.1048 2.91866 5.6
      vertex 9.4235 2.68741 5.6
    endloop
  endfacet
  facet normal 0.321414 -0.946939 0
    outer loop
      vertex 10.1048 2.91866 5.6
      vertex 9.4235 2.68741 3
      vertex 10.1048 2.91866 3
    endloop
  endfacet
  facet normal -0.997859 0.065399 0
    outer loop
      vertex 2.5 8 3
      vertex 2.54705 8.71789 5.6
      vertex 2.54705 8.71789 3
    endloop
  endfacet
  facet normal -0.997859 0.065399 0
    outer loop
      vertex 2.54705 8.71789 5.6
      vertex 2.5 8 3
      vertex 2.5 8 5.6
    endloop
  endfacet
  facet normal -0.751844 0.659341 0
    outer loop
      vertex 3.63656 11.3482 3
      vertex 4.11091 11.8891 5.6
      vertex 4.11091 11.8891 3
    endloop
  endfacet
  facet normal -0.751844 0.659341 0
    outer loop
      vertex 4.11091 11.8891 5.6
      vertex 3.63656 11.3482 3
      vertex 3.63656 11.3482 5.6
    endloop
  endfacet
  facet normal -0.442292 0.896871 0
    outer loop
      vertex 5.89524 13.0813 3
      vertex 5.25 12.7631 5.6
      vertex 5.89524 13.0813 5.6
    endloop
  endfacet
  facet normal -0.442292 0.896871 0
    outer loop
      vertex 5.25 12.7631 5.6
      vertex 5.89524 13.0813 3
      vertex 5.25 12.7631 3
    endloop
  endfacet
  facet normal 0.946912 -0.321494 0
    outer loop
      vertex 13.0813 5.89524 5.6
      vertex 13.3126 6.5765 3
      vertex 13.3126 6.5765 5.6
    endloop
  endfacet
  facet normal 0.946912 -0.321494 0
    outer loop
      vertex 13.3126 6.5765 3
      vertex 13.0813 5.89524 5.6
      vertex 13.0813 5.89524 3
    endloop
  endfacet
  facet normal 0.751879 0.659301 0
    outer loop
      vertex 12.3634 11.3482 5.6
      vertex 11.8891 11.8891 3
      vertex 11.8891 11.8891 5.6
    endloop
  endfacet
  facet normal 0.751879 0.659301 0
    outer loop
      vertex 11.8891 11.8891 3
      vertex 12.3634 11.3482 5.6
      vertex 12.3634 11.3482 3
    endloop
  endfacet
  facet normal 0.9808 -0.195017 0
    outer loop
      vertex 13.3126 6.5765 5.6
      vertex 13.4529 7.28211 3
      vertex 13.4529 7.28211 5.6
    endloop
  endfacet
  facet normal 0.9808 -0.195017 0
    outer loop
      vertex 13.4529 7.28211 3
      vertex 13.3126 6.5765 5.6
      vertex 13.3126 6.5765 3
    endloop
  endfacet
  facet normal -0.831468 -0.555572 0
    outer loop
      vertex 3.63656 4.65181 3
      vertex 3.23686 5.25 5.6
      vertex 3.23686 5.25 3
    endloop
  endfacet
  facet normal -0.831468 -0.555572 0
    outer loop
      vertex 3.23686 5.25 5.6
      vertex 3.63656 4.65181 3
      vertex 3.63656 4.65181 5.6
    endloop
  endfacet
  facet normal -0.659341 -0.751844 0
    outer loop
      vertex 4.11091 4.11091 3
      vertex 4.65181 3.63656 5.6
      vertex 4.11091 4.11091 5.6
    endloop
  endfacet
  facet normal -0.659341 -0.751844 -0
    outer loop
      vertex 4.65181 3.63656 5.6
      vertex 4.11091 4.11091 3
      vertex 4.65181 3.63656 3
    endloop
  endfacet
  facet normal 0.195098 -0.980784 0
    outer loop
      vertex 8.71789 2.54705 3
      vertex 9.4235 2.68741 5.6
      vertex 8.71789 2.54705 5.6
    endloop
  endfacet
  facet normal 0.195098 -0.980784 0
    outer loop
      vertex 9.4235 2.68741 5.6
      vertex 8.71789 2.54705 3
      vertex 9.4235 2.68741 3
    endloop
  endfacet
  facet normal 0.659341 -0.751844 0
    outer loop
      vertex 11.3482 3.63656 3
      vertex 11.8891 4.11091 5.6
      vertex 11.3482 3.63656 5.6
    endloop
  endfacet
  facet normal 0.659341 -0.751844 0
    outer loop
      vertex 11.8891 4.11091 5.6
      vertex 11.3482 3.63656 3
      vertex 11.8891 4.11091 3
    endloop
  endfacet
  facet normal 0.997855 -0.0654682 0
    outer loop
      vertex 13.4529 7.28211 5.6
      vertex 13.5 8 3
      vertex 13.5 8 5.6
    endloop
  endfacet
  facet normal 0.997855 -0.0654682 0
    outer loop
      vertex 13.5 8 3
      vertex 13.4529 7.28211 5.6
      vertex 13.4529 7.28211 3
    endloop
  endfacet
  facet normal -0.980784 -0.195098 0
    outer loop
      vertex 2.68741 6.5765 3
      vertex 2.54705 7.28211 5.6
      vertex 2.54705 7.28211 3
    endloop
  endfacet
  facet normal -0.980784 -0.195098 0
    outer loop
      vertex 2.54705 7.28211 5.6
      vertex 2.68741 6.5765 3
      vertex 2.68741 6.5765 5.6
    endloop
  endfacet
  facet normal 0.751879 -0.659301 0
    outer loop
      vertex 11.8891 4.11091 5.6
      vertex 12.3634 4.65181 3
      vertex 12.3634 4.65181 5.6
    endloop
  endfacet
  facet normal 0.751879 -0.659301 0
    outer loop
      vertex 12.3634 4.65181 3
      vertex 11.8891 4.11091 5.6
      vertex 11.8891 4.11091 3
    endloop
  endfacet
  facet normal -0.0654682 0.997855 0
    outer loop
      vertex 8 13.5 3
      vertex 7.28211 13.4529 5.6
      vertex 8 13.5 5.6
    endloop
  endfacet
  facet normal -0.0654682 0.997855 0
    outer loop
      vertex 7.28211 13.4529 5.6
      vertex 8 13.5 3
      vertex 7.28211 13.4529 3
    endloop
  endfacet
  facet normal -0.896871 -0.442292 0
    outer loop
      vertex 3.23686 5.25 3
      vertex 2.91866 5.89524 5.6
      vertex 2.91866 5.89524 3
    endloop
  endfacet
  facet normal -0.896871 -0.442292 0
    outer loop
      vertex 2.91866 5.89524 5.6
      vertex 3.23686 5.25 3
      vertex 3.23686 5.25 5.6
    endloop
  endfacet
  facet normal -0.89686 0.442314 0
    outer loop
      vertex 2.91866 10.1048 3
      vertex 3.23686 10.75 5.6
      vertex 3.23686 10.75 3
    endloop
  endfacet
  facet normal -0.89686 0.442314 0
    outer loop
      vertex 3.23686 10.75 5.6
      vertex 2.91866 10.1048 3
      vertex 2.91866 10.1048 5.6
    endloop
  endfacet
  facet normal 0.555566 0.831472 -0
    outer loop
      vertex 11.3482 12.3634 3
      vertex 10.75 12.7631 5.6
      vertex 11.3482 12.3634 5.6
    endloop
  endfacet
  facet normal 0.555566 0.831472 0
    outer loop
      vertex 10.75 12.7631 5.6
      vertex 11.3482 12.3634 3
      vertex 10.75 12.7631 3
    endloop
  endfacet
  facet normal 0.195017 0.9808 -0
    outer loop
      vertex 9.4235 13.3126 3
      vertex 8.71789 13.4529 5.6
      vertex 9.4235 13.3126 5.6
    endloop
  endfacet
  facet normal 0.195017 0.9808 0
    outer loop
      vertex 8.71789 13.4529 5.6
      vertex 9.4235 13.3126 3
      vertex 8.71789 13.4529 3
    endloop
  endfacet
  facet normal -0.321431 -0.946933 0
    outer loop
      vertex 5.89524 2.91866 3
      vertex 6.5765 2.68741 5.6
      vertex 5.89524 2.91866 5.6
    endloop
  endfacet
  facet normal -0.321431 -0.946933 -0
    outer loop
      vertex 6.5765 2.68741 5.6
      vertex 5.89524 2.91866 3
      vertex 6.5765 2.68741 3
    endloop
  endfacet
  facet normal -0.555572 0.831468 0
    outer loop
      vertex 5.25 12.7631 3
      vertex 4.65181 12.3634 5.6
      vertex 5.25 12.7631 5.6
    endloop
  endfacet
  facet normal -0.555572 0.831468 0
    outer loop
      vertex 4.65181 12.3634 5.6
      vertex 5.25 12.7631 3
      vertex 4.65181 12.3634 3
    endloop
  endfacet
  facet normal 0.831472 0.555566 0
    outer loop
      vertex 12.7631 10.75 5.6
      vertex 12.3634 11.3482 3
      vertex 12.3634 11.3482 5.6
    endloop
  endfacet
  facet normal 0.831472 0.555566 0
    outer loop
      vertex 12.3634 11.3482 3
      vertex 12.7631 10.75 5.6
      vertex 12.7631 10.75 3
    endloop
  endfacet
  facet normal -0.997859 -0.065399 0
    outer loop
      vertex 2.54705 7.28211 3
      vertex 2.5 8 5.6
      vertex 2.5 8 3
    endloop
  endfacet
  facet normal -0.997859 -0.065399 0
    outer loop
      vertex 2.5 8 5.6
      vertex 2.54705 7.28211 3
      vertex 2.54705 7.28211 5.6
    endloop
  endfacet
  facet normal -0.321494 0.946912 0
    outer loop
      vertex 6.5765 13.3126 3
      vertex 5.89524 13.0813 5.6
      vertex 6.5765 13.3126 5.6
    endloop
  endfacet
  facet normal -0.321494 0.946912 0
    outer loop
      vertex 5.89524 13.0813 5.6
      vertex 6.5765 13.3126 3
      vertex 5.89524 13.0813 3
    endloop
  endfacet
  facet normal 0.0654682 0.997855 -0
    outer loop
      vertex 8.71789 13.4529 3
      vertex 8 13.5 5.6
      vertex 8.71789 13.4529 5.6
    endloop
  endfacet
  facet normal 0.0654682 0.997855 0
    outer loop
      vertex 8 13.5 5.6
      vertex 8.71789 13.4529 3
      vertex 8 13.5 3
    endloop
  endfacet
  facet normal -0.195098 -0.980784 0
    outer loop
      vertex 6.5765 2.68741 3
      vertex 7.28211 2.54705 5.6
      vertex 6.5765 2.68741 5.6
    endloop
  endfacet
  facet normal -0.195098 -0.980784 -0
    outer loop
      vertex 7.28211 2.54705 5.6
      vertex 6.5765 2.68741 3
      vertex 7.28211 2.54705 3
    endloop
  endfacet
  facet normal -0.195017 0.9808 0
    outer loop
      vertex 7.28211 13.4529 3
      vertex 6.5765 13.3126 5.6
      vertex 7.28211 13.4529 5.6
    endloop
  endfacet
  facet normal -0.195017 0.9808 0
    outer loop
      vertex 6.5765 13.3126 5.6
      vertex 7.28211 13.4529 3
      vertex 6.5765 13.3126 3
    endloop
  endfacet
  facet normal 0.555566 -0.831472 0
    outer loop
      vertex 10.75 3.23686 3
      vertex 11.3482 3.63656 5.6
      vertex 10.75 3.23686 5.6
    endloop
  endfacet
  facet normal 0.555566 -0.831472 0
    outer loop
      vertex 11.3482 3.63656 5.6
      vertex 10.75 3.23686 3
      vertex 11.3482 3.63656 3
    endloop
  endfacet
  facet normal -0.946933 -0.321431 0
    outer loop
      vertex 2.91866 5.89524 3
      vertex 2.68741 6.5765 5.6
      vertex 2.68741 6.5765 3
    endloop
  endfacet
  facet normal -0.946933 -0.321431 0
    outer loop
      vertex 2.68741 6.5765 5.6
      vertex 2.91866 5.89524 3
      vertex 2.91866 5.89524 5.6
    endloop
  endfacet
  facet normal -0.751844 -0.659341 0
    outer loop
      vertex 4.11091 4.11091 3
      vertex 3.63656 4.65181 5.6
      vertex 3.63656 4.65181 3
    endloop
  endfacet
  facet normal -0.751844 -0.659341 0
    outer loop
      vertex 3.63656 4.65181 5.6
      vertex 4.11091 4.11091 3
      vertex 4.11091 4.11091 5.6
    endloop
  endfacet
  facet normal -0.946939 0.321414 0
    outer loop
      vertex 2.68741 9.4235 3
      vertex 2.91866 10.1048 5.6
      vertex 2.91866 10.1048 3
    endloop
  endfacet
  facet normal -0.946939 0.321414 0
    outer loop
      vertex 2.91866 10.1048 5.6
      vertex 2.68741 9.4235 3
      vertex 2.68741 9.4235 5.6
    endloop
  endfacet
  facet normal -0.831472 0.555566 0
    outer loop
      vertex 3.23686 10.75 3
      vertex 3.63656 11.3482 5.6
      vertex 3.63656 11.3482 3
    endloop
  endfacet
  facet normal -0.831472 0.555566 0
    outer loop
      vertex 3.63656 11.3482 5.6
      vertex 3.23686 10.75 3
      vertex 3.23686 10.75 5.6
    endloop
  endfacet
  facet normal 0 0 1
    outer loop
      vertex 11.15 8 5.6
      vertex 13.5 8 5.6
      vertex 13.4529 8.71789 5.6
    endloop
  endfacet
  facet normal 0 0 1
    outer loop
      vertex 11.1231 8.41116 5.6
      vertex 13.4529 8.71789 5.6
      vertex 13.3126 9.4235 5.6
    endloop
  endfacet
  facet normal 0 0 1
    outer loop
      vertex 13.5 8 5.6
      vertex 11.15 8 5.6
      vertex 13.4529 7.28211 5.6
    endloop
  endfacet
  facet normal 0 0 1
    outer loop
      vertex 11.0427 8.81528 5.6
      vertex 13.3126 9.4235 5.6
      vertex 13.0813 10.1048 5.6
    endloop
  endfacet
  facet normal -0 0 1
    outer loop
      vertex 11.1231 7.58884 5.6
      vertex 13.4529 7.28211 5.6
      vertex 11.15 8 5.6
    endloop
  endfacet
  facet normal 0 0 1
    outer loop
      vertex 10.9102 9.20545 5.6
      vertex 13.0813 10.1048 5.6
      vertex 12.7631 10.75 5.6
    endloop
  endfacet
  facet normal 0 0 1
    outer loop
      vertex 13.4529 7.28211 5.6
      vertex 11.1231 7.58884 5.6
      vertex 13.3126 6.5765 5.6
    endloop
  endfacet
  facet normal 0 0 1
    outer loop
      vertex 10.728 9.575 5.6
      vertex 12.7631 10.75 5.6
      vertex 12.3634 11.3482 5.6
    endloop
  endfacet
  facet normal -0 0 1
    outer loop
      vertex 11.0427 7.18472 5.6
      vertex 13.3126 6.5765 5.6
      vertex 11.1231 7.58884 5.6
    endloop
  endfacet
  facet normal 0 0 1
    outer loop
      vertex 10.4991 9.9176 5.6
      vertex 12.3634 11.3482 5.6
      vertex 11.8891 11.8891 5.6
    endloop
  endfacet
  facet normal 0 0 1
    outer loop
      vertex 13.3126 6.5765 5.6
      vertex 11.0427 7.18472 5.6
      vertex 13.0813 5.89524 5.6
    endloop
  endfacet
  facet normal 0 0 1
    outer loop
      vertex 10.2274 10.2274 5.6
      vertex 11.8891 11.8891 5.6
      vertex 11.3482 12.3634 5.6
    endloop
  endfacet
  facet normal -0 0 1
    outer loop
      vertex 10.9102 6.79455 5.6
      vertex 13.0813 5.89524 5.6
      vertex 11.0427 7.18472 5.6
    endloop
  endfacet
  facet normal 0 0 1
    outer loop
      vertex 13.0813 5.89524 5.6
      vertex 10.9102 6.79455 5.6
      vertex 12.7631 5.25 5.6
    endloop
  endfacet
  facet normal 0 0 1
    outer loop
      vertex 13.4529 8.71789 5.6
      vertex 11.1231 8.41116 5.6
      vertex 11.15 8 5.6
    endloop
  endfacet
  facet normal 0 0 1
    outer loop
      vertex 13.3126 9.4235 5.6
      vertex 11.0427 8.81528 5.6
      vertex 11.1231 8.41116 5.6
    endloop
  endfacet
  facet normal 0 0 1
    outer loop
      vertex 13.0813 10.1048 5.6
      vertex 10.9102 9.20545 5.6
      vertex 11.0427 8.81528 5.6
    endloop
  endfacet
  facet normal 0 0 1
    outer loop
      vertex 9.9176 10.4991 5.6
      vertex 11.3482 12.3634 5.6
      vertex 10.75 12.7631 5.6
    endloop
  endfacet
  facet normal 0 0 1
    outer loop
      vertex 12.7631 10.75 5.6
      vertex 10.728 9.575 5.6
      vertex 10.9102 9.20545 5.6
    endloop
  endfacet
  facet normal 0 0 1
    outer loop
      vertex 12.3634 11.3482 5.6
      vertex 10.4991 9.9176 5.6
      vertex 10.728 9.575 5.6
    endloop
  endfacet
  facet normal 0 0 1
    outer loop
      vertex 11.8891 11.8891 5.6
      vertex 10.2274 10.2274 5.6
      vertex 10.4991 9.9176 5.6
    endloop
  endfacet
  facet normal 0 0 1
    outer loop
      vertex 9.575 10.728 5.6
      vertex 10.75 12.7631 5.6
      vertex 10.1048 13.0813 5.6
    endloop
  endfacet
  facet normal 0 0 1
    outer loop
      vertex 11.3482 12.3634 5.6
      vertex 9.9176 10.4991 5.6
      vertex 10.2274 10.2274 5.6
    endloop
  endfacet
  facet normal 0 0 1
    outer loop
      vertex 10.75 12.7631 5.6
      vertex 9.575 10.728 5.6
      vertex 9.9176 10.4991 5.6
    endloop
  endfacet
  facet normal 0 0 1
    outer loop
      vertex 9.20545 10.9102 5.6
      vertex 10.1048 13.0813 5.6
      vertex 9.4235 13.3126 5.6
    endloop
  endfacet
  facet normal 0 0 1
    outer loop
      vertex 10.1048 13.0813 5.6
      vertex 9.20545 10.9102 5.6
      vertex 9.575 10.728 5.6
    endloop
  endfacet
  facet normal 0 0 1
    outer loop
      vertex 9.4235 13.3126 5.6
      vertex 8.81528 11.0427 5.6
      vertex 9.20545 10.9102 5.6
    endloop
  endfacet
  facet normal 0 0 1
    outer loop
      vertex 8.71789 13.4529 5.6
      vertex 8.81528 11.0427 5.6
      vertex 9.4235 13.3126 5.6
    endloop
  endfacet
  facet normal 0 0 1
    outer loop
      vertex 8.71789 13.4529 5.6
      vertex 8.41116 11.1231 5.6
      vertex 8.81528 11.0427 5.6
    endloop
  endfacet
  facet normal 0 0 1
    outer loop
      vertex 8 13.5 5.6
      vertex 8.41116 11.1231 5.6
      vertex 8.71789 13.4529 5.6
    endloop
  endfacet
  facet normal 0 0 1
    outer loop
      vertex 8 13.5 5.6
      vertex 8 11.15 5.6
      vertex 8.41116 11.1231 5.6
    endloop
  endfacet
  facet normal 0 0 1
    outer loop
      vertex 8 13.5 5.6
      vertex 7.58884 11.1231 5.6
      vertex 8 11.15 5.6
    endloop
  endfacet
  facet normal -0 0 1
    outer loop
      vertex 7.28211 13.4529 5.6
      vertex 7.58884 11.1231 5.6
      vertex 8 13.5 5.6
    endloop
  endfacet
  facet normal 0 0 1
    outer loop
      vertex 7.28211 13.4529 5.6
      vertex 7.18472 11.0427 5.6
      vertex 7.58884 11.1231 5.6
    endloop
  endfacet
  facet normal -0 0 1
    outer loop
      vertex 6.5765 13.3126 5.6
      vertex 7.18472 11.0427 5.6
      vertex 7.28211 13.4529 5.6
    endloop
  endfacet
  facet normal 0 0 1
    outer loop
      vertex 7.18472 11.0427 5.6
      vertex 6.5765 13.3126 5.6
      vertex 6.79455 10.9102 5.6
    endloop
  endfacet
  facet normal -0 0 1
    outer loop
      vertex 5.89524 13.0813 5.6
      vertex 6.79455 10.9102 5.6
      vertex 6.5765 13.3126 5.6
    endloop
  endfacet
  facet normal 0 0 1
    outer loop
      vertex 6.79455 10.9102 5.6
      vertex 5.89524 13.0813 5.6
      vertex 6.425 10.728 5.6
    endloop
  endfacet
  facet normal -0 0 1
    outer loop
      vertex 5.25 12.7631 5.6
      vertex 6.425 10.728 5.6
      vertex 5.89524 13.0813 5.6
    endloop
  endfacet
  facet normal 0 0 1
    outer loop
      vertex 6.425 10.728 5.6
      vertex 5.25 12.7631 5.6
      vertex 6.0824 10.4991 5.6
    endloop
  endfacet
  facet normal -0 0 1
    outer loop
      vertex 4.65181 12.3634 5.6
      vertex 6.0824 10.4991 5.6
      vertex 5.25 12.7631 5.6
    endloop
  endfacet
  facet normal 0 0 1
    outer loop
      vertex 6.0824 10.4991 5.6
      vertex 4.65181 12.3634 5.6
      vertex 5.77261 10.2274 5.6
    endloop
  endfacet
  facet normal -0 0 1
    outer loop
      vertex 4.11091 11.8891 5.6
      vertex 5.77261 10.2274 5.6
      vertex 4.65181 12.3634 5.6
    endloop
  endfacet
  facet normal 0 0 1
    outer loop
      vertex 5.77261 10.2274 5.6
      vertex 4.11091 11.8891 5.6
      vertex 5.50094 9.9176 5.6
    endloop
  endfacet
  facet normal -0 0 1
    outer loop
      vertex 3.63656 11.3482 5.6
      vertex 5.50094 9.9176 5.6
      vertex 4.11091 11.8891 5.6
    endloop
  endfacet
  facet normal 0 0 1
    outer loop
      vertex 5.50094 9.9176 5.6
      vertex 3.63656 11.3482 5.6
      vertex 5.27202 9.575 5.6
    endloop
  endfacet
  facet normal 0 0 1
    outer loop
      vertex 5.27202 9.575 5.6
      vertex 3.23686 10.75 5.6
      vertex 5.08978 9.20545 5.6
    endloop
  endfacet
  facet normal -0 0 1
    outer loop
      vertex 3.23686 10.75 5.6
      vertex 5.27202 9.575 5.6
      vertex 3.63656 11.3482 5.6
    endloop
  endfacet
  facet normal -0 0 1
    outer loop
      vertex 10.728 6.425 5.6
      vertex 12.7631 5.25 5.6
      vertex 10.9102 6.79455 5.6
    endloop
  endfacet
  facet normal 0 0 1
    outer loop
      vertex 12.7631 5.25 5.6
      vertex 10.728 6.425 5.6
      vertex 12.3634 4.65181 5.6
    endloop
  endfacet
  facet normal -0 0 1
    outer loop
      vertex 10.4991 6.0824 5.6
      vertex 12.3634 4.65181 5.6
      vertex 10.728 6.425 5.6
    endloop
  endfacet
  facet normal 0 0 1
    outer loop
      vertex 12.3634 4.65181 5.6
      vertex 10.4991 6.0824 5.6
      vertex 11.8891 4.11091 5.6
    endloop
  endfacet
  facet normal -0 0 1
    outer loop
      vertex 10.2274 5.77261 5.6
      vertex 11.8891 4.11091 5.6
      vertex 10.4991 6.0824 5.6
    endloop
  endfacet
  facet normal 0 0 1
    outer loop
      vertex 11.8891 4.11091 5.6
      vertex 10.2274 5.77261 5.6
      vertex 11.3482 3.63656 5.6
    endloop
  endfacet
  facet normal -0 0 1
    outer loop
      vertex 9.9176 5.50094 5.6
      vertex 11.3482 3.63656 5.6
      vertex 10.2274 5.77261 5.6
    endloop
  endfacet
  facet normal 0 0 1
    outer loop
      vertex 11.3482 3.63656 5.6
      vertex 9.9176 5.50094 5.6
      vertex 10.75 3.23686 5.6
    endloop
  endfacet
  facet normal -0 0 1
    outer loop
      vertex 9.575 5.27202 5.6
      vertex 10.75 3.23686 5.6
      vertex 9.9176 5.50094 5.6
    endloop
  endfacet
  facet normal 0 0 1
    outer loop
      vertex 10.75 3.23686 5.6
      vertex 9.575 5.27202 5.6
      vertex 10.1048 2.91866 5.6
    endloop
  endfacet
  facet normal -0 0 1
    outer loop
      vertex 9.20545 5.08978 5.6
      vertex 10.1048 2.91866 5.6
      vertex 9.575 5.27202 5.6
    endloop
  endfacet
  facet normal 0 0 1
    outer loop
      vertex 10.1048 2.91866 5.6
      vertex 9.20545 5.08978 5.6
      vertex 9.4235 2.68741 5.6
    endloop
  endfacet
  facet normal -0 0 1
    outer loop
      vertex 8.81528 4.95733 5.6
      vertex 9.4235 2.68741 5.6
      vertex 9.20545 5.08978 5.6
    endloop
  endfacet
  facet normal 0 0 1
    outer loop
      vertex 8.81528 4.95733 5.6
      vertex 8.71789 2.54705 5.6
      vertex 9.4235 2.68741 5.6
    endloop
  endfacet
  facet normal -0 0 1
    outer loop
      vertex 8.41116 4.87695 5.6
      vertex 8.71789 2.54705 5.6
      vertex 8.81528 4.95733 5.6
    endloop
  endfacet
  facet normal -0 0 1
    outer loop
      vertex 8 4.85 5.6
      vertex 8.71789 2.54705 5.6
      vertex 8.41116 4.87695 5.6
    endloop
  endfacet
  facet normal 0 0 1
    outer loop
      vertex 8 4.85 5.6
      vertex 8 2.5 5.6
      vertex 8.71789 2.54705 5.6
    endloop
  endfacet
  facet normal 0 0 1
    outer loop
      vertex 7.58884 4.87695 5.6
      vertex 8 2.5 5.6
      vertex 8 4.85 5.6
    endloop
  endfacet
  facet normal 0 0 1
    outer loop
      vertex 7.58884 4.87695 5.6
      vertex 7.28211 2.54705 5.6
      vertex 8 2.5 5.6
    endloop
  endfacet
  facet normal 0 0 1
    outer loop
      vertex 7.18472 4.95733 5.6
      vertex 7.28211 2.54705 5.6
      vertex 7.58884 4.87695 5.6
    endloop
  endfacet
  facet normal 0 0 1
    outer loop
      vertex 6.5765 2.68741 5.6
      vertex 7.18472 4.95733 5.6
      vertex 6.79455 5.08978 5.6
    endloop
  endfacet
  facet normal 0 0 1
    outer loop
      vertex 7.18472 4.95733 5.6
      vertex 6.5765 2.68741 5.6
      vertex 7.28211 2.54705 5.6
    endloop
  endfacet
  facet normal 0 0 1
    outer loop
      vertex 5.89524 2.91866 5.6
      vertex 6.79455 5.08978 5.6
      vertex 6.425 5.27202 5.6
    endloop
  endfacet
  facet normal 0 0 1
    outer loop
      vertex 5.25 3.23686 5.6
      vertex 6.425 5.27202 5.6
      vertex 6.0824 5.50094 5.6
    endloop
  endfacet
  facet normal 0 0 1
    outer loop
      vertex 6.79455 5.08978 5.6
      vertex 5.89524 2.91866 5.6
      vertex 6.5765 2.68741 5.6
    endloop
  endfacet
  facet normal 0 0 1
    outer loop
      vertex 4.65181 3.63656 5.6
      vertex 6.0824 5.50094 5.6
      vertex 5.77261 5.77261 5.6
    endloop
  endfacet
  facet normal 0 0 1
    outer loop
      vertex 4.11091 4.11091 5.6
      vertex 5.77261 5.77261 5.6
      vertex 5.50094 6.0824 5.6
    endloop
  endfacet
  facet normal 0 0 1
    outer loop
      vertex 3.63656 4.65181 5.6
      vertex 5.50094 6.0824 5.6
      vertex 5.27202 6.425 5.6
    endloop
  endfacet
  facet normal 0 0 1
    outer loop
      vertex 6.425 5.27202 5.6
      vertex 5.25 3.23686 5.6
      vertex 5.89524 2.91866 5.6
    endloop
  endfacet
  facet normal 0 0 1
    outer loop
      vertex 3.23686 5.25 5.6
      vertex 5.27202 6.425 5.6
      vertex 5.08978 6.79455 5.6
    endloop
  endfacet
  facet normal 0 0 1
    outer loop
      vertex 2.91866 5.89524 5.6
      vertex 5.08978 6.79455 5.6
      vertex 4.95733 7.18472 5.6
    endloop
  endfacet
  facet normal 0 0 1
    outer loop
      vertex 2.68741 6.5765 5.6
      vertex 4.95733 7.18472 5.6
      vertex 4.87695 7.58884 5.6
    endloop
  endfacet
  facet normal 0 0 1
    outer loop
      vertex 6.0824 5.50094 5.6
      vertex 4.65181 3.63656 5.6
      vertex 5.25 3.23686 5.6
    endloop
  endfacet
  facet normal 0 0 1
    outer loop
      vertex 2.54705 7.28211 5.6
      vertex 4.87695 7.58884 5.6
      vertex 4.85 8 5.6
    endloop
  endfacet
  facet normal -0 0 1
    outer loop
      vertex 2.91866 10.1048 5.6
      vertex 5.08978 9.20545 5.6
      vertex 3.23686 10.75 5.6
    endloop
  endfacet
  facet normal 0 0 1
    outer loop
      vertex 5.08978 9.20545 5.6
      vertex 2.91866 10.1048 5.6
      vertex 4.95733 8.81528 5.6
    endloop
  endfacet
  facet normal 0 0 1
    outer loop
      vertex 5.77261 5.77261 5.6
      vertex 4.11091 4.11091 5.6
      vertex 4.65181 3.63656 5.6
    endloop
  endfacet
  facet normal -0 0 1
    outer loop
      vertex 2.68741 9.4235 5.6
      vertex 4.95733 8.81528 5.6
      vertex 2.91866 10.1048 5.6
    endloop
  endfacet
  facet normal 0 0 1
    outer loop
      vertex 5.50094 6.0824 5.6
      vertex 3.63656 4.65181 5.6
      vertex 4.11091 4.11091 5.6
    endloop
  endfacet
  facet normal 0 0 1
    outer loop
      vertex 4.95733 8.81528 5.6
      vertex 2.68741 9.4235 5.6
      vertex 4.87695 8.41116 5.6
    endloop
  endfacet
  facet normal 0 0 1
    outer loop
      vertex 5.27202 6.425 5.6
      vertex 3.23686 5.25 5.6
      vertex 3.63656 4.65181 5.6
    endloop
  endfacet
  facet normal -0 0 1
    outer loop
      vertex 2.54705 8.71789 5.6
      vertex 4.87695 8.41116 5.6
      vertex 2.68741 9.4235 5.6
    endloop
  endfacet
  facet normal 0 0 1
    outer loop
      vertex 5.08978 6.79455 5.6
      vertex 2.91866 5.89524 5.6
      vertex 3.23686 5.25 5.6
    endloop
  endfacet
  facet normal 0 0 1
    outer loop
      vertex 4.87695 8.41116 5.6
      vertex 2.54705 8.71789 5.6
      vertex 4.85 8 5.6
    endloop
  endfacet
  facet normal 0 0 1
    outer loop
      vertex 4.95733 7.18472 5.6
      vertex 2.68741 6.5765 5.6
      vertex 2.91866 5.89524 5.6
    endloop
  endfacet
  facet normal 0 0 1
    outer loop
      vertex 2.5 8 5.6
      vertex 4.85 8 5.6
      vertex 2.54705 8.71789 5.6
    endloop
  endfacet
  facet normal 0 0 1
    outer loop
      vertex 4.87695 7.58884 5.6
      vertex 2.54705 7.28211 5.6
      vertex 2.68741 6.5765 5.6
    endloop
  endfacet
  facet normal 0 0 1
    outer loop
      vertex 4.85 8 5.6
      vertex 2.5 8 5.6
      vertex 2.54705 7.28211 5.6
    endloop
  endfacet
  facet normal -0.980778 -0.195127 0
    outer loop
      vertex 11.1231 8.41116 3.6
      vertex 11.0427 8.81528 5.6
      vertex 11.0427 8.81528 3.6
    endloop
  endfacet
  facet normal -0.980778 -0.195127 0
    outer loop
      vertex 11.0427 8.81528 5.6
      vertex 11.1231 8.41116 3.6
      vertex 11.1231 8.41116 5.6
    endloop
  endfacet
  facet normal -0.997867 -0.0652851 0
    outer loop
      vertex 11.15 8 3.6
      vertex 11.1231 8.41116 5.6
      vertex 11.1231 8.41116 3.6
    endloop
  endfacet
  facet normal -0.997867 -0.0652851 0
    outer loop
      vertex 11.1231 8.41116 5.6
      vertex 11.15 8 3.6
      vertex 11.15 8 5.6
    endloop
  endfacet
  facet normal -0.946889 -0.321559 0
    outer loop
      vertex 11.0427 8.81528 3.6
      vertex 10.9102 9.20545 5.6
      vertex 10.9102 9.20545 3.6
    endloop
  endfacet
  facet normal -0.946889 -0.321559 0
    outer loop
      vertex 10.9102 9.20545 5.6
      vertex 11.0427 8.81528 3.6
      vertex 11.0427 8.81528 5.6
    endloop
  endfacet
  facet normal -0.442207 -0.896913 0
    outer loop
      vertex 9.20545 10.9102 3.6
      vertex 9.575 10.728 5.6
      vertex 9.20545 10.9102 5.6
    endloop
  endfacet
  facet normal -0.442207 -0.896913 -0
    outer loop
      vertex 9.575 10.728 5.6
      vertex 9.20545 10.9102 3.6
      vertex 9.575 10.728 3.6
    endloop
  endfacet
  facet normal 0.980787 0.19508 0
    outer loop
      vertex 4.95733 7.18472 5.6
      vertex 4.87695 7.58884 3.6
      vertex 4.87695 7.58884 5.6
    endloop
  endfacet
  facet normal 0.980787 0.19508 0
    outer loop
      vertex 4.87695 7.58884 3.6
      vertex 4.95733 7.18472 5.6
      vertex 4.95733 7.18472 3.6
    endloop
  endfacet
  facet normal -0.659363 -0.751825 0
    outer loop
      vertex 9.9176 10.4991 3.6
      vertex 10.2274 10.2274 5.6
      vertex 9.9176 10.4991 5.6
    endloop
  endfacet
  facet normal -0.659363 -0.751825 -0
    outer loop
      vertex 10.2274 10.2274 5.6
      vertex 9.9176 10.4991 3.6
      vertex 10.2274 10.2274 3.6
    endloop
  endfacet
  facet normal -0.946889 0.321559 0
    outer loop
      vertex 10.9102 6.79455 3.6
      vertex 11.0427 7.18472 5.6
      vertex 11.0427 7.18472 3.6
    endloop
  endfacet
  facet normal -0.946889 0.321559 0
    outer loop
      vertex 11.0427 7.18472 5.6
      vertex 10.9102 6.79455 3.6
      vertex 10.9102 6.79455 5.6
    endloop
  endfacet
  facet normal 0.442207 -0.896913 0
    outer loop
      vertex 6.425 10.728 3.6
      vertex 6.79455 10.9102 5.6
      vertex 6.425 10.728 5.6
    endloop
  endfacet
  facet normal 0.442207 -0.896913 0
    outer loop
      vertex 6.79455 10.9102 5.6
      vertex 6.425 10.728 3.6
      vertex 6.79455 10.9102 3.6
    endloop
  endfacet
  facet normal -0.19508 0.980787 0
    outer loop
      vertex 8.81528 4.95733 3.6
      vertex 8.41116 4.87695 5.6
      vertex 8.81528 4.95733 5.6
    endloop
  endfacet
  facet normal -0.19508 0.980787 0
    outer loop
      vertex 8.41116 4.87695 5.6
      vertex 8.81528 4.95733 3.6
      vertex 8.41116 4.87695 3.6
    endloop
  endfacet
  facet normal 0.0652851 -0.997867 0
    outer loop
      vertex 7.58884 11.1231 3.6
      vertex 8 11.15 5.6
      vertex 7.58884 11.1231 5.6
    endloop
  endfacet
  facet normal 0.0652851 -0.997867 0
    outer loop
      vertex 8 11.15 5.6
      vertex 7.58884 11.1231 3.6
      vertex 8 11.15 3.6
    endloop
  endfacet
  facet normal -0.83149 -0.55554 0
    outer loop
      vertex 10.728 9.575 3.6
      vertex 10.4991 9.9176 5.6
      vertex 10.4991 9.9176 3.6
    endloop
  endfacet
  facet normal -0.83149 -0.55554 0
    outer loop
      vertex 10.4991 9.9176 5.6
      vertex 10.728 9.575 3.6
      vertex 10.728 9.575 5.6
    endloop
  endfacet
  facet normal -0.896913 -0.442207 0
    outer loop
      vertex 10.9102 9.20545 3.6
      vertex 10.728 9.575 5.6
      vertex 10.728 9.575 3.6
    endloop
  endfacet
  facet normal -0.896913 -0.442207 0
    outer loop
      vertex 10.728 9.575 5.6
      vertex 10.9102 9.20545 3.6
      vertex 10.9102 9.20545 5.6
    endloop
  endfacet
  facet normal -0.896913 0.442207 0
    outer loop
      vertex 10.728 6.425 3.6
      vertex 10.9102 6.79455 5.6
      vertex 10.9102 6.79455 3.6
    endloop
  endfacet
  facet normal -0.896913 0.442207 0
    outer loop
      vertex 10.9102 6.79455 5.6
      vertex 10.728 6.425 3.6
      vertex 10.728 6.425 5.6
    endloop
  endfacet
  facet normal 0.980787 -0.19508 0
    outer loop
      vertex 4.87695 8.41116 5.6
      vertex 4.95733 8.81528 3.6
      vertex 4.95733 8.81528 5.6
    endloop
  endfacet
  facet normal 0.980787 -0.19508 0
    outer loop
      vertex 4.95733 8.81528 3.6
      vertex 4.87695 8.41116 5.6
      vertex 4.87695 8.41116 3.6
    endloop
  endfacet
  facet normal 0.997859 -0.0654059 0
    outer loop
      vertex 4.85 8 5.6
      vertex 4.87695 8.41116 3.6
      vertex 4.87695 8.41116 5.6
    endloop
  endfacet
  facet normal 0.997859 -0.0654059 0
    outer loop
      vertex 4.87695 8.41116 3.6
      vertex 4.85 8 5.6
      vertex 4.85 8 3.6
    endloop
  endfacet
  facet normal -0.83149 0.55554 0
    outer loop
      vertex 10.4991 6.0824 3.6
      vertex 10.728 6.425 5.6
      vertex 10.728 6.425 3.6
    endloop
  endfacet
  facet normal -0.83149 0.55554 0
    outer loop
      vertex 10.728 6.425 5.6
      vertex 10.4991 6.0824 3.6
      vertex 10.4991 6.0824 5.6
    endloop
  endfacet
  facet normal 0.55554 -0.83149 0
    outer loop
      vertex 6.0824 10.4991 3.6
      vertex 6.425 10.728 5.6
      vertex 6.0824 10.4991 5.6
    endloop
  endfacet
  facet normal 0.55554 -0.83149 0
    outer loop
      vertex 6.425 10.728 5.6
      vertex 6.0824 10.4991 3.6
      vertex 6.425 10.728 3.6
    endloop
  endfacet
  facet normal 0.831467 0.555574 0
    outer loop
      vertex 5.50094 6.0824 5.6
      vertex 5.27202 6.425 3.6
      vertex 5.27202 6.425 5.6
    endloop
  endfacet
  facet normal 0.831467 0.555574 0
    outer loop
      vertex 5.27202 6.425 3.6
      vertex 5.50094 6.0824 5.6
      vertex 5.50094 6.0824 3.6
    endloop
  endfacet
  facet normal 0.195127 -0.980778 0
    outer loop
      vertex 7.18472 11.0427 3.6
      vertex 7.58884 11.1231 5.6
      vertex 7.18472 11.0427 5.6
    endloop
  endfacet
  facet normal 0.195127 -0.980778 0
    outer loop
      vertex 7.58884 11.1231 5.6
      vertex 7.18472 11.0427 3.6
      vertex 7.58884 11.1231 3.6
    endloop
  endfacet
  facet normal -0.980778 0.195127 0
    outer loop
      vertex 11.0427 7.18472 3.6
      vertex 11.1231 7.58884 5.6
      vertex 11.1231 7.58884 3.6
    endloop
  endfacet
  facet normal -0.980778 0.195127 0
    outer loop
      vertex 11.1231 7.58884 5.6
      vertex 11.0427 7.18472 3.6
      vertex 11.0427 7.18472 5.6
    endloop
  endfacet
  facet normal -0.55554 -0.83149 0
    outer loop
      vertex 9.575 10.728 3.6
      vertex 9.9176 10.4991 5.6
      vertex 9.575 10.728 5.6
    endloop
  endfacet
  facet normal -0.55554 -0.83149 -0
    outer loop
      vertex 9.9176 10.4991 5.6
      vertex 9.575 10.728 3.6
      vertex 9.9176 10.4991 3.6
    endloop
  endfacet
  facet normal -0.0652851 -0.997867 0
    outer loop
      vertex 8 11.15 3.6
      vertex 8.41116 11.1231 5.6
      vertex 8 11.15 5.6
    endloop
  endfacet
  facet normal -0.0652851 -0.997867 -0
    outer loop
      vertex 8.41116 11.1231 5.6
      vertex 8 11.15 3.6
      vertex 8.41116 11.1231 3.6
    endloop
  endfacet
  facet normal 0.442285 0.896875 -0
    outer loop
      vertex 6.79455 5.08978 3.6
      vertex 6.425 5.27202 5.6
      vertex 6.79455 5.08978 5.6
    endloop
  endfacet
  facet normal 0.442285 0.896875 0
    outer loop
      vertex 6.425 5.27202 5.6
      vertex 6.79455 5.08978 3.6
      vertex 6.425 5.27202 3.6
    endloop
  endfacet
  facet normal -0.0654059 0.997859 0
    outer loop
      vertex 8.41116 4.87695 3.6
      vertex 8 4.85 5.6
      vertex 8.41116 4.87695 5.6
    endloop
  endfacet
  facet normal -0.0654059 0.997859 0
    outer loop
      vertex 8 4.85 5.6
      vertex 8.41116 4.87695 3.6
      vertex 8 4.85 3.6
    endloop
  endfacet
  facet normal -0.659322 0.751861 0
    outer loop
      vertex 10.2274 5.77261 3.6
      vertex 9.9176 5.50094 5.6
      vertex 10.2274 5.77261 5.6
    endloop
  endfacet
  facet normal -0.659322 0.751861 0
    outer loop
      vertex 9.9176 5.50094 5.6
      vertex 10.2274 5.77261 3.6
      vertex 9.9176 5.50094 3.6
    endloop
  endfacet
  facet normal 0.659375 -0.751814 0
    outer loop
      vertex 5.77261 10.2274 3.6
      vertex 6.0824 10.4991 5.6
      vertex 5.77261 10.2274 5.6
    endloop
  endfacet
  facet normal 0.659375 -0.751814 0
    outer loop
      vertex 6.0824 10.4991 5.6
      vertex 5.77261 10.2274 3.6
      vertex 6.0824 10.4991 3.6
    endloop
  endfacet
  facet normal -0.997867 0.0652851 0
    outer loop
      vertex 11.1231 7.58884 3.6
      vertex 11.15 8 5.6
      vertex 11.15 8 3.6
    endloop
  endfacet
  facet normal -0.997867 0.0652851 0
    outer loop
      vertex 11.15 8 5.6
      vertex 11.1231 7.58884 3.6
      vertex 11.1231 7.58884 5.6
    endloop
  endfacet
  facet normal 0.321559 -0.946889 0
    outer loop
      vertex 6.79455 10.9102 3.6
      vertex 7.18472 11.0427 5.6
      vertex 6.79455 10.9102 5.6
    endloop
  endfacet
  facet normal 0.321559 -0.946889 0
    outer loop
      vertex 7.18472 11.0427 5.6
      vertex 6.79455 10.9102 3.6
      vertex 7.18472 11.0427 3.6
    endloop
  endfacet
  facet normal 0.19508 0.980787 -0
    outer loop
      vertex 7.58884 4.87695 3.6
      vertex 7.18472 4.95733 5.6
      vertex 7.58884 4.87695 5.6
    endloop
  endfacet
  facet normal 0.19508 0.980787 0
    outer loop
      vertex 7.18472 4.95733 5.6
      vertex 7.58884 4.87695 3.6
      vertex 7.18472 4.95733 3.6
    endloop
  endfacet
  facet normal 0.946926 -0.321451 0
    outer loop
      vertex 4.95733 8.81528 5.6
      vertex 5.08978 9.20545 3.6
      vertex 5.08978 9.20545 5.6
    endloop
  endfacet
  facet normal 0.946926 -0.321451 0
    outer loop
      vertex 5.08978 9.20545 3.6
      vertex 4.95733 8.81528 5.6
      vertex 4.95733 8.81528 3.6
    endloop
  endfacet
  facet normal -0.751814 0.659375 0
    outer loop
      vertex 10.2274 5.77261 3.6
      vertex 10.4991 6.0824 5.6
      vertex 10.4991 6.0824 3.6
    endloop
  endfacet
  facet normal -0.751814 0.659375 0
    outer loop
      vertex 10.4991 6.0824 5.6
      vertex 10.2274 5.77261 3.6
      vertex 10.2274 5.77261 5.6
    endloop
  endfacet
  facet normal 0.659334 0.75185 -0
    outer loop
      vertex 6.0824 5.50094 3.6
      vertex 5.77261 5.77261 5.6
      vertex 6.0824 5.50094 5.6
    endloop
  endfacet
  facet normal 0.659334 0.75185 0
    outer loop
      vertex 5.77261 5.77261 5.6
      vertex 6.0824 5.50094 3.6
      vertex 5.77261 5.77261 3.6
    endloop
  endfacet
  facet normal 0.896875 0.442285 0
    outer loop
      vertex 5.27202 6.425 5.6
      vertex 5.08978 6.79455 3.6
      vertex 5.08978 6.79455 5.6
    endloop
  endfacet
  facet normal 0.896875 0.442285 0
    outer loop
      vertex 5.08978 6.79455 3.6
      vertex 5.27202 6.425 5.6
      vertex 5.27202 6.425 3.6
    endloop
  endfacet
  facet normal 0.997859 0.0654059 0
    outer loop
      vertex 4.87695 7.58884 5.6
      vertex 4.85 8 3.6
      vertex 4.85 8 5.6
    endloop
  endfacet
  facet normal 0.997859 0.0654059 0
    outer loop
      vertex 4.85 8 3.6
      vertex 4.87695 7.58884 5.6
      vertex 4.87695 7.58884 3.6
    endloop
  endfacet
  facet normal -0.751825 -0.659363 0
    outer loop
      vertex 10.4991 9.9176 3.6
      vertex 10.2274 10.2274 5.6
      vertex 10.2274 10.2274 3.6
    endloop
  endfacet
  facet normal -0.751825 -0.659363 0
    outer loop
      vertex 10.2274 10.2274 5.6
      vertex 10.4991 9.9176 3.6
      vertex 10.4991 9.9176 5.6
    endloop
  endfacet
  facet normal -0.555574 0.831467 0
    outer loop
      vertex 9.9176 5.50094 3.6
      vertex 9.575 5.27202 5.6
      vertex 9.9176 5.50094 5.6
    endloop
  endfacet
  facet normal -0.555574 0.831467 0
    outer loop
      vertex 9.575 5.27202 5.6
      vertex 9.9176 5.50094 3.6
      vertex 9.575 5.27202 3.6
    endloop
  endfacet
  facet normal 0.751861 -0.659322 0
    outer loop
      vertex 5.50094 9.9176 5.6
      vertex 5.77261 10.2274 3.6
      vertex 5.77261 10.2274 5.6
    endloop
  endfacet
  facet normal 0.751861 -0.659322 0
    outer loop
      vertex 5.77261 10.2274 3.6
      vertex 5.50094 9.9176 5.6
      vertex 5.50094 9.9176 3.6
    endloop
  endfacet
  facet normal -0.321559 -0.946889 0
    outer loop
      vertex 8.81528 11.0427 3.6
      vertex 9.20545 10.9102 5.6
      vertex 8.81528 11.0427 5.6
    endloop
  endfacet
  facet normal -0.321559 -0.946889 -0
    outer loop
      vertex 9.20545 10.9102 5.6
      vertex 8.81528 11.0427 3.6
      vertex 9.20545 10.9102 3.6
    endloop
  endfacet
  facet normal 0.321451 0.946926 -0
    outer loop
      vertex 7.18472 4.95733 3.6
      vertex 6.79455 5.08978 5.6
      vertex 7.18472 4.95733 5.6
    endloop
  endfacet
  facet normal 0.321451 0.946926 0
    outer loop
      vertex 6.79455 5.08978 5.6
      vertex 7.18472 4.95733 3.6
      vertex 6.79455 5.08978 3.6
    endloop
  endfacet
  facet normal 0.946926 0.321451 0
    outer loop
      vertex 5.08978 6.79455 5.6
      vertex 4.95733 7.18472 3.6
      vertex 4.95733 7.18472 5.6
    endloop
  endfacet
  facet normal 0.946926 0.321451 0
    outer loop
      vertex 4.95733 7.18472 3.6
      vertex 5.08978 6.79455 5.6
      vertex 5.08978 6.79455 3.6
    endloop
  endfacet
  facet normal 0 0 1
    outer loop
      vertex 11.1231 8.41116 3.6
      vertex 11.1231 7.58884 3.6
      vertex 11.15 8 3.6
    endloop
  endfacet
  facet normal 0 0 1
    outer loop
      vertex 11.0427 8.81528 3.6
      vertex 11.1231 7.58884 3.6
      vertex 11.1231 8.41116 3.6
    endloop
  endfacet
  facet normal 0 0 1
    outer loop
      vertex 11.0427 8.81528 3.6
      vertex 11.0427 7.18472 3.6
      vertex 11.1231 7.58884 3.6
    endloop
  endfacet
  facet normal 0 0 1
    outer loop
      vertex 10.9102 9.20545 3.6
      vertex 11.0427 7.18472 3.6
      vertex 11.0427 8.81528 3.6
    endloop
  endfacet
  facet normal 0 0 1
    outer loop
      vertex 10.9102 9.20545 3.6
      vertex 10.9102 6.79455 3.6
      vertex 11.0427 7.18472 3.6
    endloop
  endfacet
  facet normal 0 0 1
    outer loop
      vertex 10.728 9.575 3.6
      vertex 10.9102 6.79455 3.6
      vertex 10.9102 9.20545 3.6
    endloop
  endfacet
  facet normal 0 0 1
    outer loop
      vertex 10.728 9.575 3.6
      vertex 10.728 6.425 3.6
      vertex 10.9102 6.79455 3.6
    endloop
  endfacet
  facet normal 0 0 1
    outer loop
      vertex 10.4991 9.9176 3.6
      vertex 10.728 6.425 3.6
      vertex 10.728 9.575 3.6
    endloop
  endfacet
  facet normal 0 0 1
    outer loop
      vertex 10.4991 9.9176 3.6
      vertex 10.4991 6.0824 3.6
      vertex 10.728 6.425 3.6
    endloop
  endfacet
  facet normal 0 0 1
    outer loop
      vertex 10.2274 10.2274 3.6
      vertex 10.4991 6.0824 3.6
      vertex 10.4991 9.9176 3.6
    endloop
  endfacet
  facet normal 0 0 1
    outer loop
      vertex 10.2274 10.2274 3.6
      vertex 10.2274 5.77261 3.6
      vertex 10.4991 6.0824 3.6
    endloop
  endfacet
  facet normal 0 0 1
    outer loop
      vertex 9.9176 10.4991 3.6
      vertex 10.2274 5.77261 3.6
      vertex 10.2274 10.2274 3.6
    endloop
  endfacet
  facet normal 0 0 1
    outer loop
      vertex 9.9176 10.4991 3.6
      vertex 9.9176 5.50094 3.6
      vertex 10.2274 5.77261 3.6
    endloop
  endfacet
  facet normal 0 0 1
    outer loop
      vertex 9.575 10.728 3.6
      vertex 9.9176 5.50094 3.6
      vertex 9.9176 10.4991 3.6
    endloop
  endfacet
  facet normal 0 0 1
    outer loop
      vertex 9.575 10.728 3.6
      vertex 9.575 5.27202 3.6
      vertex 9.9176 5.50094 3.6
    endloop
  endfacet
  facet normal 0 0 1
    outer loop
      vertex 9.20545 10.9102 3.6
      vertex 9.575 5.27202 3.6
      vertex 9.575 10.728 3.6
    endloop
  endfacet
  facet normal 0 0 1
    outer loop
      vertex 9.20545 10.9102 3.6
      vertex 9.20545 5.08978 3.6
      vertex 9.575 5.27202 3.6
    endloop
  endfacet
  facet normal 0 0 1
    outer loop
      vertex 8.81528 11.0427 3.6
      vertex 9.20545 5.08978 3.6
      vertex 9.20545 10.9102 3.6
    endloop
  endfacet
  facet normal 0 0 1
    outer loop
      vertex 8.81528 11.0427 3.6
      vertex 8.81528 4.95733 3.6
      vertex 9.20545 5.08978 3.6
    endloop
  endfacet
  facet normal 0 0 1
    outer loop
      vertex 8.41116 11.1231 3.6
      vertex 8.81528 4.95733 3.6
      vertex 8.81528 11.0427 3.6
    endloop
  endfacet
  facet normal 0 0 1
    outer loop
      vertex 8.41116 11.1231 3.6
      vertex 8.41116 4.87695 3.6
      vertex 8.81528 4.95733 3.6
    endloop
  endfacet
  facet normal 0 0 1
    outer loop
      vertex 8 11.15 3.6
      vertex 8.41116 4.87695 3.6
      vertex 8.41116 11.1231 3.6
    endloop
  endfacet
  facet normal 0 0 1
    outer loop
      vertex 8 11.15 3.6
      vertex 8 4.85 3.6
      vertex 8.41116 4.87695 3.6
    endloop
  endfacet
  facet normal -0 0 1
    outer loop
      vertex 7.58884 11.1231 3.6
      vertex 8 4.85 3.6
      vertex 8 11.15 3.6
    endloop
  endfacet
  facet normal 0 0 1
    outer loop
      vertex 7.58884 11.1231 3.6
      vertex 7.58884 4.87695 3.6
      vertex 8 4.85 3.6
    endloop
  endfacet
  facet normal -0 0 1
    outer loop
      vertex 7.18472 11.0427 3.6
      vertex 7.58884 4.87695 3.6
      vertex 7.58884 11.1231 3.6
    endloop
  endfacet
  facet normal 0 0 1
    outer loop
      vertex 7.18472 11.0427 3.6
      vertex 7.18472 4.95733 3.6
      vertex 7.58884 4.87695 3.6
    endloop
  endfacet
  facet normal -0 0 1
    outer loop
      vertex 6.79455 10.9102 3.6
      vertex 7.18472 4.95733 3.6
      vertex 7.18472 11.0427 3.6
    endloop
  endfacet
  facet normal 0 0 1
    outer loop
      vertex 6.79455 10.9102 3.6
      vertex 6.79455 5.08978 3.6
      vertex 7.18472 4.95733 3.6
    endloop
  endfacet
  facet normal -0 0 1
    outer loop
      vertex 6.425 10.728 3.6
      vertex 6.79455 5.08978 3.6
      vertex 6.79455 10.9102 3.6
    endloop
  endfacet
  facet normal 0 0 1
    outer loop
      vertex 6.425 10.728 3.6
      vertex 6.425 5.27202 3.6
      vertex 6.79455 5.08978 3.6
    endloop
  endfacet
  facet normal -0 0 1
    outer loop
      vertex 6.0824 10.4991 3.6
      vertex 6.425 5.27202 3.6
      vertex 6.425 10.728 3.6
    endloop
  endfacet
  facet normal 0 0 1
    outer loop
      vertex 6.0824 10.4991 3.6
      vertex 6.0824 5.50094 3.6
      vertex 6.425 5.27202 3.6
    endloop
  endfacet
  facet normal -0 0 1
    outer loop
      vertex 5.77261 10.2274 3.6
      vertex 6.0824 5.50094 3.6
      vertex 6.0824 10.4991 3.6
    endloop
  endfacet
  facet normal 0 0 1
    outer loop
      vertex 5.77261 10.2274 3.6
      vertex 5.77261 5.77261 3.6
      vertex 6.0824 5.50094 3.6
    endloop
  endfacet
  facet normal -0 0 1
    outer loop
      vertex 5.50094 9.9176 3.6
      vertex 5.77261 5.77261 3.6
      vertex 5.77261 10.2274 3.6
    endloop
  endfacet
  facet normal 0 0 1
    outer loop
      vertex 5.50094 9.9176 3.6
      vertex 5.50094 6.0824 3.6
      vertex 5.77261 5.77261 3.6
    endloop
  endfacet
  facet normal -0 0 1
    outer loop
      vertex 5.27202 9.575 3.6
      vertex 5.50094 6.0824 3.6
      vertex 5.50094 9.9176 3.6
    endloop
  endfacet
  facet normal 0 0 1
    outer loop
      vertex 5.27202 9.575 3.6
      vertex 5.27202 6.425 3.6
      vertex 5.50094 6.0824 3.6
    endloop
  endfacet
  facet normal -0 0 1
    outer loop
      vertex 5.08978 9.20545 3.6
      vertex 5.27202 6.425 3.6
      vertex 5.27202 9.575 3.6
    endloop
  endfacet
  facet normal 0 0 1
    outer loop
      vertex 5.08978 9.20545 3.6
      vertex 5.08978 6.79455 3.6
      vertex 5.27202 6.425 3.6
    endloop
  endfacet
  facet normal -0 0 1
    outer loop
      vertex 4.95733 8.81528 3.6
      vertex 5.08978 6.79455 3.6
      vertex 5.08978 9.20545 3.6
    endloop
  endfacet
  facet normal 0 0 1
    outer loop
      vertex 4.95733 8.81528 3.6
      vertex 4.95733 7.18472 3.6
      vertex 5.08978 6.79455 3.6
    endloop
  endfacet
  facet normal -0 0 1
    outer loop
      vertex 4.87695 8.41116 3.6
      vertex 4.95733 7.18472 3.6
      vertex 4.95733 8.81528 3.6
    endloop
  endfacet
  facet normal 0 0 1
    outer loop
      vertex 4.87695 8.41116 3.6
      vertex 4.87695 7.58884 3.6
      vertex 4.95733 7.18472 3.6
    endloop
  endfacet
  facet normal 0 -0 1
    outer loop
      vertex 4.87695 7.58884 3.6
      vertex 4.87695 8.41116 3.6
      vertex 4.85 8 3.6
    endloop
  endfacet
  facet normal 0.0654059 0.997859 -0
    outer loop
      vertex 8 4.85 3.6
      vertex 7.58884 4.87695 5.6
      vertex 8 4.85 5.6
    endloop
  endfacet
  facet normal 0.0654059 0.997859 0
    outer loop
      vertex 7.58884 4.87695 5.6
      vertex 8 4.85 3.6
      vertex 7.58884 4.87695 3.6
    endloop
  endfacet
  facet normal -0.442285 0.896875 0
    outer loop
      vertex 9.575 5.27202 3.6
      vertex 9.20545 5.08978 5.6
      vertex 9.575 5.27202 5.6
    endloop
  endfacet
  facet normal -0.442285 0.896875 0
    outer loop
      vertex 9.20545 5.08978 5.6
      vertex 9.575 5.27202 3.6
      vertex 9.20545 5.08978 3.6
    endloop
  endfacet
  facet normal 0.75185 0.659334 0
    outer loop
      vertex 5.77261 5.77261 5.6
      vertex 5.50094 6.0824 3.6
      vertex 5.50094 6.0824 5.6
    endloop
  endfacet
  facet normal 0.75185 0.659334 0
    outer loop
      vertex 5.50094 6.0824 3.6
      vertex 5.77261 5.77261 5.6
      vertex 5.77261 5.77261 3.6
    endloop
  endfacet
  facet normal -0.321451 0.946926 0
    outer loop
      vertex 9.20545 5.08978 3.6
      vertex 8.81528 4.95733 5.6
      vertex 9.20545 5.08978 5.6
    endloop
  endfacet
  facet normal -0.321451 0.946926 0
    outer loop
      vertex 8.81528 4.95733 5.6
      vertex 9.20545 5.08978 3.6
      vertex 8.81528 4.95733 3.6
    endloop
  endfacet
  facet normal 0.555574 0.831467 -0
    outer loop
      vertex 6.425 5.27202 3.6
      vertex 6.0824 5.50094 5.6
      vertex 6.425 5.27202 5.6
    endloop
  endfacet
  facet normal 0.555574 0.831467 0
    outer loop
      vertex 6.0824 5.50094 5.6
      vertex 6.425 5.27202 3.6
      vertex 6.0824 5.50094 3.6
    endloop
  endfacet
  facet normal -0.195127 -0.980778 0
    outer loop
      vertex 8.41116 11.1231 3.6
      vertex 8.81528 11.0427 5.6
      vertex 8.41116 11.1231 5.6
    endloop
  endfacet
  facet normal -0.195127 -0.980778 -0
    outer loop
      vertex 8.81528 11.0427 5.6
      vertex 8.41116 11.1231 3.6
      vertex 8.81528 11.0427 3.6
    endloop
  endfacet
  facet normal 0.896875 -0.442285 0
    outer loop
      vertex 5.08978 9.20545 5.6
      vertex 5.27202 9.575 3.6
      vertex 5.27202 9.575 5.6
    endloop
  endfacet
  facet normal 0.896875 -0.442285 0
    outer loop
      vertex 5.27202 9.575 3.6
      vertex 5.08978 9.20545 5.6
      vertex 5.08978 9.20545 3.6
    endloop
  endfacet
  facet normal 0.831467 -0.555574 0
    outer loop
      vertex 5.27202 9.575 5.6
      vertex 5.50094 9.9176 3.6
      vertex 5.50094 9.9176 5.6
    endloop
  endfacet
  facet normal 0.831467 -0.555574 0
    outer loop
      vertex 5.50094 9.9176 3.6
      vertex 5.27202 9.575 5.6
      vertex 5.27202 9.575 3.6
    endloop
  endfacet
  facet normal 0.065389 -0.99786 0
    outer loop
      vertex 162 2.5 3
      vertex 162.718 2.54705 5.6
      vertex 162 2.5 5.6
    endloop
  endfacet
  facet normal 0.065389 -0.99786 0
    outer loop
      vertex 162.718 2.54705 5.6
      vertex 162 2.5 3
      vertex 162.718 2.54705 3
    endloop
  endfacet
  facet normal 0.980879 0.194616 0
    outer loop
      vertex 167.453 8.71789 5.6
      vertex 167.313 9.4235 3
      vertex 167.313 9.4235 5.6
    endloop
  endfacet
  facet normal 0.980879 0.194616 0
    outer loop
      vertex 167.313 9.4235 3
      vertex 167.453 8.71789 5.6
      vertex 167.453 8.71789 3
    endloop
  endfacet
  facet normal 0.997864 0.0653298 0
    outer loop
      vertex 167.5 8 5.6
      vertex 167.453 8.71789 3
      vertex 167.453 8.71789 5.6
    endloop
  endfacet
  facet normal 0.997864 0.0653298 0
    outer loop
      vertex 167.453 8.71789 3
      vertex 167.5 8 5.6
      vertex 167.5 8 3
    endloop
  endfacet
  facet normal 0.946621 0.322349 0
    outer loop
      vertex 167.313 9.4235 5.6
      vertex 167.081 10.1048 3
      vertex 167.081 10.1048 5.6
    endloop
  endfacet
  facet normal 0.946621 0.322349 0
    outer loop
      vertex 167.081 10.1048 3
      vertex 167.313 9.4235 5.6
      vertex 167.313 9.4235 3
    endloop
  endfacet
  facet normal 0.831276 -0.555861 0
    outer loop
      vertex 166.363 4.65181 5.6
      vertex 166.763 5.25 3
      vertex 166.763 5.25 5.6
    endloop
  endfacet
  facet normal 0.831276 -0.555861 0
    outer loop
      vertex 166.763 5.25 3
      vertex 166.363 4.65181 5.6
      vertex 166.363 4.65181 3
    endloop
  endfacet
  facet normal -0.442424 -0.896806 0
    outer loop
      vertex 159.25 3.23686 3
      vertex 159.895 2.91866 5.6
      vertex 159.25 3.23686 5.6
    endloop
  endfacet
  facet normal -0.442424 -0.896806 -0
    outer loop
      vertex 159.895 2.91866 5.6
      vertex 159.25 3.23686 3
      vertex 159.895 2.91866 3
    endloop
  endfacet
  facet normal 0.896971 0.44209 0
    outer loop
      vertex 167.081 10.1048 5.6
      vertex 166.763 10.75 3
      vertex 166.763 10.75 5.6
    endloop
  endfacet
  facet normal 0.896971 0.44209 0
    outer loop
      vertex 166.763 10.75 3
      vertex 167.081 10.1048 5.6
      vertex 167.081 10.1048 3
    endloop
  endfacet
  facet normal 0.321604 0.946874 -0
    outer loop
      vertex 164.105 13.0813 3
      vertex 163.424 13.3126 5.6
      vertex 164.105 13.0813 5.6
    endloop
  endfacet
  facet normal 0.321604 0.946874 0
    outer loop
      vertex 163.424 13.3126 5.6
      vertex 164.105 13.0813 3
      vertex 163.424 13.3126 3
    endloop
  endfacet
  facet normal 0.659232 0.751939 -0
    outer loop
      vertex 165.889 11.8891 3
      vertex 165.348 12.3634 5.6
      vertex 165.889 11.8891 5.6
    endloop
  endfacet
  facet normal 0.659232 0.751939 0
    outer loop
      vertex 165.348 12.3634 5.6
      vertex 165.889 11.8891 3
      vertex 165.348 12.3634 3
    endloop
  endfacet
  facet normal 0.896981 -0.442068 0
    outer loop
      vertex 166.763 5.25 5.6
      vertex 167.081 5.89524 3
      vertex 167.081 5.89524 5.6
    endloop
  endfacet
  facet normal 0.896981 -0.442068 0
    outer loop
      vertex 167.081 5.89524 3
      vertex 166.763 5.25 5.6
      vertex 166.763 5.25 3
    endloop
  endfacet
  facet normal 0.442424 -0.896806 0
    outer loop
      vertex 164.105 2.91866 3
      vertex 164.75 3.23686 5.6
      vertex 164.105 2.91866 5.6
    endloop
  endfacet
  facet normal 0.442424 -0.896806 0
    outer loop
      vertex 164.75 3.23686 5.6
      vertex 164.105 2.91866 3
      vertex 164.75 3.23686 3
    endloop
  endfacet
  facet normal -0.659232 0.751939 0
    outer loop
      vertex 158.652 12.3634 3
      vertex 158.111 11.8891 5.6
      vertex 158.652 12.3634 5.6
    endloop
  endfacet
  facet normal -0.659232 0.751939 0
    outer loop
      vertex 158.111 11.8891 5.6
      vertex 158.652 12.3634 3
      vertex 158.111 11.8891 3
    endloop
  endfacet
  facet normal -0.980879 0.194616 0
    outer loop
      vertex 156.547 8.71789 3
      vertex 156.687 9.4235 5.6
      vertex 156.687 9.4235 3
    endloop
  endfacet
  facet normal -0.980879 0.194616 0
    outer loop
      vertex 156.687 9.4235 5.6
      vertex 156.547 8.71789 3
      vertex 156.547 8.71789 5.6
    endloop
  endfacet
  facet normal -0.555694 -0.831387 0
    outer loop
      vertex 158.652 3.63656 3
      vertex 159.25 3.23686 5.6
      vertex 158.652 3.63656 5.6
    endloop
  endfacet
  facet normal -0.555694 -0.831387 -0
    outer loop
      vertex 159.25 3.23686 5.6
      vertex 158.652 3.63656 3
      vertex 159.25 3.23686 3
    endloop
  endfacet
  facet normal -0.065389 -0.99786 0
    outer loop
      vertex 161.282 2.54705 3
      vertex 162 2.5 5.6
      vertex 161.282 2.54705 5.6
    endloop
  endfacet
  facet normal -0.065389 -0.99786 -0
    outer loop
      vertex 162 2.5 5.6
      vertex 161.282 2.54705 3
      vertex 162 2.5 3
    endloop
  endfacet
  facet normal 0.442424 0.896806 -0
    outer loop
      vertex 164.75 12.7631 3
      vertex 164.105 13.0813 5.6
      vertex 164.75 12.7631 5.6
    endloop
  endfacet
  facet normal 0.442424 0.896806 0
    outer loop
      vertex 164.105 13.0813 5.6
      vertex 164.75 12.7631 3
      vertex 164.105 13.0813 3
    endloop
  endfacet
  facet normal 0.321541 -0.946896 0
    outer loop
      vertex 163.424 2.68741 3
      vertex 164.105 2.91866 5.6
      vertex 163.424 2.68741 5.6
    endloop
  endfacet
  facet normal 0.321541 -0.946896 0
    outer loop
      vertex 164.105 2.91866 5.6
      vertex 163.424 2.68741 3
      vertex 164.105 2.91866 3
    endloop
  endfacet
  facet normal -0.997864 0.0653298 0
    outer loop
      vertex 156.5 8 3
      vertex 156.547 8.71789 5.6
      vertex 156.547 8.71789 3
    endloop
  endfacet
  facet normal -0.997864 0.0653298 0
    outer loop
      vertex 156.547 8.71789 5.6
      vertex 156.5 8 3
      vertex 156.5 8 5.6
    endloop
  endfacet
  facet normal -0.752086 0.659066 0
    outer loop
      vertex 157.637 11.3482 3
      vertex 158.111 11.8891 5.6
      vertex 158.111 11.8891 3
    endloop
  endfacet
  facet normal -0.752086 0.659066 0
    outer loop
      vertex 158.111 11.8891 5.6
      vertex 157.637 11.3482 3
      vertex 157.637 11.3482 5.6
    endloop
  endfacet
  facet normal -0.442424 0.896806 0
    outer loop
      vertex 159.895 13.0813 3
      vertex 159.25 12.7631 5.6
      vertex 159.895 13.0813 5.6
    endloop
  endfacet
  facet normal -0.442424 0.896806 0
    outer loop
      vertex 159.25 12.7631 5.6
      vertex 159.895 13.0813 3
      vertex 159.25 12.7631 3
    endloop
  endfacet
  facet normal 0.946615 -0.322366 0
    outer loop
      vertex 167.081 5.89524 5.6
      vertex 167.313 6.5765 3
      vertex 167.313 6.5765 5.6
    endloop
  endfacet
  facet normal 0.946615 -0.322366 0
    outer loop
      vertex 167.313 6.5765 3
      vertex 167.081 5.89524 5.6
      vertex 167.081 5.89524 3
    endloop
  endfacet
  facet normal 0.752086 0.659066 0
    outer loop
      vertex 166.363 11.3482 5.6
      vertex 165.889 11.8891 3
      vertex 165.889 11.8891 5.6
    endloop
  endfacet
  facet normal 0.752086 0.659066 0
    outer loop
      vertex 165.889 11.8891 3
      vertex 166.363 11.3482 5.6
      vertex 166.363 11.3482 3
    endloop
  endfacet
  facet normal 0.980879 -0.194616 0
    outer loop
      vertex 167.313 6.5765 5.6
      vertex 167.453 7.28211 3
      vertex 167.453 7.28211 5.6
    endloop
  endfacet
  facet normal 0.980879 -0.194616 0
    outer loop
      vertex 167.453 7.28211 3
      vertex 167.313 6.5765 5.6
      vertex 167.313 6.5765 3
    endloop
  endfacet
  facet normal -0.831276 -0.555861 0
    outer loop
      vertex 157.637 4.65181 3
      vertex 157.237 5.25 5.6
      vertex 157.237 5.25 3
    endloop
  endfacet
  facet normal -0.831276 -0.555861 0
    outer loop
      vertex 157.237 5.25 5.6
      vertex 157.637 4.65181 3
      vertex 157.637 4.65181 5.6
    endloop
  endfacet
  facet normal -0.659272 -0.751905 0
    outer loop
      vertex 158.111 4.11091 3
      vertex 158.652 3.63656 5.6
      vertex 158.111 4.11091 5.6
    endloop
  endfacet
  facet normal -0.659272 -0.751905 -0
    outer loop
      vertex 158.652 3.63656 5.6
      vertex 158.111 4.11091 3
      vertex 158.652 3.63656 3
    endloop
  endfacet
  facet normal 0.194994 -0.980804 0
    outer loop
      vertex 162.718 2.54705 3
      vertex 163.424 2.68741 5.6
      vertex 162.718 2.54705 5.6
    endloop
  endfacet
  facet normal 0.194994 -0.980804 0
    outer loop
      vertex 163.424 2.68741 5.6
      vertex 162.718 2.54705 3
      vertex 163.424 2.68741 3
    endloop
  endfacet
  facet normal 0.659272 -0.751905 0
    outer loop
      vertex 165.348 3.63656 3
      vertex 165.889 4.11091 5.6
      vertex 165.348 3.63656 5.6
    endloop
  endfacet
  facet normal 0.659272 -0.751905 0
    outer loop
      vertex 165.889 4.11091 5.6
      vertex 165.348 3.63656 3
      vertex 165.889 4.11091 3
    endloop
  endfacet
  facet normal 0.997864 -0.0653298 0
    outer loop
      vertex 167.453 7.28211 5.6
      vertex 167.5 8 3
      vertex 167.5 8 5.6
    endloop
  endfacet
  facet normal 0.997864 -0.0653298 0
    outer loop
      vertex 167.5 8 3
      vertex 167.453 7.28211 5.6
      vertex 167.453 7.28211 3
    endloop
  endfacet
  facet normal -0.980879 -0.194616 0
    outer loop
      vertex 156.687 6.5765 3
      vertex 156.547 7.28211 5.6
      vertex 156.547 7.28211 3
    endloop
  endfacet
  facet normal -0.980879 -0.194616 0
    outer loop
      vertex 156.547 7.28211 5.6
      vertex 156.687 6.5765 3
      vertex 156.687 6.5765 5.6
    endloop
  endfacet
  facet normal 0.752086 -0.659066 0
    outer loop
      vertex 165.889 4.11091 5.6
      vertex 166.363 4.65181 3
      vertex 166.363 4.65181 5.6
    endloop
  endfacet
  facet normal 0.752086 -0.659066 0
    outer loop
      vertex 166.363 4.65181 3
      vertex 165.889 4.11091 5.6
      vertex 165.889 4.11091 3
    endloop
  endfacet
  facet normal -0.0654582 0.997855 0
    outer loop
      vertex 162 13.5 3
      vertex 161.282 13.4529 5.6
      vertex 162 13.5 5.6
    endloop
  endfacet
  facet normal -0.0654582 0.997855 0
    outer loop
      vertex 161.282 13.4529 5.6
      vertex 162 13.5 3
      vertex 161.282 13.4529 3
    endloop
  endfacet
  facet normal -0.896981 -0.442068 0
    outer loop
      vertex 157.237 5.25 3
      vertex 156.919 5.89524 5.6
      vertex 156.919 5.89524 3
    endloop
  endfacet
  facet normal -0.896981 -0.442068 0
    outer loop
      vertex 156.919 5.89524 5.6
      vertex 157.237 5.25 3
      vertex 157.237 5.25 5.6
    endloop
  endfacet
  facet normal -0.896971 0.44209 0
    outer loop
      vertex 156.919 10.1048 3
      vertex 157.237 10.75 5.6
      vertex 157.237 10.75 3
    endloop
  endfacet
  facet normal -0.896971 0.44209 0
    outer loop
      vertex 157.237 10.75 5.6
      vertex 156.919 10.1048 3
      vertex 156.919 10.1048 5.6
    endloop
  endfacet
  facet normal 0.555694 0.831387 -0
    outer loop
      vertex 165.348 12.3634 3
      vertex 164.75 12.7631 5.6
      vertex 165.348 12.3634 5.6
    endloop
  endfacet
  facet normal 0.555694 0.831387 0
    outer loop
      vertex 164.75 12.7631 5.6
      vertex 165.348 12.3634 3
      vertex 164.75 12.7631 3
    endloop
  endfacet
  facet normal 0.194914 0.98082 -0
    outer loop
      vertex 163.424 13.3126 3
      vertex 162.718 13.4529 5.6
      vertex 163.424 13.3126 5.6
    endloop
  endfacet
  facet normal 0.194914 0.98082 0
    outer loop
      vertex 162.718 13.4529 5.6
      vertex 163.424 13.3126 3
      vertex 162.718 13.4529 3
    endloop
  endfacet
  facet normal -0.321541 -0.946896 0
    outer loop
      vertex 159.895 2.91866 3
      vertex 160.576 2.68741 5.6
      vertex 159.895 2.91866 5.6
    endloop
  endfacet
  facet normal -0.321541 -0.946896 -0
    outer loop
      vertex 160.576 2.68741 5.6
      vertex 159.895 2.91866 3
      vertex 160.576 2.68741 3
    endloop
  endfacet
  facet normal -0.555694 0.831387 0
    outer loop
      vertex 159.25 12.7631 3
      vertex 158.652 12.3634 5.6
      vertex 159.25 12.7631 5.6
    endloop
  endfacet
  facet normal -0.555694 0.831387 0
    outer loop
      vertex 158.652 12.3634 5.6
      vertex 159.25 12.7631 3
      vertex 158.652 12.3634 3
    endloop
  endfacet
  facet normal 0.83128 0.555854 0
    outer loop
      vertex 166.763 10.75 5.6
      vertex 166.363 11.3482 3
      vertex 166.363 11.3482 5.6
    endloop
  endfacet
  facet normal 0.83128 0.555854 0
    outer loop
      vertex 166.363 11.3482 3
      vertex 166.763 10.75 5.6
      vertex 166.763 10.75 3
    endloop
  endfacet
  facet normal -0.997864 -0.0653298 0
    outer loop
      vertex 156.547 7.28211 3
      vertex 156.5 8 5.6
      vertex 156.5 8 3
    endloop
  endfacet
  facet normal -0.997864 -0.0653298 0
    outer loop
      vertex 156.5 8 5.6
      vertex 156.547 7.28211 3
      vertex 156.547 7.28211 5.6
    endloop
  endfacet
  facet normal -0.321604 0.946874 0
    outer loop
      vertex 160.576 13.3126 3
      vertex 159.895 13.0813 5.6
      vertex 160.576 13.3126 5.6
    endloop
  endfacet
  facet normal -0.321604 0.946874 0
    outer loop
      vertex 159.895 13.0813 5.6
      vertex 160.576 13.3126 3
      vertex 159.895 13.0813 3
    endloop
  endfacet
  facet normal 0.0654582 0.997855 -0
    outer loop
      vertex 162.718 13.4529 3
      vertex 162 13.5 5.6
      vertex 162.718 13.4529 5.6
    endloop
  endfacet
  facet normal 0.0654582 0.997855 0
    outer loop
      vertex 162 13.5 5.6
      vertex 162.718 13.4529 3
      vertex 162 13.5 3
    endloop
  endfacet
  facet normal -0.194994 -0.980804 0
    outer loop
      vertex 160.576 2.68741 3
      vertex 161.282 2.54705 5.6
      vertex 160.576 2.68741 5.6
    endloop
  endfacet
  facet normal -0.194994 -0.980804 -0
    outer loop
      vertex 161.282 2.54705 5.6
      vertex 160.576 2.68741 3
      vertex 161.282 2.54705 3
    endloop
  endfacet
  facet normal -0.194914 0.98082 0
    outer loop
      vertex 161.282 13.4529 3
      vertex 160.576 13.3126 5.6
      vertex 161.282 13.4529 5.6
    endloop
  endfacet
  facet normal -0.194914 0.98082 0
    outer loop
      vertex 160.576 13.3126 5.6
      vertex 161.282 13.4529 3
      vertex 160.576 13.3126 3
    endloop
  endfacet
  facet normal 0.555694 -0.831387 0
    outer loop
      vertex 164.75 3.23686 3
      vertex 165.348 3.63656 5.6
      vertex 164.75 3.23686 5.6
    endloop
  endfacet
  facet normal 0.555694 -0.831387 0
    outer loop
      vertex 165.348 3.63656 5.6
      vertex 164.75 3.23686 3
      vertex 165.348 3.63656 3
    endloop
  endfacet
  facet normal -0.946615 -0.322366 0
    outer loop
      vertex 156.919 5.89524 3
      vertex 156.687 6.5765 5.6
      vertex 156.687 6.5765 3
    endloop
  endfacet
  facet normal -0.946615 -0.322366 0
    outer loop
      vertex 156.687 6.5765 5.6
      vertex 156.919 5.89524 3
      vertex 156.919 5.89524 5.6
    endloop
  endfacet
  facet normal -0.752086 -0.659066 0
    outer loop
      vertex 158.111 4.11091 3
      vertex 157.637 4.65181 5.6
      vertex 157.637 4.65181 3
    endloop
  endfacet
  facet normal -0.752086 -0.659066 0
    outer loop
      vertex 157.637 4.65181 5.6
      vertex 158.111 4.11091 3
      vertex 158.111 4.11091 5.6
    endloop
  endfacet
  facet normal -0.946621 0.322349 0
    outer loop
      vertex 156.687 9.4235 3
      vertex 156.919 10.1048 5.6
      vertex 156.919 10.1048 3
    endloop
  endfacet
  facet normal -0.946621 0.322349 0
    outer loop
      vertex 156.919 10.1048 5.6
      vertex 156.687 9.4235 3
      vertex 156.687 9.4235 5.6
    endloop
  endfacet
  facet normal -0.83128 0.555854 0
    outer loop
      vertex 157.237 10.75 3
      vertex 157.637 11.3482 5.6
      vertex 157.637 11.3482 3
    endloop
  endfacet
  facet normal -0.83128 0.555854 0
    outer loop
      vertex 157.637 11.3482 5.6
      vertex 157.237 10.75 3
      vertex 157.237 10.75 5.6
    endloop
  endfacet
  facet normal 0 0 1
    outer loop
      vertex 165.15 8 5.6
      vertex 167.5 8 5.6
      vertex 167.453 8.71789 5.6
    endloop
  endfacet
  facet normal 0 0 1
    outer loop
      vertex 165.123 8.41116 5.6
      vertex 167.453 8.71789 5.6
      vertex 167.313 9.4235 5.6
    endloop
  endfacet
  facet normal 0 0 1
    outer loop
      vertex 167.5 8 5.6
      vertex 165.15 8 5.6
      vertex 167.453 7.28211 5.6
    endloop
  endfacet
  facet normal 0 0 1
    outer loop
      vertex 165.043 8.81528 5.6
      vertex 167.313 9.4235 5.6
      vertex 167.081 10.1048 5.6
    endloop
  endfacet
  facet normal -0 0 1
    outer loop
      vertex 165.123 7.58884 5.6
      vertex 167.453 7.28211 5.6
      vertex 165.15 8 5.6
    endloop
  endfacet
  facet normal 0 0 1
    outer loop
      vertex 164.91 9.20545 5.6
      vertex 167.081 10.1048 5.6
      vertex 166.763 10.75 5.6
    endloop
  endfacet
  facet normal 0 0 1
    outer loop
      vertex 167.453 7.28211 5.6
      vertex 165.123 7.58884 5.6
      vertex 167.313 6.5765 5.6
    endloop
  endfacet
  facet normal 0 0 1
    outer loop
      vertex 164.728 9.575 5.6
      vertex 166.763 10.75 5.6
      vertex 166.363 11.3482 5.6
    endloop
  endfacet
  facet normal -0 0 1
    outer loop
      vertex 165.043 7.18472 5.6
      vertex 167.313 6.5765 5.6
      vertex 165.123 7.58884 5.6
    endloop
  endfacet
  facet normal 0 0 1
    outer loop
      vertex 164.499 9.9176 5.6
      vertex 166.363 11.3482 5.6
      vertex 165.889 11.8891 5.6
    endloop
  endfacet
  facet normal 0 0 1
    outer loop
      vertex 167.313 6.5765 5.6
      vertex 165.043 7.18472 5.6
      vertex 167.081 5.89524 5.6
    endloop
  endfacet
  facet normal 0 0 1
    outer loop
      vertex 164.227 10.2274 5.6
      vertex 165.889 11.8891 5.6
      vertex 165.348 12.3634 5.6
    endloop
  endfacet
  facet normal -0 0 1
    outer loop
      vertex 164.91 6.79455 5.6
      vertex 167.081 5.89524 5.6
      vertex 165.043 7.18472 5.6
    endloop
  endfacet
  facet normal 0 0 1
    outer loop
      vertex 167.081 5.89524 5.6
      vertex 164.91 6.79455 5.6
      vertex 166.763 5.25 5.6
    endloop
  endfacet
  facet normal 0 0 1
    outer loop
      vertex 167.453 8.71789 5.6
      vertex 165.123 8.41116 5.6
      vertex 165.15 8 5.6
    endloop
  endfacet
  facet normal 0 0 1
    outer loop
      vertex 167.313 9.4235 5.6
      vertex 165.043 8.81528 5.6
      vertex 165.123 8.41116 5.6
    endloop
  endfacet
  facet normal 0 0 1
    outer loop
      vertex 167.081 10.1048 5.6
      vertex 164.91 9.20545 5.6
      vertex 165.043 8.81528 5.6
    endloop
  endfacet
  facet normal 0 0 1
    outer loop
      vertex 163.918 10.4991 5.6
      vertex 165.348 12.3634 5.6
      vertex 164.75 12.7631 5.6
    endloop
  endfacet
  facet normal 0 0 1
    outer loop
      vertex 166.763 10.75 5.6
      vertex 164.728 9.575 5.6
      vertex 164.91 9.20545 5.6
    endloop
  endfacet
  facet normal 0 0 1
    outer loop
      vertex 166.363 11.3482 5.6
      vertex 164.499 9.9176 5.6
      vertex 164.728 9.575 5.6
    endloop
  endfacet
  facet normal 0 0 1
    outer loop
      vertex 165.889 11.8891 5.6
      vertex 164.227 10.2274 5.6
      vertex 164.499 9.9176 5.6
    endloop
  endfacet
  facet normal 0 0 1
    outer loop
      vertex 163.575 10.728 5.6
      vertex 164.75 12.7631 5.6
      vertex 164.105 13.0813 5.6
    endloop
  endfacet
  facet normal 0 0 1
    outer loop
      vertex 165.348 12.3634 5.6
      vertex 163.918 10.4991 5.6
      vertex 164.227 10.2274 5.6
    endloop
  endfacet
  facet normal 0 0 1
    outer loop
      vertex 164.75 12.7631 5.6
      vertex 163.575 10.728 5.6
      vertex 163.918 10.4991 5.6
    endloop
  endfacet
  facet normal 0 0 1
    outer loop
      vertex 163.205 10.9102 5.6
      vertex 164.105 13.0813 5.6
      vertex 163.424 13.3126 5.6
    endloop
  endfacet
  facet normal 0 0 1
    outer loop
      vertex 164.105 13.0813 5.6
      vertex 163.205 10.9102 5.6
      vertex 163.575 10.728 5.6
    endloop
  endfacet
  facet normal 0 0 1
    outer loop
      vertex 163.424 13.3126 5.6
      vertex 162.815 11.0427 5.6
      vertex 163.205 10.9102 5.6
    endloop
  endfacet
  facet normal 0 0 1
    outer loop
      vertex 162.718 13.4529 5.6
      vertex 162.815 11.0427 5.6
      vertex 163.424 13.3126 5.6
    endloop
  endfacet
  facet normal 0 0 1
    outer loop
      vertex 162.718 13.4529 5.6
      vertex 162.411 11.1231 5.6
      vertex 162.815 11.0427 5.6
    endloop
  endfacet
  facet normal 0 0 1
    outer loop
      vertex 162 13.5 5.6
      vertex 162.411 11.1231 5.6
      vertex 162.718 13.4529 5.6
    endloop
  endfacet
  facet normal 0 0 1
    outer loop
      vertex 162 13.5 5.6
      vertex 162 11.15 5.6
      vertex 162.411 11.1231 5.6
    endloop
  endfacet
  facet normal 0 0 1
    outer loop
      vertex 162 13.5 5.6
      vertex 161.589 11.1231 5.6
      vertex 162 11.15 5.6
    endloop
  endfacet
  facet normal -0 0 1
    outer loop
      vertex 161.282 13.4529 5.6
      vertex 161.589 11.1231 5.6
      vertex 162 13.5 5.6
    endloop
  endfacet
  facet normal 0 0 1
    outer loop
      vertex 161.282 13.4529 5.6
      vertex 161.185 11.0427 5.6
      vertex 161.589 11.1231 5.6
    endloop
  endfacet
  facet normal -0 0 1
    outer loop
      vertex 160.576 13.3126 5.6
      vertex 161.185 11.0427 5.6
      vertex 161.282 13.4529 5.6
    endloop
  endfacet
  facet normal 0 0 1
    outer loop
      vertex 161.185 11.0427 5.6
      vertex 160.576 13.3126 5.6
      vertex 160.795 10.9102 5.6
    endloop
  endfacet
  facet normal -0 0 1
    outer loop
      vertex 159.895 13.0813 5.6
      vertex 160.795 10.9102 5.6
      vertex 160.576 13.3126 5.6
    endloop
  endfacet
  facet normal 0 0 1
    outer loop
      vertex 160.795 10.9102 5.6
      vertex 159.895 13.0813 5.6
      vertex 160.425 10.728 5.6
    endloop
  endfacet
  facet normal -0 0 1
    outer loop
      vertex 159.25 12.7631 5.6
      vertex 160.425 10.728 5.6
      vertex 159.895 13.0813 5.6
    endloop
  endfacet
  facet normal 0 0 1
    outer loop
      vertex 160.425 10.728 5.6
      vertex 159.25 12.7631 5.6
      vertex 160.082 10.4991 5.6
    endloop
  endfacet
  facet normal -0 0 1
    outer loop
      vertex 158.652 12.3634 5.6
      vertex 160.082 10.4991 5.6
      vertex 159.25 12.7631 5.6
    endloop
  endfacet
  facet normal 0 0 1
    outer loop
      vertex 160.082 10.4991 5.6
      vertex 158.652 12.3634 5.6
      vertex 159.773 10.2274 5.6
    endloop
  endfacet
  facet normal -0 0 1
    outer loop
      vertex 158.111 11.8891 5.6
      vertex 159.773 10.2274 5.6
      vertex 158.652 12.3634 5.6
    endloop
  endfacet
  facet normal 0 0 1
    outer loop
      vertex 159.773 10.2274 5.6
      vertex 158.111 11.8891 5.6
      vertex 159.501 9.9176 5.6
    endloop
  endfacet
  facet normal -0 0 1
    outer loop
      vertex 157.637 11.3482 5.6
      vertex 159.501 9.9176 5.6
      vertex 158.111 11.8891 5.6
    endloop
  endfacet
  facet normal 0 0 1
    outer loop
      vertex 159.501 9.9176 5.6
      vertex 157.637 11.3482 5.6
      vertex 159.272 9.575 5.6
    endloop
  endfacet
  facet normal 0 0 1
    outer loop
      vertex 159.272 9.575 5.6
      vertex 157.237 10.75 5.6
      vertex 159.09 9.20545 5.6
    endloop
  endfacet
  facet normal -0 0 1
    outer loop
      vertex 157.237 10.75 5.6
      vertex 159.272 9.575 5.6
      vertex 157.637 11.3482 5.6
    endloop
  endfacet
  facet normal -0 0 1
    outer loop
      vertex 164.728 6.425 5.6
      vertex 166.763 5.25 5.6
      vertex 164.91 6.79455 5.6
    endloop
  endfacet
  facet normal 0 0 1
    outer loop
      vertex 166.763 5.25 5.6
      vertex 164.728 6.425 5.6
      vertex 166.363 4.65181 5.6
    endloop
  endfacet
  facet normal -0 0 1
    outer loop
      vertex 164.499 6.0824 5.6
      vertex 166.363 4.65181 5.6
      vertex 164.728 6.425 5.6
    endloop
  endfacet
  facet normal 0 0 1
    outer loop
      vertex 166.363 4.65181 5.6
      vertex 164.499 6.0824 5.6
      vertex 165.889 4.11091 5.6
    endloop
  endfacet
  facet normal -0 0 1
    outer loop
      vertex 164.227 5.77261 5.6
      vertex 165.889 4.11091 5.6
      vertex 164.499 6.0824 5.6
    endloop
  endfacet
  facet normal 0 0 1
    outer loop
      vertex 165.889 4.11091 5.6
      vertex 164.227 5.77261 5.6
      vertex 165.348 3.63656 5.6
    endloop
  endfacet
  facet normal -0 0 1
    outer loop
      vertex 163.918 5.50094 5.6
      vertex 165.348 3.63656 5.6
      vertex 164.227 5.77261 5.6
    endloop
  endfacet
  facet normal 0 0 1
    outer loop
      vertex 165.348 3.63656 5.6
      vertex 163.918 5.50094 5.6
      vertex 164.75 3.23686 5.6
    endloop
  endfacet
  facet normal -0 0 1
    outer loop
      vertex 163.575 5.27202 5.6
      vertex 164.75 3.23686 5.6
      vertex 163.918 5.50094 5.6
    endloop
  endfacet
  facet normal 0 0 1
    outer loop
      vertex 164.75 3.23686 5.6
      vertex 163.575 5.27202 5.6
      vertex 164.105 2.91866 5.6
    endloop
  endfacet
  facet normal -0 0 1
    outer loop
      vertex 163.205 5.08978 5.6
      vertex 164.105 2.91866 5.6
      vertex 163.575 5.27202 5.6
    endloop
  endfacet
  facet normal 0 0 1
    outer loop
      vertex 164.105 2.91866 5.6
      vertex 163.205 5.08978 5.6
      vertex 163.424 2.68741 5.6
    endloop
  endfacet
  facet normal -0 0 1
    outer loop
      vertex 162.815 4.95733 5.6
      vertex 163.424 2.68741 5.6
      vertex 163.205 5.08978 5.6
    endloop
  endfacet
  facet normal 0 0 1
    outer loop
      vertex 162.815 4.95733 5.6
      vertex 162.718 2.54705 5.6
      vertex 163.424 2.68741 5.6
    endloop
  endfacet
  facet normal -0 0 1
    outer loop
      vertex 162.411 4.87695 5.6
      vertex 162.718 2.54705 5.6
      vertex 162.815 4.95733 5.6
    endloop
  endfacet
  facet normal -0 0 1
    outer loop
      vertex 162 4.85 5.6
      vertex 162.718 2.54705 5.6
      vertex 162.411 4.87695 5.6
    endloop
  endfacet
  facet normal 0 0 1
    outer loop
      vertex 162 4.85 5.6
      vertex 162 2.5 5.6
      vertex 162.718 2.54705 5.6
    endloop
  endfacet
  facet normal 0 0 1
    outer loop
      vertex 161.589 4.87695 5.6
      vertex 162 2.5 5.6
      vertex 162 4.85 5.6
    endloop
  endfacet
  facet normal 0 0 1
    outer loop
      vertex 161.589 4.87695 5.6
      vertex 161.282 2.54705 5.6
      vertex 162 2.5 5.6
    endloop
  endfacet
  facet normal 0 0 1
    outer loop
      vertex 161.185 4.95733 5.6
      vertex 161.282 2.54705 5.6
      vertex 161.589 4.87695 5.6
    endloop
  endfacet
  facet normal 0 0 1
    outer loop
      vertex 160.576 2.68741 5.6
      vertex 161.185 4.95733 5.6
      vertex 160.795 5.08978 5.6
    endloop
  endfacet
  facet normal 0 0 1
    outer loop
      vertex 161.185 4.95733 5.6
      vertex 160.576 2.68741 5.6
      vertex 161.282 2.54705 5.6
    endloop
  endfacet
  facet normal 0 0 1
    outer loop
      vertex 159.895 2.91866 5.6
      vertex 160.795 5.08978 5.6
      vertex 160.425 5.27202 5.6
    endloop
  endfacet
  facet normal 0 0 1
    outer loop
      vertex 159.25 3.23686 5.6
      vertex 160.425 5.27202 5.6
      vertex 160.082 5.50094 5.6
    endloop
  endfacet
  facet normal 0 0 1
    outer loop
      vertex 160.795 5.08978 5.6
      vertex 159.895 2.91866 5.6
      vertex 160.576 2.68741 5.6
    endloop
  endfacet
  facet normal 0 0 1
    outer loop
      vertex 158.652 3.63656 5.6
      vertex 160.082 5.50094 5.6
      vertex 159.773 5.77261 5.6
    endloop
  endfacet
  facet normal 0 0 1
    outer loop
      vertex 158.111 4.11091 5.6
      vertex 159.773 5.77261 5.6
      vertex 159.501 6.0824 5.6
    endloop
  endfacet
  facet normal 0 0 1
    outer loop
      vertex 157.637 4.65181 5.6
      vertex 159.501 6.0824 5.6
      vertex 159.272 6.425 5.6
    endloop
  endfacet
  facet normal 0 0 1
    outer loop
      vertex 160.425 5.27202 5.6
      vertex 159.25 3.23686 5.6
      vertex 159.895 2.91866 5.6
    endloop
  endfacet
  facet normal 0 0 1
    outer loop
      vertex 157.237 5.25 5.6
      vertex 159.272 6.425 5.6
      vertex 159.09 6.79455 5.6
    endloop
  endfacet
  facet normal 0 0 1
    outer loop
      vertex 156.919 5.89524 5.6
      vertex 159.09 6.79455 5.6
      vertex 158.957 7.18472 5.6
    endloop
  endfacet
  facet normal 0 0 1
    outer loop
      vertex 156.687 6.5765 5.6
      vertex 158.957 7.18472 5.6
      vertex 158.877 7.58884 5.6
    endloop
  endfacet
  facet normal 0 0 1
    outer loop
      vertex 160.082 5.50094 5.6
      vertex 158.652 3.63656 5.6
      vertex 159.25 3.23686 5.6
    endloop
  endfacet
  facet normal 0 0 1
    outer loop
      vertex 156.547 7.28211 5.6
      vertex 158.877 7.58884 5.6
      vertex 158.85 8 5.6
    endloop
  endfacet
  facet normal -0 0 1
    outer loop
      vertex 156.919 10.1048 5.6
      vertex 159.09 9.20545 5.6
      vertex 157.237 10.75 5.6
    endloop
  endfacet
  facet normal 0 0 1
    outer loop
      vertex 159.09 9.20545 5.6
      vertex 156.919 10.1048 5.6
      vertex 158.957 8.81528 5.6
    endloop
  endfacet
  facet normal 0 0 1
    outer loop
      vertex 159.773 5.77261 5.6
      vertex 158.111 4.11091 5.6
      vertex 158.652 3.63656 5.6
    endloop
  endfacet
  facet normal -0 0 1
    outer loop
      vertex 156.687 9.4235 5.6
      vertex 158.957 8.81528 5.6
      vertex 156.919 10.1048 5.6
    endloop
  endfacet
  facet normal 0 0 1
    outer loop
      vertex 159.501 6.0824 5.6
      vertex 157.637 4.65181 5.6
      vertex 158.111 4.11091 5.6
    endloop
  endfacet
  facet normal 0 0 1
    outer loop
      vertex 158.957 8.81528 5.6
      vertex 156.687 9.4235 5.6
      vertex 158.877 8.41116 5.6
    endloop
  endfacet
  facet normal 0 0 1
    outer loop
      vertex 159.272 6.425 5.6
      vertex 157.237 5.25 5.6
      vertex 157.637 4.65181 5.6
    endloop
  endfacet
  facet normal -0 0 1
    outer loop
      vertex 156.547 8.71789 5.6
      vertex 158.877 8.41116 5.6
      vertex 156.687 9.4235 5.6
    endloop
  endfacet
  facet normal 0 0 1
    outer loop
      vertex 159.09 6.79455 5.6
      vertex 156.919 5.89524 5.6
      vertex 157.237 5.25 5.6
    endloop
  endfacet
  facet normal 0 0 1
    outer loop
      vertex 158.877 8.41116 5.6
      vertex 156.547 8.71789 5.6
      vertex 158.85 8 5.6
    endloop
  endfacet
  facet normal 0 0 1
    outer loop
      vertex 158.957 7.18472 5.6
      vertex 156.687 6.5765 5.6
      vertex 156.919 5.89524 5.6
    endloop
  endfacet
  facet normal 0 0 1
    outer loop
      vertex 156.5 8 5.6
      vertex 158.85 8 5.6
      vertex 156.547 8.71789 5.6
    endloop
  endfacet
  facet normal 0 0 1
    outer loop
      vertex 158.877 7.58884 5.6
      vertex 156.547 7.28211 5.6
      vertex 156.687 6.5765 5.6
    endloop
  endfacet
  facet normal 0 0 1
    outer loop
      vertex 158.85 8 5.6
      vertex 156.5 8 5.6
      vertex 156.547 7.28211 5.6
    endloop
  endfacet
  facet normal -0.980963 -0.194193 0
    outer loop
      vertex 165.123 8.41116 3.6
      vertex 165.043 8.81528 5.6
      vertex 165.043 8.81528 3.6
    endloop
  endfacet
  facet normal -0.980963 -0.194193 0
    outer loop
      vertex 165.043 8.81528 5.6
      vertex 165.123 8.41116 3.6
      vertex 165.123 8.41116 5.6
    endloop
  endfacet
  facet normal -0.997851 -0.0655267 0
    outer loop
      vertex 165.15 8 3.6
      vertex 165.123 8.41116 5.6
      vertex 165.123 8.41116 3.6
    endloop
  endfacet
  facet normal -0.997851 -0.0655267 0
    outer loop
      vertex 165.123 8.41116 5.6
      vertex 165.15 8 3.6
      vertex 165.15 8 5.6
    endloop
  endfacet
  facet normal -0.946519 -0.322647 0
    outer loop
      vertex 165.043 8.81528 3.6
      vertex 164.91 9.20545 5.6
      vertex 164.91 9.20545 3.6
    endloop
  endfacet
  facet normal -0.946519 -0.322647 0
    outer loop
      vertex 164.91 9.20545 5.6
      vertex 165.043 8.81528 3.6
      vertex 165.043 8.81528 5.6
    endloop
  endfacet
  facet normal -0.441774 -0.897126 0
    outer loop
      vertex 163.205 10.9102 3.6
      vertex 163.575 10.728 5.6
      vertex 163.205 10.9102 5.6
    endloop
  endfacet
  facet normal -0.441774 -0.897126 -0
    outer loop
      vertex 163.575 10.728 5.6
      vertex 163.205 10.9102 3.6
      vertex 163.575 10.728 3.6
    endloop
  endfacet
  facet normal 0.980963 0.194193 0
    outer loop
      vertex 158.957 7.18472 5.6
      vertex 158.877 7.58884 3.6
      vertex 158.877 7.58884 5.6
    endloop
  endfacet
  facet normal 0.980963 0.194193 0
    outer loop
      vertex 158.877 7.58884 3.6
      vertex 158.957 7.18472 5.6
      vertex 158.957 7.18472 3.6
    endloop
  endfacet
  facet normal -0.660327 -0.750979 0
    outer loop
      vertex 163.918 10.4991 3.6
      vertex 164.227 10.2274 5.6
      vertex 163.918 10.4991 5.6
    endloop
  endfacet
  facet normal -0.660327 -0.750979 -0
    outer loop
      vertex 164.227 10.2274 5.6
      vertex 163.918 10.4991 3.6
      vertex 164.227 10.2274 3.6
    endloop
  endfacet
  facet normal -0.946519 0.322647 0
    outer loop
      vertex 164.91 6.79455 3.6
      vertex 165.043 7.18472 5.6
      vertex 165.043 7.18472 3.6
    endloop
  endfacet
  facet normal -0.946519 0.322647 0
    outer loop
      vertex 165.043 7.18472 5.6
      vertex 164.91 6.79455 3.6
      vertex 164.91 6.79455 5.6
    endloop
  endfacet
  facet normal 0.441774 -0.897126 0
    outer loop
      vertex 160.425 10.728 3.6
      vertex 160.795 10.9102 5.6
      vertex 160.425 10.728 5.6
    endloop
  endfacet
  facet normal 0.441774 -0.897126 0
    outer loop
      vertex 160.795 10.9102 5.6
      vertex 160.425 10.728 3.6
      vertex 160.795 10.9102 3.6
    endloop
  endfacet
  facet normal -0.195136 0.980776 0
    outer loop
      vertex 162.815 4.95733 3.6
      vertex 162.411 4.87695 5.6
      vertex 162.815 4.95733 5.6
    endloop
  endfacet
  facet normal -0.195136 0.980776 0
    outer loop
      vertex 162.411 4.87695 5.6
      vertex 162.815 4.95733 3.6
      vertex 162.411 4.87695 3.6
    endloop
  endfacet
  facet normal 0.0653104 -0.997865 0
    outer loop
      vertex 161.589 11.1231 3.6
      vertex 162 11.15 5.6
      vertex 161.589 11.1231 5.6
    endloop
  endfacet
  facet normal 0.0653104 -0.997865 0
    outer loop
      vertex 162 11.15 5.6
      vertex 161.589 11.1231 3.6
      vertex 162 11.15 3.6
    endloop
  endfacet
  facet normal -0.831378 -0.555708 0
    outer loop
      vertex 164.728 9.575 3.6
      vertex 164.499 9.9176 5.6
      vertex 164.499 9.9176 3.6
    endloop
  endfacet
  facet normal -0.831378 -0.555708 0
    outer loop
      vertex 164.499 9.9176 5.6
      vertex 164.728 9.575 3.6
      vertex 164.728 9.575 5.6
    endloop
  endfacet
  facet normal -0.897106 -0.441816 0
    outer loop
      vertex 164.91 9.20545 3.6
      vertex 164.728 9.575 5.6
      vertex 164.728 9.575 3.6
    endloop
  endfacet
  facet normal -0.897106 -0.441816 0
    outer loop
      vertex 164.728 9.575 5.6
      vertex 164.91 9.20545 3.6
      vertex 164.91 9.20545 5.6
    endloop
  endfacet
  facet normal -0.897106 0.441816 0
    outer loop
      vertex 164.728 6.425 3.6
      vertex 164.91 6.79455 5.6
      vertex 164.91 6.79455 3.6
    endloop
  endfacet
  facet normal -0.897106 0.441816 0
    outer loop
      vertex 164.91 6.79455 5.6
      vertex 164.728 6.425 3.6
      vertex 164.728 6.425 5.6
    endloop
  endfacet
  facet normal 0.980963 -0.194193 0
    outer loop
      vertex 158.877 8.41116 5.6
      vertex 158.957 8.81528 3.6
      vertex 158.957 8.81528 5.6
    endloop
  endfacet
  facet normal 0.980963 -0.194193 0
    outer loop
      vertex 158.957 8.81528 3.6
      vertex 158.877 8.41116 5.6
      vertex 158.877 8.41116 3.6
    endloop
  endfacet
  facet normal 0.997851 -0.0655267 0
    outer loop
      vertex 158.85 8 5.6
      vertex 158.877 8.41116 3.6
      vertex 158.877 8.41116 5.6
    endloop
  endfacet
  facet normal 0.997851 -0.0655267 0
    outer loop
      vertex 158.877 8.41116 3.6
      vertex 158.85 8 5.6
      vertex 158.85 8 3.6
    endloop
  endfacet
  facet normal -0.831378 0.555708 0
    outer loop
      vertex 164.499 6.0824 3.6
      vertex 164.728 6.425 5.6
      vertex 164.728 6.425 3.6
    endloop
  endfacet
  facet normal -0.831378 0.555708 0
    outer loop
      vertex 164.728 6.425 5.6
      vertex 164.499 6.0824 3.6
      vertex 164.499 6.0824 5.6
    endloop
  endfacet
  facet normal 0.555092 -0.831789 0
    outer loop
      vertex 160.082 10.4991 3.6
      vertex 160.425 10.728 5.6
      vertex 160.082 10.4991 5.6
    endloop
  endfacet
  facet normal 0.555092 -0.831789 0
    outer loop
      vertex 160.425 10.728 5.6
      vertex 160.082 10.4991 3.6
      vertex 160.425 10.728 3.6
    endloop
  endfacet
  facet normal 0.831378 0.555708 0
    outer loop
      vertex 159.501 6.0824 5.6
      vertex 159.272 6.425 3.6
      vertex 159.272 6.425 5.6
    endloop
  endfacet
  facet normal 0.831378 0.555708 0
    outer loop
      vertex 159.272 6.425 3.6
      vertex 159.501 6.0824 5.6
      vertex 159.501 6.0824 3.6
    endloop
  endfacet
  facet normal 0.195182 -0.980767 0
    outer loop
      vertex 161.185 11.0427 3.6
      vertex 161.589 11.1231 5.6
      vertex 161.185 11.0427 5.6
    endloop
  endfacet
  facet normal 0.195182 -0.980767 0
    outer loop
      vertex 161.589 11.1231 5.6
      vertex 161.185 11.0427 3.6
      vertex 161.589 11.1231 3.6
    endloop
  endfacet
  facet normal -0.980963 0.194193 0
    outer loop
      vertex 165.043 7.18472 3.6
      vertex 165.123 7.58884 5.6
      vertex 165.123 7.58884 3.6
    endloop
  endfacet
  facet normal -0.980963 0.194193 0
    outer loop
      vertex 165.123 7.58884 5.6
      vertex 165.043 7.18472 3.6
      vertex 165.043 7.18472 5.6
    endloop
  endfacet
  facet normal -0.555092 -0.831789 0
    outer loop
      vertex 163.575 10.728 3.6
      vertex 163.918 10.4991 5.6
      vertex 163.575 10.728 5.6
    endloop
  endfacet
  facet normal -0.555092 -0.831789 -0
    outer loop
      vertex 163.918 10.4991 5.6
      vertex 163.575 10.728 3.6
      vertex 163.918 10.4991 3.6
    endloop
  endfacet
  facet normal -0.0653104 -0.997865 0
    outer loop
      vertex 162 11.15 3.6
      vertex 162.411 11.1231 5.6
      vertex 162 11.15 5.6
    endloop
  endfacet
  facet normal -0.0653104 -0.997865 -0
    outer loop
      vertex 162.411 11.1231 5.6
      vertex 162 11.15 3.6
      vertex 162.411 11.1231 3.6
    endloop
  endfacet
  facet normal 0.441852 0.897088 -0
    outer loop
      vertex 160.795 5.08978 3.6
      vertex 160.425 5.27202 5.6
      vertex 160.795 5.08978 5.6
    endloop
  endfacet
  facet normal 0.441852 0.897088 0
    outer loop
      vertex 160.425 5.27202 5.6
      vertex 160.795 5.08978 3.6
      vertex 160.425 5.27202 3.6
    endloop
  endfacet
  facet normal -0.0654313 0.997857 0
    outer loop
      vertex 162.411 4.87695 3.6
      vertex 162 4.85 5.6
      vertex 162.411 4.87695 5.6
    endloop
  endfacet
  facet normal -0.0654313 0.997857 0
    outer loop
      vertex 162 4.85 5.6
      vertex 162.411 4.87695 3.6
      vertex 162 4.85 3.6
    endloop
  endfacet
  facet normal -0.660285 0.751015 0
    outer loop
      vertex 164.227 5.77261 3.6
      vertex 163.918 5.50094 5.6
      vertex 164.227 5.77261 5.6
    endloop
  endfacet
  facet normal -0.660285 0.751015 0
    outer loop
      vertex 163.918 5.50094 5.6
      vertex 164.227 5.77261 3.6
      vertex 163.918 5.50094 3.6
    endloop
  endfacet
  facet normal 0.660327 -0.750979 0
    outer loop
      vertex 159.773 10.2274 3.6
      vertex 160.082 10.4991 5.6
      vertex 159.773 10.2274 5.6
    endloop
  endfacet
  facet normal 0.660327 -0.750979 0
    outer loop
      vertex 160.082 10.4991 5.6
      vertex 159.773 10.2274 3.6
      vertex 160.082 10.4991 3.6
    endloop
  endfacet
  facet normal -0.997851 0.0655267 0
    outer loop
      vertex 165.123 7.58884 3.6
      vertex 165.15 8 5.6
      vertex 165.15 8 3.6
    endloop
  endfacet
  facet normal -0.997851 0.0655267 0
    outer loop
      vertex 165.15 8 5.6
      vertex 165.123 7.58884 3.6
      vertex 165.123 7.58884 5.6
    endloop
  endfacet
  facet normal 0.321685 -0.946847 0
    outer loop
      vertex 160.795 10.9102 3.6
      vertex 161.185 11.0427 5.6
      vertex 160.795 10.9102 5.6
    endloop
  endfacet
  facet normal 0.321685 -0.946847 0
    outer loop
      vertex 161.185 11.0427 5.6
      vertex 160.795 10.9102 3.6
      vertex 161.185 11.0427 3.6
    endloop
  endfacet
  facet normal 0.195136 0.980776 -0
    outer loop
      vertex 161.589 4.87695 3.6
      vertex 161.185 4.95733 5.6
      vertex 161.589 4.87695 5.6
    endloop
  endfacet
  facet normal 0.195136 0.980776 0
    outer loop
      vertex 161.185 4.95733 5.6
      vertex 161.589 4.87695 3.6
      vertex 161.185 4.95733 3.6
    endloop
  endfacet
  facet normal 0.946519 -0.322647 0
    outer loop
      vertex 158.957 8.81528 5.6
      vertex 159.09 9.20545 3.6
      vertex 159.09 9.20545 5.6
    endloop
  endfacet
  facet normal 0.946519 -0.322647 0
    outer loop
      vertex 159.09 9.20545 3.6
      vertex 158.957 8.81528 5.6
      vertex 158.957 8.81528 3.6
    endloop
  endfacet
  facet normal -0.751453 0.659786 0
    outer loop
      vertex 164.227 5.77261 3.6
      vertex 164.499 6.0824 5.6
      vertex 164.499 6.0824 3.6
    endloop
  endfacet
  facet normal -0.751453 0.659786 0
    outer loop
      vertex 164.499 6.0824 5.6
      vertex 164.227 5.77261 3.6
      vertex 164.227 5.77261 5.6
    endloop
  endfacet
  facet normal 0.660285 0.751015 -0
    outer loop
      vertex 160.082 5.50094 3.6
      vertex 159.773 5.77261 5.6
      vertex 160.082 5.50094 5.6
    endloop
  endfacet
  facet normal 0.660285 0.751015 0
    outer loop
      vertex 159.773 5.77261 5.6
      vertex 160.082 5.50094 3.6
      vertex 159.773 5.77261 3.6
    endloop
  endfacet
  facet normal 0.897106 0.441816 0
    outer loop
      vertex 159.272 6.425 5.6
      vertex 159.09 6.79455 3.6
      vertex 159.09 6.79455 5.6
    endloop
  endfacet
  facet normal 0.897106 0.441816 0
    outer loop
      vertex 159.09 6.79455 3.6
      vertex 159.272 6.425 5.6
      vertex 159.272 6.425 3.6
    endloop
  endfacet
  facet normal 0.997851 0.0655267 0
    outer loop
      vertex 158.877 7.58884 5.6
      vertex 158.85 8 3.6
      vertex 158.85 8 5.6
    endloop
  endfacet
  facet normal 0.997851 0.0655267 0
    outer loop
      vertex 158.85 8 3.6
      vertex 158.877 7.58884 5.6
      vertex 158.877 7.58884 3.6
    endloop
  endfacet
  facet normal -0.751464 -0.659774 0
    outer loop
      vertex 164.499 9.9176 3.6
      vertex 164.227 10.2274 5.6
      vertex 164.227 10.2274 3.6
    endloop
  endfacet
  facet normal -0.751464 -0.659774 0
    outer loop
      vertex 164.227 10.2274 5.6
      vertex 164.499 9.9176 3.6
      vertex 164.499 9.9176 5.6
    endloop
  endfacet
  facet normal -0.555125 0.831767 0
    outer loop
      vertex 163.918 5.50094 3.6
      vertex 163.575 5.27202 5.6
      vertex 163.918 5.50094 5.6
    endloop
  endfacet
  facet normal -0.555125 0.831767 0
    outer loop
      vertex 163.575 5.27202 5.6
      vertex 163.918 5.50094 3.6
      vertex 163.575 5.27202 3.6
    endloop
  endfacet
  facet normal 0.751464 -0.659774 0
    outer loop
      vertex 159.501 9.9176 5.6
      vertex 159.773 10.2274 3.6
      vertex 159.773 10.2274 5.6
    endloop
  endfacet
  facet normal 0.751464 -0.659774 0
    outer loop
      vertex 159.773 10.2274 3.6
      vertex 159.501 9.9176 5.6
      vertex 159.501 9.9176 3.6
    endloop
  endfacet
  facet normal -0.321685 -0.946847 0
    outer loop
      vertex 162.815 11.0427 3.6
      vertex 163.205 10.9102 5.6
      vertex 162.815 11.0427 5.6
    endloop
  endfacet
  facet normal -0.321685 -0.946847 -0
    outer loop
      vertex 163.205 10.9102 5.6
      vertex 162.815 11.0427 3.6
      vertex 163.205 10.9102 3.6
    endloop
  endfacet
  facet normal 0.321576 0.946884 -0
    outer loop
      vertex 161.185 4.95733 3.6
      vertex 160.795 5.08978 5.6
      vertex 161.185 4.95733 5.6
    endloop
  endfacet
  facet normal 0.321576 0.946884 0
    outer loop
      vertex 160.795 5.08978 5.6
      vertex 161.185 4.95733 3.6
      vertex 160.795 5.08978 3.6
    endloop
  endfacet
  facet normal 0.946519 0.322647 0
    outer loop
      vertex 159.09 6.79455 5.6
      vertex 158.957 7.18472 3.6
      vertex 158.957 7.18472 5.6
    endloop
  endfacet
  facet normal 0.946519 0.322647 0
    outer loop
      vertex 158.957 7.18472 3.6
      vertex 159.09 6.79455 5.6
      vertex 159.09 6.79455 3.6
    endloop
  endfacet
  facet normal 0 0 1
    outer loop
      vertex 165.123 8.41116 3.6
      vertex 165.123 7.58884 3.6
      vertex 165.15 8 3.6
    endloop
  endfacet
  facet normal 0 0 1
    outer loop
      vertex 165.043 8.81528 3.6
      vertex 165.123 7.58884 3.6
      vertex 165.123 8.41116 3.6
    endloop
  endfacet
  facet normal 0 0 1
    outer loop
      vertex 165.043 8.81528 3.6
      vertex 165.043 7.18472 3.6
      vertex 165.123 7.58884 3.6
    endloop
  endfacet
  facet normal 0 0 1
    outer loop
      vertex 164.91 9.20545 3.6
      vertex 165.043 7.18472 3.6
      vertex 165.043 8.81528 3.6
    endloop
  endfacet
  facet normal 0 0 1
    outer loop
      vertex 164.91 9.20545 3.6
      vertex 164.91 6.79455 3.6
      vertex 165.043 7.18472 3.6
    endloop
  endfacet
  facet normal 0 0 1
    outer loop
      vertex 164.728 9.575 3.6
      vertex 164.91 6.79455 3.6
      vertex 164.91 9.20545 3.6
    endloop
  endfacet
  facet normal 0 0 1
    outer loop
      vertex 164.728 9.575 3.6
      vertex 164.728 6.425 3.6
      vertex 164.91 6.79455 3.6
    endloop
  endfacet
  facet normal 0 0 1
    outer loop
      vertex 164.499 9.9176 3.6
      vertex 164.728 6.425 3.6
      vertex 164.728 9.575 3.6
    endloop
  endfacet
  facet normal 0 0 1
    outer loop
      vertex 164.499 9.9176 3.6
      vertex 164.499 6.0824 3.6
      vertex 164.728 6.425 3.6
    endloop
  endfacet
  facet normal 0 0 1
    outer loop
      vertex 164.227 10.2274 3.6
      vertex 164.499 6.0824 3.6
      vertex 164.499 9.9176 3.6
    endloop
  endfacet
  facet normal 0 0 1
    outer loop
      vertex 164.227 10.2274 3.6
      vertex 164.227 5.77261 3.6
      vertex 164.499 6.0824 3.6
    endloop
  endfacet
  facet normal 0 0 1
    outer loop
      vertex 163.918 10.4991 3.6
      vertex 164.227 5.77261 3.6
      vertex 164.227 10.2274 3.6
    endloop
  endfacet
  facet normal 0 0 1
    outer loop
      vertex 163.918 10.4991 3.6
      vertex 163.918 5.50094 3.6
      vertex 164.227 5.77261 3.6
    endloop
  endfacet
  facet normal 0 0 1
    outer loop
      vertex 163.575 10.728 3.6
      vertex 163.918 5.50094 3.6
      vertex 163.918 10.4991 3.6
    endloop
  endfacet
  facet normal 0 0 1
    outer loop
      vertex 163.575 10.728 3.6
      vertex 163.575 5.27202 3.6
      vertex 163.918 5.50094 3.6
    endloop
  endfacet
  facet normal 0 0 1
    outer loop
      vertex 163.205 10.9102 3.6
      vertex 163.575 5.27202 3.6
      vertex 163.575 10.728 3.6
    endloop
  endfacet
  facet normal 0 0 1
    outer loop
      vertex 163.205 10.9102 3.6
      vertex 163.205 5.08978 3.6
      vertex 163.575 5.27202 3.6
    endloop
  endfacet
  facet normal 0 0 1
    outer loop
      vertex 162.815 11.0427 3.6
      vertex 163.205 5.08978 3.6
      vertex 163.205 10.9102 3.6
    endloop
  endfacet
  facet normal 0 0 1
    outer loop
      vertex 162.815 11.0427 3.6
      vertex 162.815 4.95733 3.6
      vertex 163.205 5.08978 3.6
    endloop
  endfacet
  facet normal 0 0 1
    outer loop
      vertex 162.411 11.1231 3.6
      vertex 162.815 4.95733 3.6
      vertex 162.815 11.0427 3.6
    endloop
  endfacet
  facet normal 0 0 1
    outer loop
      vertex 162.411 11.1231 3.6
      vertex 162.411 4.87695 3.6
      vertex 162.815 4.95733 3.6
    endloop
  endfacet
  facet normal 0 0 1
    outer loop
      vertex 162 11.15 3.6
      vertex 162.411 4.87695 3.6
      vertex 162.411 11.1231 3.6
    endloop
  endfacet
  facet normal 0 0 1
    outer loop
      vertex 162 11.15 3.6
      vertex 162 4.85 3.6
      vertex 162.411 4.87695 3.6
    endloop
  endfacet
  facet normal -0 0 1
    outer loop
      vertex 161.589 11.1231 3.6
      vertex 162 4.85 3.6
      vertex 162 11.15 3.6
    endloop
  endfacet
  facet normal 0 0 1
    outer loop
      vertex 161.589 11.1231 3.6
      vertex 161.589 4.87695 3.6
      vertex 162 4.85 3.6
    endloop
  endfacet
  facet normal -0 0 1
    outer loop
      vertex 161.185 11.0427 3.6
      vertex 161.589 4.87695 3.6
      vertex 161.589 11.1231 3.6
    endloop
  endfacet
  facet normal 0 0 1
    outer loop
      vertex 161.185 11.0427 3.6
      vertex 161.185 4.95733 3.6
      vertex 161.589 4.87695 3.6
    endloop
  endfacet
  facet normal -0 0 1
    outer loop
      vertex 160.795 10.9102 3.6
      vertex 161.185 4.95733 3.6
      vertex 161.185 11.0427 3.6
    endloop
  endfacet
  facet normal 0 0 1
    outer loop
      vertex 160.795 10.9102 3.6
      vertex 160.795 5.08978 3.6
      vertex 161.185 4.95733 3.6
    endloop
  endfacet
  facet normal -0 0 1
    outer loop
      vertex 160.425 10.728 3.6
      vertex 160.795 5.08978 3.6
      vertex 160.795 10.9102 3.6
    endloop
  endfacet
  facet normal 0 0 1
    outer loop
      vertex 160.425 10.728 3.6
      vertex 160.425 5.27202 3.6
      vertex 160.795 5.08978 3.6
    endloop
  endfacet
  facet normal -0 0 1
    outer loop
      vertex 160.082 10.4991 3.6
      vertex 160.425 5.27202 3.6
      vertex 160.425 10.728 3.6
    endloop
  endfacet
  facet normal 0 0 1
    outer loop
      vertex 160.082 10.4991 3.6
      vertex 160.082 5.50094 3.6
      vertex 160.425 5.27202 3.6
    endloop
  endfacet
  facet normal -0 0 1
    outer loop
      vertex 159.773 10.2274 3.6
      vertex 160.082 5.50094 3.6
      vertex 160.082 10.4991 3.6
    endloop
  endfacet
  facet normal 0 0 1
    outer loop
      vertex 159.773 10.2274 3.6
      vertex 159.773 5.77261 3.6
      vertex 160.082 5.50094 3.6
    endloop
  endfacet
  facet normal -0 0 1
    outer loop
      vertex 159.501 9.9176 3.6
      vertex 159.773 5.77261 3.6
      vertex 159.773 10.2274 3.6
    endloop
  endfacet
  facet normal 0 0 1
    outer loop
      vertex 159.501 9.9176 3.6
      vertex 159.501 6.0824 3.6
      vertex 159.773 5.77261 3.6
    endloop
  endfacet
  facet normal -0 0 1
    outer loop
      vertex 159.272 9.575 3.6
      vertex 159.501 6.0824 3.6
      vertex 159.501 9.9176 3.6
    endloop
  endfacet
  facet normal 0 0 1
    outer loop
      vertex 159.272 9.575 3.6
      vertex 159.272 6.425 3.6
      vertex 159.501 6.0824 3.6
    endloop
  endfacet
  facet normal -0 0 1
    outer loop
      vertex 159.09 9.20545 3.6
      vertex 159.272 6.425 3.6
      vertex 159.272 9.575 3.6
    endloop
  endfacet
  facet normal 0 0 1
    outer loop
      vertex 159.09 9.20545 3.6
      vertex 159.09 6.79455 3.6
      vertex 159.272 6.425 3.6
    endloop
  endfacet
  facet normal -0 0 1
    outer loop
      vertex 158.957 8.81528 3.6
      vertex 159.09 6.79455 3.6
      vertex 159.09 9.20545 3.6
    endloop
  endfacet
  facet normal 0 0 1
    outer loop
      vertex 158.957 8.81528 3.6
      vertex 158.957 7.18472 3.6
      vertex 159.09 6.79455 3.6
    endloop
  endfacet
  facet normal -0 0 1
    outer loop
      vertex 158.877 8.41116 3.6
      vertex 158.957 7.18472 3.6
      vertex 158.957 8.81528 3.6
    endloop
  endfacet
  facet normal 0 0 1
    outer loop
      vertex 158.877 8.41116 3.6
      vertex 158.877 7.58884 3.6
      vertex 158.957 7.18472 3.6
    endloop
  endfacet
  facet normal 0 -0 1
    outer loop
      vertex 158.877 7.58884 3.6
      vertex 158.877 8.41116 3.6
      vertex 158.85 8 3.6
    endloop
  endfacet
  facet normal 0.0654313 0.997857 -0
    outer loop
      vertex 162 4.85 3.6
      vertex 161.589 4.87695 5.6
      vertex 162 4.85 5.6
    endloop
  endfacet
  facet normal 0.0654313 0.997857 0
    outer loop
      vertex 161.589 4.87695 5.6
      vertex 162 4.85 3.6
      vertex 161.589 4.87695 3.6
    endloop
  endfacet
  facet normal -0.441852 0.897088 0
    outer loop
      vertex 163.575 5.27202 3.6
      vertex 163.205 5.08978 5.6
      vertex 163.575 5.27202 5.6
    endloop
  endfacet
  facet normal -0.441852 0.897088 0
    outer loop
      vertex 163.205 5.08978 5.6
      vertex 163.575 5.27202 3.6
      vertex 163.205 5.08978 3.6
    endloop
  endfacet
  facet normal 0.751453 0.659786 0
    outer loop
      vertex 159.773 5.77261 5.6
      vertex 159.501 6.0824 3.6
      vertex 159.501 6.0824 5.6
    endloop
  endfacet
  facet normal 0.751453 0.659786 0
    outer loop
      vertex 159.501 6.0824 3.6
      vertex 159.773 5.77261 5.6
      vertex 159.773 5.77261 3.6
    endloop
  endfacet
  facet normal -0.321576 0.946884 0
    outer loop
      vertex 163.205 5.08978 3.6
      vertex 162.815 4.95733 5.6
      vertex 163.205 5.08978 5.6
    endloop
  endfacet
  facet normal -0.321576 0.946884 0
    outer loop
      vertex 162.815 4.95733 5.6
      vertex 163.205 5.08978 3.6
      vertex 162.815 4.95733 3.6
    endloop
  endfacet
  facet normal 0.555125 0.831767 -0
    outer loop
      vertex 160.425 5.27202 3.6
      vertex 160.082 5.50094 5.6
      vertex 160.425 5.27202 5.6
    endloop
  endfacet
  facet normal 0.555125 0.831767 0
    outer loop
      vertex 160.082 5.50094 5.6
      vertex 160.425 5.27202 3.6
      vertex 160.082 5.50094 3.6
    endloop
  endfacet
  facet normal -0.195182 -0.980767 0
    outer loop
      vertex 162.411 11.1231 3.6
      vertex 162.815 11.0427 5.6
      vertex 162.411 11.1231 5.6
    endloop
  endfacet
  facet normal -0.195182 -0.980767 -0
    outer loop
      vertex 162.815 11.0427 5.6
      vertex 162.411 11.1231 3.6
      vertex 162.815 11.0427 3.6
    endloop
  endfacet
  facet normal 0.897106 -0.441816 0
    outer loop
      vertex 159.09 9.20545 5.6
      vertex 159.272 9.575 3.6
      vertex 159.272 9.575 5.6
    endloop
  endfacet
  facet normal 0.897106 -0.441816 0
    outer loop
      vertex 159.272 9.575 3.6
      vertex 159.09 9.20545 5.6
      vertex 159.09 9.20545 3.6
    endloop
  endfacet
  facet normal 0.831378 -0.555708 0
    outer loop
      vertex 159.272 9.575 5.6
      vertex 159.501 9.9176 3.6
      vertex 159.501 9.9176 5.6
    endloop
  endfacet
  facet normal 0.831378 -0.555708 0
    outer loop
      vertex 159.501 9.9176 3.6
      vertex 159.272 9.575 5.6
      vertex 159.272 9.575 3.6
    endloop
  endfacet
  facet normal 0.321144 -0.94703 0
    outer loop
      vertex 167.035 0.136292 0
      vertex 167.531 0.304489 3
      vertex 167.035 0.136292 3
    endloop
  endfacet
  facet normal 0.321144 -0.94703 0
    outer loop
      vertex 167.531 0.304489 3
      vertex 167.035 0.136292 0
      vertex 167.531 0.304489 0
    endloop
  endfacet
  facet normal -0.980789 -0.195073 0
    outer loop
      vertex 0.136292 2.96472 0
      vertex 0.0342255 3.47789 3
      vertex 0.0342255 3.47789 0
    endloop
  endfacet
  facet normal -0.980789 -0.195073 0
    outer loop
      vertex 0.0342255 3.47789 3
      vertex 0.136292 2.96472 0
      vertex 0.136292 2.96472 3
    endloop
  endfacet
  facet normal 0.195135 -0.980776 0
    outer loop
      vertex 166.522 0.0342255 0
      vertex 167.035 0.136292 3
      vertex 166.522 0.0342255 3
    endloop
  endfacet
  facet normal 0.195135 -0.980776 0
    outer loop
      vertex 167.035 0.136292 3
      vertex 166.522 0.0342255 0
      vertex 167.035 0.136292 0
    endloop
  endfacet
  facet normal 0.0654256 -0.997857 0
    outer loop
      vertex 166 0 0
      vertex 166.522 0.0342255 3
      vertex 166 0 3
    endloop
  endfacet
  facet normal 0.0654256 -0.997857 0
    outer loop
      vertex 166.522 0.0342255 3
      vertex 166 0 0
      vertex 166.522 0.0342255 0
    endloop
  endfacet
  facet normal -0.44226 0.896887 0
    outer loop
      vertex 2.46927 15.6955 0
      vertex 2 15.4641 3
      vertex 2.46927 15.6955 3
    endloop
  endfacet
  facet normal -0.44226 0.896887 0
    outer loop
      vertex 2 15.4641 3
      vertex 2.46927 15.6955 0
      vertex 2 15.4641 0
    endloop
  endfacet
  facet normal -0.555591 0.831456 0
    outer loop
      vertex 2 15.4641 0
      vertex 1.56496 15.1734 3
      vertex 2 15.4641 3
    endloop
  endfacet
  facet normal -0.555591 0.831456 0
    outer loop
      vertex 1.56496 15.1734 3
      vertex 2 15.4641 0
      vertex 1.56496 15.1734 0
    endloop
  endfacet
  facet normal 0 -1 0
    outer loop
      vertex 4 0 0
      vertex 166 0 3
      vertex 4 0 3
    endloop
  endfacet
  facet normal 0 -1 -0
    outer loop
      vertex 166 0 3
      vertex 4 0 0
      vertex 166 0 0
    endloop
  endfacet
  facet normal -0.659337 -0.751847 0
    outer loop
      vertex 1.17157 1.17157 0
      vertex 1.56496 0.826584 3
      vertex 1.17157 1.17157 3
    endloop
  endfacet
  facet normal -0.659337 -0.751847 -0
    outer loop
      vertex 1.56496 0.826584 3
      vertex 1.17157 1.17157 0
      vertex 1.56496 0.826584 0
    endloop
  endfacet
  facet normal -0.321464 -0.946922 0
    outer loop
      vertex 2.46927 0.304489 0
      vertex 2.96472 0.136292 3
      vertex 2.46927 0.304489 3
    endloop
  endfacet
  facet normal -0.321464 -0.946922 -0
    outer loop
      vertex 2.96472 0.136292 3
      vertex 2.46927 0.304489 0
      vertex 2.96472 0.136292 0
    endloop
  endfacet
  facet normal -0.195073 -0.980789 0
    outer loop
      vertex 2.96472 0.136292 0
      vertex 3.47789 0.0342255 3
      vertex 2.96472 0.136292 3
    endloop
  endfacet
  facet normal -0.195073 -0.980789 -0
    outer loop
      vertex 3.47789 0.0342255 3
      vertex 2.96472 0.136292 0
      vertex 3.47789 0.0342255 0
    endloop
  endfacet
  facet normal 0.0653771 0.997861 -0
    outer loop
      vertex 166.522 15.9658 0
      vertex 166 16 3
      vertex 166.522 15.9658 3
    endloop
  endfacet
  facet normal 0.0653771 0.997861 0
    outer loop
      vertex 166 16 3
      vertex 166.522 15.9658 0
      vertex 166 16 0
    endloop
  endfacet
  facet normal 0 1 -0
    outer loop
      vertex 166 16 0
      vertex 4 16 3
      vertex 166 16 3
    endloop
  endfacet
  facet normal 0 1 0
    outer loop
      vertex 4 16 3
      vertex 166 16 0
      vertex 4 16 0
    endloop
  endfacet
  facet normal 1 -0 0
    outer loop
      vertex 170 4 3
      vertex 170 12 0
      vertex 170 12 3
    endloop
  endfacet
  facet normal 1 0 0
    outer loop
      vertex 170 12 0
      vertex 170 4 3
      vertex 170 4 0
    endloop
  endfacet
  facet normal 0.555626 0.831432 -0
    outer loop
      vertex 168.435 15.1734 0
      vertex 168 15.4641 3
      vertex 168.435 15.1734 3
    endloop
  endfacet
  facet normal 0.555626 0.831432 0
    outer loop
      vertex 168 15.4641 3
      vertex 168.435 15.1734 0
      vertex 168 15.4641 0
    endloop
  endfacet
  facet normal -0.0654119 -0.997858 0
    outer loop
      vertex 3.47789 0.0342255 0
      vertex 4 0 3
      vertex 3.47789 0.0342255 3
    endloop
  endfacet
  facet normal -0.0654119 -0.997858 -0
    outer loop
      vertex 4 0 3
      vertex 3.47789 0.0342255 0
      vertex 4 0 0
    endloop
  endfacet
  facet normal -0.0653634 0.997862 0
    outer loop
      vertex 4 16 0
      vertex 3.47789 15.9658 3
      vertex 4 16 3
    endloop
  endfacet
  facet normal -0.0653634 0.997862 0
    outer loop
      vertex 3.47789 15.9658 3
      vertex 4 16 0
      vertex 3.47789 15.9658 0
    endloop
  endfacet
  facet normal 0.947026 0.321156 0
    outer loop
      vertex 169.864 13.0353 3
      vertex 169.696 13.5307 0
      vertex 169.696 13.5307 3
    endloop
  endfacet
  facet normal 0.947026 0.321156 0
    outer loop
      vertex 169.696 13.5307 0
      vertex 169.864 13.0353 3
      vertex 169.864 13.0353 0
    endloop
  endfacet
  facet normal -0.831474 -0.555564 0
    outer loop
      vertex 0.826584 1.56496 0
      vertex 0.535904 2 3
      vertex 0.535904 2 0
    endloop
  endfacet
  facet normal -0.831474 -0.555564 0
    outer loop
      vertex 0.535904 2 3
      vertex 0.826584 1.56496 0
      vertex 0.826584 1.56496 3
    endloop
  endfacet
  facet normal -1 0 0
    outer loop
      vertex 0 4 0
      vertex 0 12 3
      vertex 0 12 0
    endloop
  endfacet
  facet normal -1 -0 0
    outer loop
      vertex 0 12 3
      vertex 0 4 0
      vertex 0 4 3
    endloop
  endfacet
  facet normal -0.195135 0.980776 0
    outer loop
      vertex 3.47789 15.9658 0
      vertex 2.96472 15.8637 3
      vertex 3.47789 15.9658 3
    endloop
  endfacet
  facet normal -0.195135 0.980776 0
    outer loop
      vertex 2.96472 15.8637 3
      vertex 3.47789 15.9658 0
      vertex 2.96472 15.8637 0
    endloop
  endfacet
  facet normal 0.980813 -0.194951 0
    outer loop
      vertex 169.864 2.96472 3
      vertex 169.966 3.47789 0
      vertex 169.966 3.47789 3
    endloop
  endfacet
  facet normal 0.980813 -0.194951 0
    outer loop
      vertex 169.966 3.47789 0
      vertex 169.864 2.96472 3
      vertex 169.864 2.96472 0
    endloop
  endfacet
  facet normal 0.195197 0.980764 -0
    outer loop
      vertex 167.035 15.8637 0
      vertex 166.522 15.9658 3
      vertex 167.035 15.8637 3
    endloop
  endfacet
  facet normal 0.195197 0.980764 0
    outer loop
      vertex 166.522 15.9658 3
      vertex 167.035 15.8637 0
      vertex 166.522 15.9658 0
    endloop
  endfacet
  facet normal -0.659353 0.751834 0
    outer loop
      vertex 1.56496 15.1734 0
      vertex 1.17157 14.8284 3
      vertex 1.56496 15.1734 3
    endloop
  endfacet
  facet normal -0.659353 0.751834 0
    outer loop
      vertex 1.17157 14.8284 3
      vertex 1.56496 15.1734 0
      vertex 1.17157 14.8284 0
    endloop
  endfacet
  facet normal -0.980791 0.195062 0
    outer loop
      vertex 0.0342255 12.5221 0
      vertex 0.136292 13.0353 3
      vertex 0.136292 13.0353 0
    endloop
  endfacet
  facet normal -0.980791 0.195062 0
    outer loop
      vertex 0.136292 13.0353 3
      vertex 0.0342255 12.5221 0
      vertex 0.0342255 12.5221 3
    endloop
  endfacet
  facet normal -0.946912 0.321493 0
    outer loop
      vertex 0.136292 13.0353 0
      vertex 0.304489 13.5307 3
      vertex 0.304489 13.5307 0
    endloop
  endfacet
  facet normal -0.946912 0.321493 0
    outer loop
      vertex 0.304489 13.5307 3
      vertex 0.136292 13.0353 0
      vertex 0.136292 13.0353 3
    endloop
  endfacet
  facet normal -0.997858 0.0654131 0
    outer loop
      vertex 0 12 0
      vertex 0.0342255 12.5221 3
      vertex 0.0342255 12.5221 0
    endloop
  endfacet
  facet normal -0.997858 0.0654131 0
    outer loop
      vertex 0.0342255 12.5221 3
      vertex 0 12 0
      vertex 0 12 3
    endloop
  endfacet
  facet normal 0.831191 -0.555987 0
    outer loop
      vertex 169.173 1.56496 3
      vertex 169.464 2 0
      vertex 169.464 2 3
    endloop
  endfacet
  facet normal 0.831191 -0.555987 0
    outer loop
      vertex 169.464 2 0
      vertex 169.173 1.56496 3
      vertex 169.173 1.56496 0
    endloop
  endfacet
  facet normal -0.997858 -0.0654119 0
    outer loop
      vertex 0.0342255 3.47789 0
      vertex 0 4 3
      vertex 0 4 0
    endloop
  endfacet
  facet normal -0.997858 -0.0654119 0
    outer loop
      vertex 0 4 3
      vertex 0.0342255 3.47789 0
      vertex 0.0342255 3.47789 3
    endloop
  endfacet
  facet normal -0.321469 0.94692 0
    outer loop
      vertex 2.96472 15.8637 0
      vertex 2.46927 15.6955 3
      vertex 2.96472 15.8637 3
    endloop
  endfacet
  facet normal -0.321469 0.94692 0
    outer loop
      vertex 2.46927 15.6955 3
      vertex 2.96472 15.8637 0
      vertex 2.46927 15.6955 0
    endloop
  endfacet
  facet normal -0.896886 0.442261 0
    outer loop
      vertex 0.304489 13.5307 0
      vertex 0.535904 14 3
      vertex 0.535904 14 0
    endloop
  endfacet
  facet normal -0.896886 0.442261 0
    outer loop
      vertex 0.535904 14 3
      vertex 0.304489 13.5307 0
      vertex 0.304489 13.5307 3
    endloop
  endfacet
  facet normal 0.751842 0.659343 0
    outer loop
      vertex 169.173 14.435 3
      vertex 168.828 14.8284 0
      vertex 168.828 14.8284 3
    endloop
  endfacet
  facet normal 0.751842 0.659343 0
    outer loop
      vertex 168.828 14.8284 0
      vertex 169.173 14.435 3
      vertex 169.173 14.435 0
    endloop
  endfacet
  facet normal 0.751834 -0.659353 0
    outer loop
      vertex 168.828 1.17157 3
      vertex 169.173 1.56496 0
      vertex 169.173 1.56496 3
    endloop
  endfacet
  facet normal 0.751834 -0.659353 0
    outer loop
      vertex 169.173 1.56496 0
      vertex 168.828 1.17157 3
      vertex 168.828 1.17157 0
    endloop
  endfacet
  facet normal -0.946922 -0.321464 0
    outer loop
      vertex 0.304489 2.46927 0
      vertex 0.136292 2.96472 3
      vertex 0.136292 2.96472 0
    endloop
  endfacet
  facet normal -0.946922 -0.321464 0
    outer loop
      vertex 0.136292 2.96472 3
      vertex 0.304489 2.46927 0
      vertex 0.304489 2.46927 3
    endloop
  endfacet
  facet normal 0 0 -1
    outer loop
      vertex 166 0 0
      vertex 170 4 0
      vertex 169.966 3.47789 0
    endloop
  endfacet
  facet normal -0 0 -1
    outer loop
      vertex 170 4 0
      vertex 166 0 0
      vertex 170 12 0
    endloop
  endfacet
  facet normal 0 0 -1
    outer loop
      vertex 166 0 0
      vertex 169.966 3.47789 0
      vertex 169.864 2.96472 0
    endloop
  endfacet
  facet normal 0 0 -1
    outer loop
      vertex 166 16 0
      vertex 170 12 0
      vertex 166 0 0
    endloop
  endfacet
  facet normal 0 0 -1
    outer loop
      vertex 166 0 0
      vertex 169.864 2.96472 0
      vertex 169.696 2.46927 0
    endloop
  endfacet
  facet normal 0 0 -1
    outer loop
      vertex 170 12 0
      vertex 166 16 0
      vertex 169.966 12.5221 0
    endloop
  endfacet
  facet normal 0 0 -1
    outer loop
      vertex 166 0 0
      vertex 169.696 2.46927 0
      vertex 169.464 2 0
    endloop
  endfacet
  facet normal 0 0 -1
    outer loop
      vertex 169.966 12.5221 0
      vertex 166 16 0
      vertex 169.864 13.0353 0
    endloop
  endfacet
  facet normal 0 0 -1
    outer loop
      vertex 166 0 0
      vertex 169.464 2 0
      vertex 169.173 1.56496 0
    endloop
  endfacet
  facet normal 0 0 -1
    outer loop
      vertex 169.864 13.0353 0
      vertex 166 16 0
      vertex 169.696 13.5307 0
    endloop
  endfacet
  facet normal 0 0 -1
    outer loop
      vertex 166 0 0
      vertex 169.173 1.56496 0
      vertex 168.828 1.17157 0
    endloop
  endfacet
  facet normal 0 0 -1
    outer loop
      vertex 169.696 13.5307 0
      vertex 166 16 0
      vertex 169.464 14 0
    endloop
  endfacet
  facet normal 0 0 -1
    outer loop
      vertex 166 0 0
      vertex 168.828 1.17157 0
      vertex 168.435 0.826584 0
    endloop
  endfacet
  facet normal 0 0 -1
    outer loop
      vertex 169.464 14 0
      vertex 166 16 0
      vertex 169.173 14.435 0
    endloop
  endfacet
  facet normal 0 0 -1
    outer loop
      vertex 166 0 0
      vertex 168.435 0.826584 0
      vertex 168 0.535904 0
    endloop
  endfacet
  facet normal 0 0 -1
    outer loop
      vertex 169.173 14.435 0
      vertex 166 16 0
      vertex 168.828 14.8284 0
    endloop
  endfacet
  facet normal 0 0 -1
    outer loop
      vertex 166 0 0
      vertex 168 0.535904 0
      vertex 167.531 0.304489 0
    endloop
  endfacet
  facet normal 0 0 -1
    outer loop
      vertex 168.828 14.8284 0
      vertex 166 16 0
      vertex 168.435 15.1734 0
    endloop
  endfacet
  facet normal 0 0 -1
    outer loop
      vertex 166 0 0
      vertex 167.531 0.304489 0
      vertex 167.035 0.136292 0
    endloop
  endfacet
  facet normal 0 0 -1
    outer loop
      vertex 168.435 15.1734 0
      vertex 166 16 0
      vertex 168 15.4641 0
    endloop
  endfacet
  facet normal 0 0 -1
    outer loop
      vertex 166 0 0
      vertex 167.035 0.136292 0
      vertex 166.522 0.0342255 0
    endloop
  endfacet
  facet normal 0 0 -1
    outer loop
      vertex 168 15.4641 0
      vertex 166 16 0
      vertex 167.531 15.6955 0
    endloop
  endfacet
  facet normal 0 0 -1
    outer loop
      vertex 167.531 15.6955 0
      vertex 166 16 0
      vertex 167.035 15.8637 0
    endloop
  endfacet
  facet normal 0 0 -1
    outer loop
      vertex 167.035 15.8637 0
      vertex 166 16 0
      vertex 166.522 15.9658 0
    endloop
  endfacet
  facet normal 0 0 -1
    outer loop
      vertex 4 0 0
      vertex 166 16 0
      vertex 166 0 0
    endloop
  endfacet
  facet normal 0 0 -1
    outer loop
      vertex 4 0 0
      vertex 4 16 0
      vertex 166 16 0
    endloop
  endfacet
  facet normal 0 0 -1
    outer loop
      vertex 0 4 0
      vertex 4 0 0
      vertex 3.47789 0.0342255 0
    endloop
  endfacet
  facet normal 0 0 -1
    outer loop
      vertex 4 0 0
      vertex 0 4 0
      vertex 4 16 0
    endloop
  endfacet
  facet normal 0 0 -1
    outer loop
      vertex 0 4 0
      vertex 3.47789 0.0342255 0
      vertex 2.96472 0.136292 0
    endloop
  endfacet
  facet normal 0 0 -1
    outer loop
      vertex 0 12 0
      vertex 4 16 0
      vertex 0 4 0
    endloop
  endfacet
  facet normal 0 0 -1
    outer loop
      vertex 0 4 0
      vertex 2.96472 0.136292 0
      vertex 2.46927 0.304489 0
    endloop
  endfacet
  facet normal 0 0 -1
    outer loop
      vertex 4 16 0
      vertex 0 12 0
      vertex 3.47789 15.9658 0
    endloop
  endfacet
  facet normal 0 0 -1
    outer loop
      vertex 0 4 0
      vertex 2.46927 0.304489 0
      vertex 2 0.535904 0
    endloop
  endfacet
  facet normal 0 0 -1
    outer loop
      vertex 3.47789 15.9658 0
      vertex 0 12 0
      vertex 2.96472 15.8637 0
    endloop
  endfacet
  facet normal 0 0 -1
    outer loop
      vertex 0 4 0
      vertex 2 0.535904 0
      vertex 1.56496 0.826584 0
    endloop
  endfacet
  facet normal 0 0 -1
    outer loop
      vertex 2.96472 15.8637 0
      vertex 0 12 0
      vertex 2.46927 15.6955 0
    endloop
  endfacet
  facet normal 0 0 -1
    outer loop
      vertex 0 4 0
      vertex 1.56496 0.826584 0
      vertex 1.17157 1.17157 0
    endloop
  endfacet
  facet normal 0 0 -1
    outer loop
      vertex 2.46927 15.6955 0
      vertex 0 12 0
      vertex 2 15.4641 0
    endloop
  endfacet
  facet normal 0 0 -1
    outer loop
      vertex 0 4 0
      vertex 1.17157 1.17157 0
      vertex 0.826584 1.56496 0
    endloop
  endfacet
  facet normal 0 0 -1
    outer loop
      vertex 2 15.4641 0
      vertex 0 12 0
      vertex 1.56496 15.1734 0
    endloop
  endfacet
  facet normal 0 0 -1
    outer loop
      vertex 0 4 0
      vertex 0.826584 1.56496 0
      vertex 0.535904 2 0
    endloop
  endfacet
  facet normal 0 0 -1
    outer loop
      vertex 1.56496 15.1734 0
      vertex 0 12 0
      vertex 1.17157 14.8284 0
    endloop
  endfacet
  facet normal 0 0 -1
    outer loop
      vertex 0 4 0
      vertex 0.535904 2 0
      vertex 0.304489 2.46927 0
    endloop
  endfacet
  facet normal 0 0 -1
    outer loop
      vertex 1.17157 14.8284 0
      vertex 0 12 0
      vertex 0.826584 14.435 0
    endloop
  endfacet
  facet normal 0 0 -1
    outer loop
      vertex 0 4 0
      vertex 0.304489 2.46927 0
      vertex 0.136292 2.96472 0
    endloop
  endfacet
  facet normal 0 0 -1
    outer loop
      vertex 0.826584 14.435 0
      vertex 0 12 0
      vertex 0.535904 14 0
    endloop
  endfacet
  facet normal 0 0 -1
    outer loop
      vertex 0 4 0
      vertex 0.136292 2.96472 0
      vertex 0.0342255 3.47789 0
    endloop
  endfacet
  facet normal 0 0 -1
    outer loop
      vertex 0.535904 14 0
      vertex 0 12 0
      vertex 0.304489 13.5307 0
    endloop
  endfacet
  facet normal 0 0 -1
    outer loop
      vertex 0.304489 13.5307 0
      vertex 0 12 0
      vertex 0.136292 13.0353 0
    endloop
  endfacet
  facet normal 0 0 -1
    outer loop
      vertex 0.136292 13.0353 0
      vertex 0 12 0
      vertex 0.0342255 12.5221 0
    endloop
  endfacet
  facet normal 0.659722 0.75151 -0
    outer loop
      vertex 168.828 14.8284 0
      vertex 168.435 15.1734 3
      vertex 168.828 14.8284 3
    endloop
  endfacet
  facet normal 0.659722 0.75151 0
    outer loop
      vertex 168.435 15.1734 3
      vertex 168.828 14.8284 0
      vertex 168.435 15.1734 0
    endloop
  endfacet
  facet normal 0.442465 0.896786 -0
    outer loop
      vertex 168 15.4641 0
      vertex 167.531 15.6955 3
      vertex 168 15.4641 3
    endloop
  endfacet
  facet normal 0.442465 0.896786 0
    outer loop
      vertex 167.531 15.6955 3
      vertex 168 15.4641 0
      vertex 167.531 15.6955 0
    endloop
  endfacet
  facet normal -0.751847 -0.659337 0
    outer loop
      vertex 1.17157 1.17157 0
      vertex 0.826584 1.56496 3
      vertex 0.826584 1.56496 0
    endloop
  endfacet
  facet normal -0.751847 -0.659337 0
    outer loop
      vertex 0.826584 1.56496 3
      vertex 1.17157 1.17157 0
      vertex 1.17157 1.17157 3
    endloop
  endfacet
  facet normal 0.997886 -0.0649827 0
    outer loop
      vertex 169.966 3.47789 3
      vertex 170 4 0
      vertex 170 4 3
    endloop
  endfacet
  facet normal 0.997886 -0.0649827 0
    outer loop
      vertex 170 4 0
      vertex 169.966 3.47789 3
      vertex 169.966 3.47789 0
    endloop
  endfacet
  facet normal -0.751855 0.659328 0
    outer loop
      vertex 0.826584 14.435 0
      vertex 1.17157 14.8284 3
      vertex 1.17157 14.8284 0
    endloop
  endfacet
  facet normal -0.751855 0.659328 0
    outer loop
      vertex 1.17157 14.8284 3
      vertex 0.826584 14.435 0
      vertex 0.826584 14.435 3
    endloop
  endfacet
  facet normal 0.896443 0.443159 0
    outer loop
      vertex 169.696 13.5307 3
      vertex 169.464 14 0
      vertex 169.464 14 3
    endloop
  endfacet
  facet normal 0.896443 0.443159 0
    outer loop
      vertex 169.464 14 0
      vertex 169.696 13.5307 3
      vertex 169.696 13.5307 0
    endloop
  endfacet
  facet normal -0.442284 -0.896875 0
    outer loop
      vertex 2 0.535904 0
      vertex 2.46927 0.304489 3
      vertex 2 0.535904 3
    endloop
  endfacet
  facet normal -0.442284 -0.896875 -0
    outer loop
      vertex 2.46927 0.304489 3
      vertex 2 0.535904 0
      vertex 2.46927 0.304489 0
    endloop
  endfacet
  facet normal 0.980815 0.19494 0
    outer loop
      vertex 169.966 12.5221 3
      vertex 169.864 13.0353 0
      vertex 169.864 13.0353 3
    endloop
  endfacet
  facet normal 0.980815 0.19494 0
    outer loop
      vertex 169.864 13.0353 0
      vertex 169.966 12.5221 3
      vertex 169.966 12.5221 0
    endloop
  endfacet
  facet normal -0.896875 -0.442284 0
    outer loop
      vertex 0.535904 2 0
      vertex 0.304489 2.46927 3
      vertex 0.304489 2.46927 0
    endloop
  endfacet
  facet normal -0.896875 -0.442284 0
    outer loop
      vertex 0.304489 2.46927 3
      vertex 0.535904 2 0
      vertex 0.535904 2 3
    endloop
  endfacet
  facet normal -0.83145 0.5556 0
    outer loop
      vertex 0.535904 14 0
      vertex 0.826584 14.435 3
      vertex 0.826584 14.435 0
    endloop
  endfacet
  facet normal -0.83145 0.5556 0
    outer loop
      vertex 0.826584 14.435 3
      vertex 0.535904 14 0
      vertex 0.535904 14 3
    endloop
  endfacet
  facet normal 0.659707 -0.751523 0
    outer loop
      vertex 168.435 0.826584 0
      vertex 168.828 1.17157 3
      vertex 168.435 0.826584 3
    endloop
  endfacet
  facet normal 0.659707 -0.751523 0
    outer loop
      vertex 168.828 1.17157 3
      vertex 168.435 0.826584 0
      vertex 168.828 1.17157 0
    endloop
  endfacet
  facet normal -0.555564 -0.831474 0
    outer loop
      vertex 1.56496 0.826584 0
      vertex 2 0.535904 3
      vertex 1.56496 0.826584 3
    endloop
  endfacet
  facet normal -0.555564 -0.831474 -0
    outer loop
      vertex 2 0.535904 3
      vertex 1.56496 0.826584 0
      vertex 2 0.535904 0
    endloop
  endfacet
  facet normal 0.947036 -0.321126 0
    outer loop
      vertex 169.696 2.46927 3
      vertex 169.864 2.96472 0
      vertex 169.864 2.96472 3
    endloop
  endfacet
  facet normal 0.947036 -0.321126 0
    outer loop
      vertex 169.864 2.96472 0
      vertex 169.696 2.46927 3
      vertex 169.696 2.46927 0
    endloop
  endfacet
  facet normal 0.32115 0.947028 -0
    outer loop
      vertex 167.531 15.6955 0
      vertex 167.035 15.8637 3
      vertex 167.531 15.6955 3
    endloop
  endfacet
  facet normal 0.32115 0.947028 0
    outer loop
      vertex 167.035 15.8637 3
      vertex 167.531 15.6955 0
      vertex 167.035 15.8637 0
    endloop
  endfacet
  facet normal 0.997886 0.064984 0
    outer loop
      vertex 170 12 3
      vertex 169.966 12.5221 0
      vertex 169.966 12.5221 3
    endloop
  endfacet
  facet normal 0.997886 0.064984 0
    outer loop
      vertex 169.966 12.5221 0
      vertex 170 12 3
      vertex 170 12 0
    endloop
  endfacet
  facet normal 0.831167 0.556022 0
    outer loop
      vertex 169.464 14 3
      vertex 169.173 14.435 0
      vertex 169.173 14.435 3
    endloop
  endfacet
  facet normal 0.831167 0.556022 0
    outer loop
      vertex 169.173 14.435 0
      vertex 169.464 14 3
      vertex 169.464 14 0
    endloop
  endfacet
  facet normal 0.896432 -0.443182 0
    outer loop
      vertex 169.464 2 3
      vertex 169.696 2.46927 0
      vertex 169.696 2.46927 3
    endloop
  endfacet
  facet normal 0.896432 -0.443182 0
    outer loop
      vertex 169.696 2.46927 0
      vertex 169.464 2 3
      vertex 169.464 2 0
    endloop
  endfacet
  facet normal 0.5556 -0.83145 0
    outer loop
      vertex 168 0.535904 0
      vertex 168.435 0.826584 3
      vertex 168 0.535904 3
    endloop
  endfacet
  facet normal 0.5556 -0.83145 0
    outer loop
      vertex 168.435 0.826584 3
      vertex 168 0.535904 0
      vertex 168.435 0.826584 0
    endloop
  endfacet
  facet normal 0.442488 -0.896774 0
    outer loop
      vertex 167.531 0.304489 0
      vertex 168 0.535904 3
      vertex 167.531 0.304489 3
    endloop
  endfacet
  facet normal 0.442488 -0.896774 0
    outer loop
      vertex 168 0.535904 3
      vertex 167.531 0.304489 0
      vertex 168 0.535904 0
    endloop
  endfacet
endsolid OpenSCAD_Model
